INTERACTIVE=false GDB=false PAUSE_ON_FAILURE=false
+++ '[' true = true ']'
+++ smoke_setenv ASAN_OPTIONS disable_coredump=0
+++ export ASAN_OPTIONS=disable_coredump=0
+++ ASAN_OPTIONS=disable_coredump=0
+++ '[' false = true ']'
+++ '[' false = false ']'
+++ grout_extra_options+=' -t'
+++ smoke_setenv GROUT_MAX_IFACES 64
+++ export GROUT_MAX_IFACES=64
+++ GROUT_MAX_IFACES=64
+++ '[' false = true ']'
+++ smoke_setenv GROUT_MEMPOOL_CHUNK_SIZE 2047
+++ export GROUT_MEMPOOL_CHUNK_SIZE=2047
+++ GROUT_MEMPOOL_CHUNK_SIZE=2047
+++ '[' false = true ']'
+++ smoke_setenv GROUT_MAX_NEXTHOPS 128
+++ export GROUT_MAX_NEXTHOPS=128
+++ GROUT_MAX_NEXTHOPS=128
+++ '[' false = true ']'
+++ smoke_setenv GROUT_MAX_ROUTES 128
+++ export GROUT_MAX_ROUTES=128
+++ GROUT_MAX_ROUTES=128
+++ '[' false = true ']'
+++ smoke_setenv GROUT_MAX_FDB_ENTRIES 128
+++ export GROUT_MAX_FDB_ENTRIES=128
+++ GROUT_MAX_FDB_ENTRIES=128
+++ '[' false = true ']'
+++ smoke_setenv GROUT_MAX_CONNTRACKS 32
+++ export GROUT_MAX_CONNTRACKS=32
+++ GROUT_MAX_CONNTRACKS=32
+++ '[' false = true ']'
+++ smoke_setenv GROUT_PORT_QUEUE_SIZE 32
+++ export GROUT_PORT_QUEUE_SIZE=32
+++ GROUT_PORT_QUEUE_SIZE=32
+++ '[' false = true ']'
+++ : ''
+++ [[ -n '' ]]
+++ : ''
+++ [[ -n '' ]]
++++ nproc
+++ cpu=5
+++ affinity=5,6
+++ local_grout_cmd='taskset -c 5,6 grout -m 0666 -t'
+++ '[' false = true ']'
+++ '[' -t 1 ']'
+++ grout_pid=397622
+++ taskset -c 5,6 grout -m 0666 -t
+++ '[' false = true ']'
+++ SECONDS=0
+++ socat FILE:/dev/null UNIX-CONNECT:/tmp/tmp.kCeOhDfbvG/grout.sock
+++ '[' 0 -gt 30 ']'
+++ kill -0 397622
+++ sleep 1
NOTICE: MAIN: main: starting grout version v0.17.1-4-g845c2591
NOTICE: MAIN: main: License available at https://git.dpdk.org/apps/grout/plain/licenses/BSD-3-clause.txt
NOTICE: GRAPH: gr_datapath_loop: [CPU 6] starting tid=397627
NOTICE: MAIN: metrics_thread: openmetrics exporter listening on tcp: :::9111
+++ socat FILE:/dev/null UNIX-CONNECT:/tmp/tmp.kCeOhDfbvG/grout.sock
+++ smoke_setenv GROUT_PAGER ''
+++ export GROUT_PAGER=
+++ GROUT_PAGER=
+++ '[' false = true ']'
+++ case "$grout_verbose_level" in
+++ grcli log level set 'grout*:debug'
DEBUG: API: read_cb: pid=397635 id=2 req_type=0xcafe1984 (GR_LOG_LEVEL_SET) req_len=68 status=0 (Success) resp_len=0
DEBUG: API: disconnect_client: client pid=397635 disconnected
+++ '[' true = true ']'
+++ grcli log packets enable
DEBUG: API: accept_conn_cb: new connection fd=21 pid=397636
DEBUG: API: read_cb: pid=397636 id=1 req_type=0xcafe1981 (GR_HELLO) req_len=132 status=0 (Success) resp_len=2
DEBUG: API: read_cb: pid=397636 id=2 req_type=0xcafe1982 (GR_LOG_PACKETS_SET) req_len=1 status=0 (Success) resp_len=0
DEBUG: API: disconnect_client: client pid=397636 disconnected
+++ grcli trace enable all
INFO: PORT: link_event_cb: [CPU 6] worker max sleep 1000us
DEBUG: API: accept_conn_cb: new connection fd=21 pid=397637
DEBUG: API: read_cb: pid=397637 id=1 req_type=0xcafe1981 (GR_HELLO) req_len=132 status=0 (Success) resp_len=2
DEBUG: API: read_cb: pid=397637 id=2 req_type=0xacdc0010 (GR_PACKET_TRACE_SET) req_len=4 status=0 (Success) resp_len=0
DEBUG: API: disconnect_client: client pid=397637 disconnected
+++ _start_events_stream
+++ case "${follow_events:-true}" in
+++ '[' -t 1 ']'
+++ grcli events
+++ __event_mark=0
+++ tee /tmp/tmp.kCeOhDfbvG/events.log
+++ __event_mark=0
+++ '[' false = true ']'
++ '[' true = true ']'
++ '[' true = true ']'
++ chmod 0777 /tmp/tmp.kCeOhDfbvG
++ '[' -n build/ ']'
++ smoke_setenv PATH build//frr_install/sbin:build//frr_install/bin:build/:/usr/local/sbin:/usr/local/bin:/usr/sbin:/usr/bin:/sbin:/bin:/var/lib/snapd/snap/bin
++ export PATH=build//frr_install/sbin:build//frr_install/bin:build/:/usr/local/sbin:/usr/local/bin:/usr/sbin:/usr/bin:/sbin:/bin:/var/lib/snapd/snap/bin
++ PATH=build//frr_install/sbin:build//frr_install/bin:build/:/usr/local/sbin:/usr/local/bin:/usr/sbin:/usr/bin:/sbin:/bin:/var/lib/snapd/snap/bin
++ '[' false = true ']'
++ for d in etc/frr var/log/frr var/run/frr var/lib/frr
++ mkdir -p build//frr_install/etc/frr
++ mount -t tmpfs -o mode=1777 tmpfs build//frr_install/etc/frr
++ for d in etc/frr var/log/frr var/run/frr var/lib/frr
++ mkdir -p build//frr_install/var/log/frr
++ mount -t tmpfs -o mode=1777 tmpfs build//frr_install/var/log/frr
++ for d in etc/frr var/log/frr var/run/frr var/lib/frr
++ mkdir -p build//frr_install/var/run/frr
++ mount -t tmpfs -o mode=1777 tmpfs build//frr_install/var/run/frr
++ for d in etc/frr var/log/frr var/run/frr var/lib/frr
++ mkdir -p build//frr_install/var/lib/frr
++ mount -t tmpfs -o mode=1777 tmpfs build//frr_install/var/lib/frr
++ start_frr '' 1
++ local namespace=
++ local use_grout=1
++ local frr_etc=build//frr_install/etc/frr
++ local frr_logdir=build//frr_install/var/log/frr
++ local conf_dir daemons_file frrconf_file frr_global_opts
++ local 'zebra_options=-s 90000000'
++ mkdir -p build//frr_install/etc/frr
++ mkdir -p build//frr_install/var/log/frr
++ conf_dir=build//frr_install/etc/frr
++ frr_log=build//frr_install/var/log/frr/frr-grout.log
++ mkdir -p build//frr_install/etc/frr
++ touch build//frr_install/etc/frr/vtysh.conf
++ daemons_file=build//frr_install/etc/frr/daemons
++ frrconf_file=build//frr_install/etc/frr/frr.conf
++ frr_global_opts='-A 127.0.0.1 --log file:build//frr_install/var/log/frr/frr-grout.log'
++ '[' 1 = 1 ']'
++ zebra_options='-s 90000000 -M dplane_grout'
++ cat
++ '[' -n '' ']'
++ '[' -n '' ']'
++ cat
++ rm -f build//frr_install/var/log/frr/frr-grout.log
++ touch build//frr_install/var/log/frr/frr-grout.log
++ local sed_expr color
++ '[' -n '' ']'
++ sed_expr='s,^[0-9]{4}/[0-9]{2}/[0-9]{2} [0-9]{2}:[0-9]{2}:[0-9]{2} ,,'
++ color='\033[35m'
++ '[' -t 1 ']'
++ local tailpid=397657
++ '[' -n '' ']'
++ cat
++ tail -F build//frr_install/var/log/frr/frr-grout.log
++ sed -u -E 's,^[0-9]{4}/[0-9]{2}/[0-9]{2} [0-9]{2}:[0-9]{2}:[0-9]{2} ,,'
++ '[' -n '' ']'
++ frrinit.sh start
DEBUG: API: accept_conn_cb: new connection fd=21 pid=397638
DEBUG: API: read_cb: pid=397638 id=1 req_type=0xcafe1981 (GR_HELLO) req_len=132 status=0 (Success) resp_len=2
DEBUG: API: read_cb: pid=397638 id=2 req_type=0xcafe1985 (GR_EVENT_SUBSCRIBE) req_len=8 status=0 (Success) resp_len=0
Starting watchfrr with command: '  /home/apanatto/dev/github.com/DPDK/grout/build/frr_install/sbin/watchfrr  -d   mgmtd zebra bfdd bgpd ospfd ospf6d isisd staticd'
2026/08/24 17:33:59 WATCHFRR: [YDG3W-JND95] FD Limit set: 524288 is stupidly large.  Is this what you intended?  Consider using --limit-fds also limiting size to 100000
Unable to set log file: build//frr_install/var/log/frr/frr-grout.log
2026/08/24 17:33:59 MGMTD: [YDG3W-JND95] FD Limit set: 524288 is stupidly large.  Is this what you intended?  Consider using --limit-fds also limiting size to 100000
MGMTD: [YDG3W-JND95] FD Limit set: 524288 is stupidly large.  Is this what you intended?  Consider using --limit-fds also limiting size to 100000
MGMTD: [T83RR-8SM5G] mgmtd 10.6.1 starting: vty@2623
MGMTD: [RQT05-4D0H5][EC 100663319] vty_open_config: failed to open configuration file /home/apanatto/dev/github.com/DPDK/grout/build/frr_install/etc/frr//zebra.conf: No such file or directory, checking backup
Unable to set log file: build//frr_install/var/log/frr/frr-grout.log
MGMTD: [VDWX6-W8CNF][EC 100663304] vty_open_config: can't open configuration file [/home/apanatto/dev/github.com/DPDK/grout/build/frr_install/etc/frr//zebra.conf]
MGMTD: [RQT05-4D0H5][EC 100663319] vty_open_config: failed to open configuration file /home/apanatto/dev/github.com/DPDK/grout/build/frr_install/etc/frr//staticd.conf: No such file or directory, checking backup
MGMTD: [VDWX6-W8CNF][EC 100663304] vty_open_config: can't open configuration file [/home/apanatto/dev/github.com/DPDK/grout/build/frr_install/etc/frr//staticd.conf]
MGMTD: [RQT05-4D0H5][EC 100663319] vty_open_config: failed to open configuration file /home/apanatto/dev/github.com/DPDK/grout/build/frr_install/etc/frr//mgmtd.conf: No such file or directory, checking backup
MGMTD: [VDWX6-W8CNF][EC 100663304] vty_open_config: can't open configuration file [/home/apanatto/dev/github.com/DPDK/grout/build/frr_install/etc/frr//mgmtd.conf]
2026/08/24 17:33:59 ZEBRA: [YDG3W-JND95] FD Limit set: 524288 is stupidly large.  Is this what you intended?  Consider using --limit-fds also limiting size to 100000
ZEBRA: [YDG3W-JND95] FD Limit set: 524288 is stupidly large.  Is this what you intended?  Consider using --limit-fds also limiting size to 100000
MGMTD: [G7SRG-ASAYW] mgmtd: finished reading config files
MGMTD: [TKR4Z-MFN07] Backend daemon: mgmtd registers with mgmtd (client-id: 0)
2026/08/24 17:33:59 ZEBRA: [QBKSZ-0KHCW][EC 4043309138] Disabling MPLS support (no kernel support)
ZEBRA: [QBKSZ-0KHCW][EC 4043309138] Disabling MPLS support (no kernel support)
2026/08/24 17:33:59 ZEBRA: [YDG3W-JND95] FD Limit set: 524288 is stupidly large.  Is this what you intended?  Consider using --limit-fds also limiting size to 100000
ZEBRA: [YDG3W-JND95] FD Limit set: 524288 is stupidly large.  Is this what you intended?  Consider using --limit-fds also limiting size to 100000
2026/08/24 17:33:59 ZEBRA: [YDG3W-JND95] FD Limit set: 524288 is stupidly large.  Is this what you intended?  Consider using --limit-fds also limiting size to 100000
ZEBRA: [YDG3W-JND95] FD Limit set: 524288 is stupidly large.  Is this what you intended?  Consider using --limit-fds also limiting size to 100000
ZEBRA: [T83RR-8SM5G] zebra 10.6.1 starting: vty@2601
DEBUG: API: accept_conn_cb: new connection fd=22 pid=397682
DEBUG: API: read_cb: pid=397682 id=1 req_type=0xcafe1981 (GR_HELLO) req_len=132 status=0 (Success) resp_len=2
DEBUG: API: accept_conn_cb: new connection fd=23 pid=397682
DEBUG: API: read_cb: pid=397682 id=2 req_type=0xcafe1981 (GR_HELLO) req_len=132 status=0 (Success) resp_len=2
DEBUG: API: accept_conn_cb: new connection fd=24 pid=397682
DEBUG: API: read_cb: pid=397682 id=3 req_type=0xcafe1981 (GR_HELLO) req_len=132 status=0 (Success) resp_len=2
DEBUG: API: read_cb: pid=397682 id=4 req_type=0xcafe1985 (GR_EVENT_SUBSCRIBE) req_len=8 status=0 (Success) resp_len=0
DEBUG: API: read_cb: pid=397682 id=5 req_type=0xcafe1985 (GR_EVENT_SUBSCRIBE) req_len=8 status=0 (Success) resp_len=0
DEBUG: API: read_cb: pid=397682 id=6 req_type=0xcafe1985 (GR_EVENT_SUBSCRIBE) req_len=8 status=0 (Success) resp_len=0
DEBUG: API: accept_conn_cb: new connection fd=25 pid=397682
DEBUG: API: read_cb: pid=397682 id=8 req_type=0xcafe1985 (GR_EVENT_SUBSCRIBE) req_len=8 status=0 (Success) resp_len=0
DEBUG: API: read_cb: pid=397682 id=7 req_type=0xcafe1981 (GR_HELLO) req_len=132 status=0 (Success) resp_len=2
DEBUG: API: read_cb: pid=397682 id=9 req_type=0xcafe1985 (GR_EVENT_SUBSCRIBE) req_len=8 status=0 (Success) resp_len=0
DEBUG: API: read_cb: pid=397682 id=10 req_type=0xcafe1985 (GR_EVENT_SUBSCRIBE) req_len=8 status=0 (Success) resp_len=0
MGMTD: [TKR4Z-MFN07] Backend daemon: zebra registers with mgmtd (client-id: 1)
DEBUG: API: read_cb: pid=397682 id=12 req_type=0xcafe1985 (GR_EVENT_SUBSCRIBE) req_len=8 status=0 (Success) resp_len=0
DEBUG: API: read_cb: pid=397682 id=11 req_type=0xcafe1985 (GR_EVENT_SUBSCRIBE) req_len=8 status=0 (Success) resp_len=0
DEBUG: API: read_cb: pid=397682 id=13 req_type=0xcafe1985 (GR_EVENT_SUBSCRIBE) req_len=8 status=0 (Success) resp_len=0
DEBUG: API: read_cb: pid=397682 id=14 req_type=0xcafe1985 (GR_EVENT_SUBSCRIBE) req_len=8 status=0 (Success) resp_len=0
DEBUG: API: read_cb: pid=397682 id=15 req_type=0xcafe1985 (GR_EVENT_SUBSCRIBE) req_len=8 status=0 (Success) resp_len=0
DEBUG: API: read_cb: pid=397682 id=16 req_type=0xcafe1985 (GR_EVENT_SUBSCRIBE) req_len=8 status=0 (Success) resp_len=0
DEBUG: API: read_cb: pid=397682 id=17 req_type=0xcafe1985 (GR_EVENT_SUBSCRIBE) req_len=8 status=0 (Success) resp_len=0
DEBUG: API: read_cb: pid=397682 id=18 req_type=0xcafe1985 (GR_EVENT_SUBSCRIBE) req_len=8 status=0 (Success) resp_len=0
DEBUG: API: read_cb: pid=397682 id=19 req_type=0xcafe1985 (GR_EVENT_SUBSCRIBE) req_len=8 status=0 (Success) resp_len=0
DEBUG: API: read_cb: pid=397682 id=20 req_type=0xcafe1985 (GR_EVENT_SUBSCRIBE) req_len=8 status=0 (Success) resp_len=0
DEBUG: API: read_cb: pid=397682 id=21 req_type=0xcafe1985 (GR_EVENT_SUBSCRIBE) req_len=8 status=0 (Success) resp_len=0
DEBUG: API: read_cb: pid=397682 id=22 req_type=0xcafe1985 (GR_EVENT_SUBSCRIBE) req_len=8 status=0 (Success) resp_len=0
DEBUG: API: read_cb: pid=397682 id=23 req_type=0xcafe1985 (GR_EVENT_SUBSCRIBE) req_len=8 status=0 (Success) resp_len=0
DEBUG: API: read_cb: pid=397682 id=24 req_type=0xcafe1985 (GR_EVENT_SUBSCRIBE) req_len=8 status=0 (Success) resp_len=0
ZEBRA: GROUT: zebra_grout_connect: connected, monitoring route/nexthop events
DEBUG: API: read_cb: pid=397682 id=25 req_type=0xacdc0004 (GR_IFACE_LIST) req_len=1 status=0 (Success) resp_len=0
ZEBRA: GROUT: dplane_grout_connect: connected, monitoring iface/ip events
DEBUG: API: read_cb: pid=397682 id=26 req_type=0xacdc0004 (GR_IFACE_LIST) req_len=1 status=0 (Success) resp_len=0
DEBUG: API: read_cb: pid=397682 id=27 req_type=0xacdc0004 (GR_IFACE_LIST) req_len=1 status=0 (Success) resp_len=0
DEBUG: API: read_cb: pid=397682 id=28 req_type=0xacdc0004 (GR_IFACE_LIST) req_len=1 status=0 (Success) resp_len=0
DEBUG: API: read_cb: pid=397682 id=29 req_type=0xacdc0004 (GR_IFACE_LIST) req_len=1 status=0 (Success) resp_len=0
DEBUG: API: read_cb: pid=397682 id=30 req_type=0xacdc0004 (GR_IFACE_LIST) req_len=1 status=0 (Success) resp_len=0
DEBUG: API: read_cb: pid=397682 id=31 req_type=0xacdc0004 (GR_IFACE_LIST) req_len=1 status=0 (Success) resp_len=0
DEBUG: API: read_cb: pid=397682 id=32 req_type=0xbabe0004 (GR_FDB_LIST) req_len=6 status=0 (Success) resp_len=0
ZEBRA: [K55SV-YMF8X] Sweeping the RIB for stale routes...
Unable to set log file: build//frr_install/var/log/frr/frr-grout.log
2026/08/24 17:33:59 BFD: [YDG3W-JND95] FD Limit set: 524288 is stupidly large.  Is this what you intended?  Consider using --limit-fds also limiting size to 100000
BFD: [YDG3W-JND95] FD Limit set: 524288 is stupidly large.  Is this what you intended?  Consider using --limit-fds also limiting size to 100000
BFD: [T83RR-8SM5G] bfdd 10.6.1 starting: vty@2617
ZEBRA: [YDG3W-JND95] FD Limit set: 524288 is stupidly large.  Is this what you intended?  Consider using --limit-fds also limiting size to 100000
ZEBRA: [V98V0-MTWPF] client 24 says hello and bids fair to announce only bfd routes vrf=0
Unable to set log file: build//frr_install/var/log/frr/frr-grout.log
2026/08/24 17:33:59 BGP: [YDG3W-JND95] FD Limit set: 524288 is stupidly large.  Is this what you intended?  Consider using --limit-fds also limiting size to 100000
BGP: [YDG3W-JND95] FD Limit set: 524288 is stupidly large.  Is this what you intended?  Consider using --limit-fds also limiting size to 100000
2026/08/24 17:33:59 BGP: [YDG3W-JND95] FD Limit set: 524288 is stupidly large.  Is this what you intended?  Consider using --limit-fds also limiting size to 100000
2026/08/24 17:33:59 BGP: [YDG3W-JND95] FD Limit set: 524288 is stupidly large.  Is this what you intended?  Consider using --limit-fds also limiting size to 100000
BGP: [YDG3W-JND95] FD Limit set: 524288 is stupidly large.  Is this what you intended?  Consider using --limit-fds also limiting size to 100000
BGP: [YDG3W-JND95] FD Limit set: 524288 is stupidly large.  Is this what you intended?  Consider using --limit-fds also limiting size to 100000
BGP: [T83RR-8SM5G] bgpd 10.6.1 starting: vty@2605, bgp@<all>:179
ZEBRA: [YDG3W-JND95] FD Limit set: 524288 is stupidly large.  Is this what you intended?  Consider using --limit-fds also limiting size to 100000
ZEBRA: [YDG3W-JND95] FD Limit set: 524288 is stupidly large.  Is this what you intended?  Consider using --limit-fds also limiting size to 100000
ZEBRA: [V98V0-MTWPF] client 44 says hello and bids fair to announce only bgp routes vrf=0
ZEBRA: [V98V0-MTWPF] client 48 says hello and bids fair to announce only vnc routes vrf=0
Unable to set log file: build//frr_install/var/log/frr/frr-grout.log
2026/08/24 17:33:59 OSPF: [YDG3W-JND95] FD Limit set: 524288 is stupidly large.  Is this what you intended?  Consider using --limit-fds also limiting size to 100000
OSPF: [YDG3W-JND95] FD Limit set: 524288 is stupidly large.  Is this what you intended?  Consider using --limit-fds also limiting size to 100000
OSPF: [T6R80-M44RP] RI (ospf_router_info_init): Initialize Router Information
OSPF: [MBAWE-XHKA3] EXT (ospf_ext_init): Register Extended Link Opaque LSA
OSPF: [SW3EZ-RAMP9] EXT (ospf_ext_init): Register Extended Prefix Opaque LSA
OSPF: [T83RR-8SM5G] ospfd 10.6.1 starting: vty@2604
ZEBRA: [YDG3W-JND95] FD Limit set: 524288 is stupidly large.  Is this what you intended?  Consider using --limit-fds also limiting size to 100000
ZEBRA: [V98V0-MTWPF] client 56 says hello and bids fair to announce only ospf routes vrf=0
Unable to set log file: build//frr_install/var/log/frr/frr-grout.log
2026/08/24 17:33:59 OSPF6: [YDG3W-JND95] FD Limit set: 524288 is stupidly large.  Is this what you intended?  Consider using --limit-fds also limiting size to 100000
OSPF6: [YDG3W-JND95] FD Limit set: 524288 is stupidly large.  Is this what you intended?  Consider using --limit-fds also limiting size to 100000
OSPF6: [T83RR-8SM5G] ospf6d 10.6.1 starting: vty@2606
ZEBRA: [YDG3W-JND95] FD Limit set: 524288 is stupidly large.  Is this what you intended?  Consider using --limit-fds also limiting size to 100000
Unable to set log file: build//frr_install/var/log/frr/frr-grout.log
2026/08/24 17:33:59 ISIS: [YDG3W-JND95] FD Limit set: 524288 is stupidly large.  Is this what you intended?  Consider using --limit-fds also limiting size to 100000
ISIS: [YDG3W-JND95] FD Limit set: 524288 is stupidly large.  Is this what you intended?  Consider using --limit-fds also limiting size to 100000
ZEBRA: [V98V0-MTWPF] client 62 says hello and bids fair to announce only ospf6 routes vrf=0
ISIS: [T83RR-8SM5G] isisd 10.6.1 starting: vty@2608
ZEBRA: [YDG3W-JND95] FD Limit set: 524288 is stupidly large.  Is this what you intended?  Consider using --limit-fds also limiting size to 100000
ZEBRA: [V98V0-MTWPF] client 68 says hello and bids fair to announce only isis routes vrf=0
Unable to set log file: build//frr_install/var/log/frr/frr-grout.log
2026/08/24 17:33:59 STATIC: [YDG3W-JND95] FD Limit set: 524288 is stupidly large.  Is this what you intended?  Consider using --limit-fds also limiting size to 100000
STATIC: [YDG3W-JND95] FD Limit set: 524288 is stupidly large.  Is this what you intended?  Consider using --limit-fds also limiting size to 100000
STATIC: [T83RR-8SM5G] staticd 10.6.1 starting: vty@2616
ZEBRA: [YDG3W-JND95] FD Limit set: 524288 is stupidly large.  Is this what you intended?  Consider using --limit-fds also limiting size to 100000
MGMTD: [TKR4Z-MFN07] Backend daemon: staticd registers with mgmtd (client-id: 2)
ZEBRA: [V98V0-MTWPF] client 74 says hello and bids fair to announce only static routes vrf=0
[397709|mgmtd] sending configuration
[397710|zebra] sending configuration
[397713|ospfd] sending configuration
[397714|ospf6d] sending configuration
[397716|bgpd] sending configuration
MGMTD: [VTVCM-Y2NW3] Configuration Read in Took: 00:00:00
MGMTD: [G6NKK-8C6DV] end_config: VTY:0x35dbc7a0, pending SET-CFG: 0
[397709|mgmtd] done
[397717|isisd] sending configuration
Zebra dpdk dataplane debugging is on
ZEBRA: [VTVCM-Y2NW3] Configuration Read in Took: 00:00:00
ZEBRA: [G6NKK-8C6DV] end_config: VTY:0x1e732b10, pending SET-CFG: 0
[397710|zebra] done
OSPF: [VTVCM-Y2NW3] Configuration Read in Took: 00:00:00
OSPF: [G6NKK-8C6DV] end_config: VTY:0x260247c0, pending SET-CFG: 0
OSPF6: [VTVCM-Y2NW3] Configuration Read in Took: 00:00:00
[397713|ospfd] done
[397714|ospf6d] done
OSPF6: [G6NKK-8C6DV] end_config: VTY:0x2ab2c610, pending SET-CFG: 0
BGP: [VTVCM-Y2NW3] Configuration Read in Took: 00:00:00
BGP: [G6NKK-8C6DV] end_config: VTY:0x1f109630, pending SET-CFG: 0
ISIS: [VTVCM-Y2NW3] Configuration Read in Took: 00:00:00
[397716|bgpd] done
ISIS: [G6NKK-8C6DV] end_config: VTY:0xff571d0, pending SET-CFG: 0
[397717|isisd] done
[397725|staticd] sending configuration
[397726|bfdd] sending configuration
Waiting for children to finish applying config...
[397730|watchfrr] sending configuration
STATIC: [VTVCM-Y2NW3] Configuration Read in Took: 00:00:00
STATIC: [G6NKK-8C6DV] end_config: VTY:0xa0ecf30, pending SET-CFG: 0
[397725|staticd] done
BFD: [VTVCM-Y2NW3] Configuration Read in Took: 00:00:00
[397726|bfdd] done
BFD: [G6NKK-8C6DV] end_config: VTY:0x37c63eb0, pending SET-CFG: 0
[397730|watchfrr] done
Started watchfrr
++ local daemon pattern
++ for daemon in staticd bfdd bgpd isisd ospfd ospf6d
++ SECONDS=0
++ pattern=staticd
++ '[' -n '' ']'
++ pgrep -f staticd
++ for daemon in staticd bfdd bgpd isisd ospfd ospf6d
++ SECONDS=0
++ pattern=bfdd
++ '[' -n '' ']'
++ pgrep -f bfdd
++ for daemon in staticd bfdd bgpd isisd ospfd ospf6d
++ SECONDS=0
++ pattern=bgpd
++ '[' -n '' ']'
++ pgrep -f bgpd
++ for daemon in staticd bfdd bgpd isisd ospfd ospf6d
++ SECONDS=0
++ pattern=isisd
++ '[' -n '' ']'
++ pgrep -f isisd
++ for daemon in staticd bfdd bgpd isisd ospfd ospf6d
++ SECONDS=0
++ pattern=ospfd
++ '[' -n '' ']'
++ pgrep -f ospfd
++ for daemon in staticd bfdd bgpd isisd ospfd ospf6d
++ SECONDS=0
++ pattern=ospf6d
++ '[' -n '' ']'
++ pgrep -f ospf6d
++ '[' 1 = 1 ']'
++ local attempts=25
++ grep -q 'GROUT:.*iface/ip events' build//frr_install/var/log/frr/frr-grout.log
++ '[' false = true ']'
+ ip link add veth0 type veth peer name veth-peer
+ ip link set veth0 up
+ start_frr bgp-peer 0
+ local namespace=bgp-peer
+ local use_grout=0
+ local frr_etc=build//frr_install/etc/frr
+ local frr_logdir=build//frr_install/var/log/frr
+ local conf_dir daemons_file frrconf_file frr_global_opts
+ local 'zebra_options=-s 90000000'
+ mkdir -p build//frr_install/etc/frr
+ mkdir -p build//frr_install/var/log/frr
+ conf_dir=build//frr_install/etc/frr/bgp-peer
+ frr_log=build//frr_install/var/log/frr/frr-bgp-peer.log
+ mkdir -p build//frr_install/etc/frr/bgp-peer
+ touch build//frr_install/etc/frr/bgp-peer/vtysh.conf
+ daemons_file=build//frr_install/etc/frr/bgp-peer/daemons
+ frrconf_file=build//frr_install/etc/frr/bgp-peer/frr.conf
+ frr_global_opts='-A 127.0.0.1 --log file:build//frr_install/var/log/frr/frr-bgp-peer.log'
+ '[' 0 = 1 ']'
+ cat
+ '[' -n bgp-peer ']'
+ local wopts=
+ '[' -n bgp-peer ']'
+ wopts=--netns=bgp-peer
+ '[' -n '' ']'
+ cat
+ cat
+ rm -f build//frr_install/var/log/frr/frr-bgp-peer.log
+ touch build//frr_install/var/log/frr/frr-bgp-peer.log
+ local sed_expr color
+ '[' -n bgp-peer ']'
+ sed_expr='s,^[0-9]{4}/[0-9]{2}/[0-9]{2} [0-9]{2}:[0-9]{2}:[0-9]{2},[bgp-peer],'
+ color='\033[32m'
+ '[' -t 1 ']'
+ local tailpid=397749
+ '[' -n bgp-peer ']'
+ ip netns add bgp-peer
+ tail -F build//frr_install/var/log/frr/frr-bgp-peer.log
+ sed -u -E 's,^[0-9]{4}/[0-9]{2}/[0-9]{2} [0-9]{2}:[0-9]{2}:[0-9]{2},[bgp-peer],'
+ ip netns exec bgp-peer sysctl -wq net.ipv6.conf.all.accept_dad=0
+ ip netns exec bgp-peer sysctl -wq net.ipv6.conf.default.accept_dad=0
+ ip netns exec bgp-peer sysctl -wq net.ipv6.conf.all.accept_ra=0
+ ip netns exec bgp-peer sysctl -wq net.ipv6.conf.default.accept_ra=0
+ cat
+ '[' -n bgp-peer ']'
+ cat
+ frrinit.sh start bgp-peer
Starting watchfrr with command: '  /home/apanatto/dev/github.com/DPDK/grout/build/frr_install/sbin/watchfrr -N bgp-peer -d  --netns=bgp-peer mgmtd zebra bfdd bgpd ospfd ospf6d isisd staticd'
2026/08/24 17:33:59 WATCHFRR: [YDG3W-JND95] FD Limit set: 524288 is stupidly large.  Is this what you intended?  Consider using --limit-fds also limiting size to 100000
Unable to set log file: build//frr_install/var/log/frr/frr-bgp-peer.log
2026/08/24 17:33:59 MGMTD: [YDG3W-JND95] FD Limit set: 524288 is stupidly large.  Is this what you intended?  Consider using --limit-fds also limiting size to 100000
[bgp-peer] MGMTD: [YDG3W-JND95] FD Limit set: 524288 is stupidly large.  Is this what you intended?  Consider using --limit-fds also limiting size to 100000
[bgp-peer] MGMTD: [T83RR-8SM5G] mgmtd 10.6.1 starting: vty@2623
[bgp-peer] MGMTD: [RQT05-4D0H5][EC 100663319] vty_open_config: failed to open configuration file /home/apanatto/dev/github.com/DPDK/grout/build/frr_install/etc/frr//zebra.conf: No such file or directory, checking backup
Unable to set log file: build//frr_install/var/log/frr/frr-bgp-peer.log
[bgp-peer] MGMTD: [VDWX6-W8CNF][EC 100663304] vty_open_config: can't open configuration file [/home/apanatto/dev/github.com/DPDK/grout/build/frr_install/etc/frr//zebra.conf]
[bgp-peer] MGMTD: [RQT05-4D0H5][EC 100663319] vty_open_config: failed to open configuration file /home/apanatto/dev/github.com/DPDK/grout/build/frr_install/etc/frr//staticd.conf: No such file or directory, checking backup
[bgp-peer] MGMTD: [VDWX6-W8CNF][EC 100663304] vty_open_config: can't open configuration file [/home/apanatto/dev/github.com/DPDK/grout/build/frr_install/etc/frr//staticd.conf]
[bgp-peer] MGMTD: [RQT05-4D0H5][EC 100663319] vty_open_config: failed to open configuration file /home/apanatto/dev/github.com/DPDK/grout/build/frr_install/etc/frr//mgmtd.conf: No such file or directory, checking backup
[bgp-peer] MGMTD: [VDWX6-W8CNF][EC 100663304] vty_open_config: can't open configuration file [/home/apanatto/dev/github.com/DPDK/grout/build/frr_install/etc/frr//mgmtd.conf]
2026/08/24 17:33:59 ZEBRA: [YDG3W-JND95] FD Limit set: 524288 is stupidly large.  Is this what you intended?  Consider using --limit-fds also limiting size to 100000
[bgp-peer] ZEBRA: [YDG3W-JND95] FD Limit set: 524288 is stupidly large.  Is this what you intended?  Consider using --limit-fds also limiting size to 100000
[bgp-peer] MGMTD: [G7SRG-ASAYW] mgmtd: finished reading config files
[bgp-peer] MGMTD: [TKR4Z-MFN07] Backend daemon: mgmtd registers with mgmtd (client-id: 0)
2026/08/24 17:33:59 ZEBRA: [QBKSZ-0KHCW][EC 4043309138] Disabling MPLS support (no kernel support)
[bgp-peer] ZEBRA: [QBKSZ-0KHCW][EC 4043309138] Disabling MPLS support (no kernel support)
2026/08/24 17:33:59 ZEBRA: [YDG3W-JND95] FD Limit set: 524288 is stupidly large.  Is this what you intended?  Consider using --limit-fds also limiting size to 100000
2026/08/24 17:33:59 ZEBRA: [YDG3W-JND95] FD Limit set: 524288 is stupidly large.  Is this what you intended?  Consider using --limit-fds also limiting size to 100000
[bgp-peer] ZEBRA: [YDG3W-JND95] FD Limit set: 524288 is stupidly large.  Is this what you intended?  Consider using --limit-fds also limiting size to 100000
[bgp-peer] ZEBRA: [YDG3W-JND95] FD Limit set: 524288 is stupidly large.  Is this what you intended?  Consider using --limit-fds also limiting size to 100000
[bgp-peer] ZEBRA: [T83RR-8SM5G] zebra 10.6.1 starting: vty@2601
[bgp-peer] ZEBRA: [K55SV-YMF8X] Sweeping the RIB for stale routes...
[bgp-peer] MGMTD: [TKR4Z-MFN07] Backend daemon: zebra registers with mgmtd (client-id: 1)
Unable to set log file: build//frr_install/var/log/frr/frr-bgp-peer.log
2026/08/24 17:33:59 BFD: [YDG3W-JND95] FD Limit set: 524288 is stupidly large.  Is this what you intended?  Consider using --limit-fds also limiting size to 100000
[bgp-peer] BFD: [YDG3W-JND95] FD Limit set: 524288 is stupidly large.  Is this what you intended?  Consider using --limit-fds also limiting size to 100000
[bgp-peer] BFD: [T83RR-8SM5G] bfdd 10.6.1 starting: vty@2617
[bgp-peer] ZEBRA: [YDG3W-JND95] FD Limit set: 524288 is stupidly large.  Is this what you intended?  Consider using --limit-fds also limiting size to 100000
[bgp-peer] ZEBRA: [V98V0-MTWPF] client 39 says hello and bids fair to announce only bfd routes vrf=0
Unable to set log file: build//frr_install/var/log/frr/frr-bgp-peer.log
2026/08/24 17:33:59 BGP: [YDG3W-JND95] FD Limit set: 524288 is stupidly large.  Is this what you intended?  Consider using --limit-fds also limiting size to 100000
[bgp-peer] BGP: [YDG3W-JND95] FD Limit set: 524288 is stupidly large.  Is this what you intended?  Consider using --limit-fds also limiting size to 100000
2026/08/24 17:33:59 BGP: [YDG3W-JND95] FD Limit set: 524288 is stupidly large.  Is this what you intended?  Consider using --limit-fds also limiting size to 100000
2026/08/24 17:33:59 BGP: [YDG3W-JND95] FD Limit set: 524288 is stupidly large.  Is this what you intended?  Consider using --limit-fds also limiting size to 100000
[bgp-peer] BGP: [YDG3W-JND95] FD Limit set: 524288 is stupidly large.  Is this what you intended?  Consider using --limit-fds also limiting size to 100000
[bgp-peer] BGP: [YDG3W-JND95] FD Limit set: 524288 is stupidly large.  Is this what you intended?  Consider using --limit-fds also limiting size to 100000
[bgp-peer] BGP: [T83RR-8SM5G] bgpd 10.6.1 starting: vty@2605, bgp@<all>:179
[bgp-peer] ZEBRA: [YDG3W-JND95] FD Limit set: 524288 is stupidly large.  Is this what you intended?  Consider using --limit-fds also limiting size to 100000
[bgp-peer] ZEBRA: [YDG3W-JND95] FD Limit set: 524288 is stupidly large.  Is this what you intended?  Consider using --limit-fds also limiting size to 100000
[bgp-peer] ZEBRA: [V98V0-MTWPF] client 45 says hello and bids fair to announce only bgp routes vrf=0
[bgp-peer] ZEBRA: [V98V0-MTWPF] client 49 says hello and bids fair to announce only vnc routes vrf=0
Unable to set log file: build//frr_install/var/log/frr/frr-bgp-peer.log
2026/08/24 17:34:00 OSPF: [YDG3W-JND95] FD Limit set: 524288 is stupidly large.  Is this what you intended?  Consider using --limit-fds also limiting size to 100000
[bgp-peer] OSPF: [YDG3W-JND95] FD Limit set: 524288 is stupidly large.  Is this what you intended?  Consider using --limit-fds also limiting size to 100000
[bgp-peer] OSPF: [T6R80-M44RP] RI (ospf_router_info_init): Initialize Router Information
[bgp-peer] OSPF: [MBAWE-XHKA3] EXT (ospf_ext_init): Register Extended Link Opaque LSA
[bgp-peer] OSPF: [SW3EZ-RAMP9] EXT (ospf_ext_init): Register Extended Prefix Opaque LSA
[bgp-peer] OSPF: [T83RR-8SM5G] ospfd 10.6.1 starting: vty@2604
[bgp-peer] ZEBRA: [YDG3W-JND95] FD Limit set: 524288 is stupidly large.  Is this what you intended?  Consider using --limit-fds also limiting size to 100000
[bgp-peer] ZEBRA: [V98V0-MTWPF] client 57 says hello and bids fair to announce only ospf routes vrf=0
Unable to set log file: build//frr_install/var/log/frr/frr-bgp-peer.log
2026/08/24 17:34:00 OSPF6: [YDG3W-JND95] FD Limit set: 524288 is stupidly large.  Is this what you intended?  Consider using --limit-fds also limiting size to 100000
[bgp-peer] OSPF6: [YDG3W-JND95] FD Limit set: 524288 is stupidly large.  Is this what you intended?  Consider using --limit-fds also limiting size to 100000
[bgp-peer] OSPF6: [T83RR-8SM5G] ospf6d 10.6.1 starting: vty@2606
[bgp-peer] ZEBRA: [YDG3W-JND95] FD Limit set: 524288 is stupidly large.  Is this what you intended?  Consider using --limit-fds also limiting size to 100000
Unable to set log file: build//frr_install/var/log/frr/frr-bgp-peer.log
2026/08/24 17:34:00 ISIS: [YDG3W-JND95] FD Limit set: 524288 is stupidly large.  Is this what you intended?  Consider using --limit-fds also limiting size to 100000
[bgp-peer] ISIS: [YDG3W-JND95] FD Limit set: 524288 is stupidly large.  Is this what you intended?  Consider using --limit-fds also limiting size to 100000
[bgp-peer] ZEBRA: [V98V0-MTWPF] client 63 says hello and bids fair to announce only ospf6 routes vrf=0
[bgp-peer] ISIS: [T83RR-8SM5G] isisd 10.6.1 starting: vty@2608
[bgp-peer] ZEBRA: [YDG3W-JND95] FD Limit set: 524288 is stupidly large.  Is this what you intended?  Consider using --limit-fds also limiting size to 100000
[bgp-peer] ZEBRA: [V98V0-MTWPF] client 69 says hello and bids fair to announce only isis routes vrf=0
Unable to set log file: build//frr_install/var/log/frr/frr-bgp-peer.log
2026/08/24 17:34:00 STATIC: [YDG3W-JND95] FD Limit set: 524288 is stupidly large.  Is this what you intended?  Consider using --limit-fds also limiting size to 100000
[bgp-peer] STATIC: [YDG3W-JND95] FD Limit set: 524288 is stupidly large.  Is this what you intended?  Consider using --limit-fds also limiting size to 100000
[bgp-peer] STATIC: [T83RR-8SM5G] staticd 10.6.1 starting: vty@2616
[bgp-peer] ZEBRA: [YDG3W-JND95] FD Limit set: 524288 is stupidly large.  Is this what you intended?  Consider using --limit-fds also limiting size to 100000
[bgp-peer] MGMTD: [TKR4Z-MFN07] Backend daemon: staticd registers with mgmtd (client-id: 2)
[bgp-peer] ZEBRA: [V98V0-MTWPF] client 75 says hello and bids fair to announce only static routes vrf=0
[397819|mgmtd] sending configuration
[397820|zebra] sending configuration
[397823|ospfd] sending configuration
[397824|ospf6d] sending configuration
Zebra dpdk dataplane debugging is on
[397819|mgmtd] done
[397826|bgpd] sending configuration
[397827|isisd] sending configuration
[397820|zebra] done
[bgp-peer] MGMTD: [VTVCM-Y2NW3] Configuration Read in Took: 00:00:00
[bgp-peer] MGMTD: [G6NKK-8C6DV] end_config: VTY:0x2e0b5770, pending SET-CFG: 0
[397823|ospfd] done
[bgp-peer] ZEBRA: [VTVCM-Y2NW3] Configuration Read in Took: 00:00:00
[bgp-peer] ZEBRA: [G6NKK-8C6DV] end_config: VTY:0x2854cc50, pending SET-CFG: 0
[397824|ospf6d] done
[bgp-peer] OSPF: [VTVCM-Y2NW3] Configuration Read in Took: 00:00:00
[397826|bgpd] done
[397827|isisd] done
[bgp-peer] OSPF: [G6NKK-8C6DV] end_config: VTY:0x3f6df9a0, pending SET-CFG: 0
[bgp-peer] OSPF6: [VTVCM-Y2NW3] Configuration Read in Took: 00:00:00
[bgp-peer] OSPF6: [G6NKK-8C6DV] end_config: VTY:0x17768660, pending SET-CFG: 0
[397835|staticd] sending configuration
[bgp-peer] BGP: [VTVCM-Y2NW3] Configuration Read in Took: 00:00:00
[397836|bfdd] sending configuration
[bgp-peer] BGP: [G6NKK-8C6DV] end_config: VTY:0x19a90640, pending SET-CFG: 0
[bgp-peer] ISIS: [VTVCM-Y2NW3] Configuration Read in Took: 00:00:00
[bgp-peer] ISIS: [G6NKK-8C6DV] end_config: VTY:0x16054fb0, pending SET-CFG: 0
Waiting for children to finish applying config...
[397840|watchfrr] sending configuration
[397835|staticd] done
[397836|bfdd] done
[bgp-peer] STATIC: [VTVCM-Y2NW3] Configuration Read in Took: 00:00:00
[397840|watchfrr] done
[bgp-peer] STATIC: [G6NKK-8C6DV] end_config: VTY:0x648ef10, pending SET-CFG: 0
[bgp-peer] BFD: [VTVCM-Y2NW3] Configuration Read in Took: 00:00:00
[bgp-peer] BFD: [G6NKK-8C6DV] end_config: VTY:0x32058f10, pending SET-CFG: 0
Started watchfrr
+ local daemon pattern
+ for daemon in staticd bfdd bgpd isisd ospfd ospf6d
+ SECONDS=0
+ pattern=staticd
+ '[' -n bgp-peer ']'
+ pattern='staticd -N bgp-peer'
+ pgrep -f 'staticd -N bgp-peer'
+ for daemon in staticd bfdd bgpd isisd ospfd ospf6d
+ SECONDS=0
+ pattern=bfdd
+ '[' -n bgp-peer ']'
+ pattern='bfdd -N bgp-peer'
+ pgrep -f 'bfdd -N bgp-peer'
+ for daemon in staticd bfdd bgpd isisd ospfd ospf6d
+ SECONDS=0
+ pattern=bgpd
+ '[' -n bgp-peer ']'
+ pattern='bgpd -N bgp-peer'
+ pgrep -f 'bgpd -N bgp-peer'
+ for daemon in staticd bfdd bgpd isisd ospfd ospf6d
+ SECONDS=0
+ pattern=isisd
+ '[' -n bgp-peer ']'
+ pattern='isisd -N bgp-peer'
+ pgrep -f 'isisd -N bgp-peer'
+ for daemon in staticd bfdd bgpd isisd ospfd ospf6d
+ SECONDS=0
+ pattern=ospfd
+ '[' -n bgp-peer ']'
+ pattern='ospfd -N bgp-peer'
+ pgrep -f 'ospfd -N bgp-peer'
+ for daemon in staticd bfdd bgpd isisd ospfd ospf6d
+ SECONDS=0
+ pattern=ospf6d
+ '[' -n bgp-peer ']'
+ pattern='ospf6d -N bgp-peer'
+ pgrep -f 'ospf6d -N bgp-peer'
+ '[' 0 = 1 ']'
+ '[' false = true ']'
+ ip link set veth-peer netns bgp-peer
+ ip -n bgp-peer link set veth-peer up
+ ip -n bgp-peer addr add 172.16.0.2/24 dev veth-peer
+ vtysh -N bgp-peer

Hello, this is FRRouting (version 10.6.1).
Copyright 1996-2005 Kunihiro Ishiguro, et al.

apanatto-thinkpadt14gen5.rmtit.csb# configure terminal
apanatto-thinkpadt14gen5.rmtit.csb(config)# 
apanatto-thinkpadt14gen5.rmtit.csb(config)# interface veth-peer
apanatto-thinkpadt14gen5.rmtit.csb(config-if)# ip address 172.16.0.2/24
apanatto-thinkpadt14gen5.rmtit.csb(config-if)# exit
apanatto-thinkpadt14gen5.rmtit.csb(config)# 
apanatto-thinkpadt14gen5.rmtit.csb(config)# interface lo
apanatto-thinkpadt14gen5.rmtit.csb(config-if)# ip address 16.0.0.1/24
apanatto-thinkpadt14gen5.rmtit.csb(config-if)# exit
apanatto-thinkpadt14gen5.rmtit.csb(config)# 
apanatto-thinkpadt14gen5.rmtit.csb(config)# router bgp 64512
apanatto-thinkpadt14gen5.rmtit.csb(config-router)# bgp router-id 172.16.0.2
apanatto-thinkpadt14gen5.rmtit.csb(config-router)# 
apanatto-thinkpadt14gen5.rmtit.csb(config-router)# neighbor 172.16.0.1 remote-as 64512
apanatto-thinkpadt14gen5.rmtit.csb(config-router)# 
apanatto-thinkpadt14gen5.rmtit.csb(config-router)# address-family ipv4 unicast
apanatto-thinkpadt14gen5.rmtit.csb(config-router-af)# network 172.16.0.0/24
apanatto-thinkpadt14gen5.rmtit.csb(config-router-af)# network 16.0.0.0/24
apanatto-thinkpadt14gen5.rmtit.csb(config-router-af)# exit-address-family
apanatto-thinkpadt14gen5.rmtit.csb(config-router)# exit
apanatto-thinkpadt14gen5.rmtit.csb(config)# 
+++ dirname ./smoke/bgp_stress_frr_test.sh
++ cd ./smoke/..
++ pwd
+ srcdir=/home/apanatto/dev/github.com/DPDK/grout
++ sort -V
++ tail -1
++ ls -1 /home/apanatto/dev/github.com/DPDK/grout/subprojects/frr-frr-10.5.3/tools/frr-reload.py /home/apanatto/dev/github.com/DPDK/grout/subprojects/frr-frr-10.6.1/tools/frr-reload.py
+ frr_reload_py=/home/apanatto/dev/github.com/DPDK/grout/subprojects/frr-frr-10.6.1/tools/frr-reload.py
+ frr_confdir=build//frr_install/etc/frr
+ frr_bindir=build//frr_install/bin
+ frr_rundir=build//frr_install/var/run/frr
+ frr_reload='python3 /home/apanatto/dev/github.com/DPDK/grout/subprojects/frr-frr-10.6.1/tools/frr-reload.py --confdir build//frr_install/etc/frr --bindir build//frr_install/bin --rundir build//frr_install/var/run/frr'
+ base_conf=/tmp/tmp.kCeOhDfbvG/base.conf
+ cat
+ bgp_conf=/tmp/tmp.kCeOhDfbvG/bgp.conf
+ cat
+ iterations=20
+ echo 'Running BGP stress test for 20 iterations'
Running BGP stress test for 20 iterations
++ seq 1 20
+ for i in $(seq 1 $iterations)
+ echo '=== Iteration 1/20 ==='
=== Iteration 1/20 ===
+ setup_bgp
+ python3 /home/apanatto/dev/github.com/DPDK/grout/subprojects/frr-frr-10.6.1/tools/frr-reload.py --confdir build//frr_install/etc/frr --bindir build//frr_install/bin --rundir build//frr_install/var/run/frr --reload --debug --stdout /tmp/tmp.kCeOhDfbvG/bgp.conf
2026-08-24 17:34:00,351  INFO: Called via "Namespace(input=None, reload=True, test=False, debug=True, log_level='info', stdout=True, pathspace=None, filename='/tmp/tmp.kCeOhDfbvG/bgp.conf', overwrite=False, bindir='build//frr_install/bin', confdir='build//frr_install/etc/frr', rundir='build//frr_install/var/run/frr', vty_socket=None, daemon='', test_reset=False, logfmt=False, logfile='/var/log/frr/frr-reload.log')"
2026-08-24 17:34:00,351  INFO: Loading Config object from file /tmp/tmp.kCeOhDfbvG/bgp.conf
2026-08-24 17:34:00,358 DEBUG: LINE hostname grout                                    : single-line context
2026-08-24 17:34:00,359 DEBUG: LINE debug zebra dplane dpdk                           : single-line context
2026-08-24 17:34:00,359 DEBUG: LINE router bgp 64512                                  : enter context router bgp 64512                                  
2026-08-24 17:34:00,359 DEBUG: LINE bgp router-id 172.16.0.1                          : add to current context router bgp 64512                                  
2026-08-24 17:34:00,359 DEBUG: LINE neighbor 172.16.0.2 remote-as 64512               : add to current context router bgp 64512                                  
2026-08-24 17:34:00,359 DEBUG: LINE address-family ipv4 unicast                       : enter context router bgp 64512 address-family ipv4 unicast      
2026-08-24 17:34:00,359 DEBUG: LINE network 172.16.0.0/24                             : add to current context router bgp 64512 address-family ipv4 unicast      
2026-08-24 17:34:00,359 DEBUG: LINE exit-address-family                               : exit context router bgp 64512 address-family ipv4 unicast      
2026-08-24 17:34:00,359 DEBUG: LINE exit                                              : exit context router bgp 64512                                  
2026-08-24 17:34:00,366 DEBUG: New Frr Config
hostname grout
debug zebra dplane dpdk
router bgp 64512
bgp router-id 172.16.0.1
neighbor 172.16.0.2 remote-as 64512
address-family ipv4 unicast
network 172.16.0.0/24
exit-address-family
exit

end

2026-08-24 17:34:00,367  INFO: Loading Config object from vtysh show running
2026-08-24 17:34:00,376 DEBUG: LINE frr version 10.6.1                                : single-line context
2026-08-24 17:34:00,376 DEBUG: LINE frr defaults traditional                          : single-line context
2026-08-24 17:34:00,376 DEBUG: LINE hostname apanatto-thinkpadt14gen5.rmtit.csb       : single-line context
2026-08-24 17:34:00,377 DEBUG: LINE debug zebra dplane dpdk                           : single-line context
2026-08-24 17:34:00,377 DEBUG: Running Frr Config (Pass #0)
frr version 10.6.1
frr defaults traditional
hostname apanatto-thinkpadt14gen5.rmtit.csb
!
debug zebra dplane dpdk
!
end
2026-08-24 17:34:00,377  INFO: "frr version 10.6.1" cannot be removed
2026-08-24 17:34:00,377  INFO: "frr defaults traditional" cannot be removed
2026-08-24 17:34:00,385  INFO: Executed "no hostname apanatto-thinkpadt14gen5.rmtit.csb"
2026-08-24 17:34:00,385  INFO: build//frr_install/var/run/frr/reload-YJ425R.txt content
['hostname grout\n',
 'router bgp 64512\nexit\n',
 'router bgp 64512\n bgp router-id 172.16.0.1\nexit\n',
 'router bgp 64512\n neighbor 172.16.0.2 remote-as 64512\nexit\n',
 'router bgp 64512\n address-family ipv4 unicast\n exit\nexit\n',
 'router bgp 64512\n'
 ' address-family ipv4 unicast\n'
 '  network 172.16.0.0/24 \n'
 ' exit\n'
 'exit\n']
[397867|mgmtd] sending configuration
[397868|zebra] sending configuration
[397871|ospfd] sending configuration
[397872|ospf6d] sending configuration
[397874|bgpd] sending configuration
[397875|isisd] sending configuration
ZEBRA: [VTVCM-Y2NW3] Configuration Read in Took: 00:00:00
[397868|zebra] done
[397867|mgmtd] done
[397871|ospfd] done
[397872|ospf6d] done
[397884|bfdd] sending configuration
ZEBRA: [G6NKK-8C6DV] end_config: VTY:0x1e741470, pending SET-CFG: 0
[397883|staticd] sending configuration
MGMTD: [VTVCM-Y2NW3] Configuration Read in Took: 00:00:00
MGMTD: [G6NKK-8C6DV] end_config: VTY:0x35df98f0, pending SET-CFG: 0
OSPF: [VTVCM-Y2NW3] Configuration Read in Took: 00:00:00
OSPF: [G6NKK-8C6DV] end_config: VTY:0x26031b90, pending SET-CFG: 0
OSPF6: [VTVCM-Y2NW3] Configuration Read in Took: 00:00:00
OSPF6: [G6NKK-8C6DV] end_config: VTY:0x2ab395a0, pending SET-CFG: 0
Waiting for children to finish applying config...
[397875|isisd] done
ISIS: [VTVCM-Y2NW3] Configuration Read in Took: 00:00:00
ISIS: [G6NKK-8C6DV] end_config: VTY:0xff642e0, pending SET-CFG: 0
[397888|watchfrr] sending configuration
BFD: [VTVCM-Y2NW3] Configuration Read in Took: 00:00:00
BFD: [G6NKK-8C6DV] end_config: VTY:0x37c70d50, pending SET-CFG: 0
[397884|bfdd] done
STATIC: [VTVCM-Y2NW3] Configuration Read in Took: 00:00:00
STATIC: [G6NKK-8C6DV] end_config: VTY:0xa0f9aa0, pending SET-CFG: 0
[397883|staticd] done
[397888|watchfrr] done
BGP: [VTVCM-Y2NW3] Configuration Read in Took: 00:00:00
BGP: [G6NKK-8C6DV] end_config: VTY:0x1f116160, pending SET-CFG: 0
[397874|bgpd] done
2026-08-24 17:34:00,395  INFO: Loading Config object from vtysh show running
2026-08-24 17:34:00,403 DEBUG: LINE frr version 10.6.1                                : single-line context
2026-08-24 17:34:00,403 DEBUG: LINE frr defaults traditional                          : single-line context
2026-08-24 17:34:00,403 DEBUG: LINE hostname apanatto-thinkpadt14gen5.rmtit.csb       : single-line context
2026-08-24 17:34:00,403 DEBUG: LINE debug zebra dplane dpdk                           : single-line context
2026-08-24 17:34:00,403 DEBUG: LINE router bgp 64512                                  : enter context router bgp 64512                                  
2026-08-24 17:34:00,403 DEBUG: LINE bgp router-id 172.16.0.1                          : add to current context router bgp 64512                                  
2026-08-24 17:34:00,403 DEBUG: LINE neighbor 172.16.0.2 remote-as 64512               : add to current context router bgp 64512                                  
2026-08-24 17:34:00,403 DEBUG: LINE address-family ipv4 unicast                       : enter context router bgp 64512 address-family ipv4 unicast      
2026-08-24 17:34:00,403 DEBUG: LINE network 172.16.0.0/24                             : add to current context router bgp 64512 address-family ipv4 unicast      
2026-08-24 17:34:00,403 DEBUG: LINE exit-address-family                               : exit context router bgp 64512 address-family ipv4 unicast      
2026-08-24 17:34:00,403 DEBUG: LINE exit                                              : exit context router bgp 64512                                  
2026-08-24 17:34:00,403 DEBUG: Running Frr Config (Pass #1)
frr version 10.6.1
frr defaults traditional
hostname apanatto-thinkpadt14gen5.rmtit.csb
!
debug zebra dplane dpdk
!
router bgp 64512
bgp router-id 172.16.0.1
neighbor 172.16.0.2 remote-as 64512
!
address-family ipv4 unicast
network 172.16.0.0/24
exit-address-family
exit
!
end
2026-08-24 17:34:00,404  INFO: "frr version 10.6.1" cannot be removed
2026-08-24 17:34:00,404  INFO: "frr defaults traditional" cannot be removed
2026-08-24 17:34:00,404  INFO: build//frr_install/var/run/frr/reload-G06SRA.txt content
['hostname grout\n',
 'hostname grout\n',
 'router bgp 64512\nexit\n',
 'router bgp 64512\n bgp router-id 172.16.0.1\nexit\n',
 'router bgp 64512\n neighbor 172.16.0.2 remote-as 64512\nexit\n',
 'router bgp 64512\n address-family ipv4 unicast\n exit\nexit\n',
 'router bgp 64512\n'
 ' address-family ipv4 unicast\n'
 '  network 172.16.0.0/24 \n'
 ' exit\n'
 'exit\n']
[397892|mgmtd] sending configuration
[397893|zebra] sending configuration
[397896|ospfd] sending configuration
[397897|ospf6d] sending configuration
[397899|bgpd] sending configuration
[397900|isisd] sending configuration
MGMTD: [VTVCM-Y2NW3] Configuration Read in Took: 00:00:00
MGMTD: [G6NKK-8C6DV] end_config: VTY:0x35df98f0, pending SET-CFG: 0
[397893|zebra] done
ZEBRA: [VTVCM-Y2NW3] Configuration Read in Took: 00:00:00
ZEBRA: [G6NKK-8C6DV] end_config: VTY:0x1e741470, pending SET-CFG: 0
[397892|mgmtd] done
OSPF6: [VTVCM-Y2NW3] Configuration Read in Took: 00:00:00
[397897|ospf6d] done
OSPF6: [G6NKK-8C6DV] end_config: VTY:0x2ab395a0, pending SET-CFG: 0
OSPF: [VTVCM-Y2NW3] Configuration Read in Took: 00:00:00
OSPF: [G6NKK-8C6DV] end_config: VTY:0x26031b90, pending SET-CFG: 0
[397896|ospfd] done
[397908|staticd] sending configuration
ISIS: [VTVCM-Y2NW3] Configuration Read in Took: 00:00:00
[397909|bfdd] sending configuration
ISIS: [G6NKK-8C6DV] end_config: VTY:0xff642e0, pending SET-CFG: 0
[397900|isisd] done
Waiting for children to finish applying config...
[397913|watchfrr] sending configuration
BGP: [VTVCM-Y2NW3] Configuration Read in Took: 00:00:00
BGP: [G6NKK-8C6DV] end_config: VTY:0x1f116160, pending SET-CFG: 0
STATIC: [VTVCM-Y2NW3] Configuration Read in Took: 00:00:00
STATIC: [G6NKK-8C6DV] end_config: VTY:0xa0f9aa0, pending SET-CFG: 0
[397899|bgpd] done
[397908|staticd] done
BFD: [VTVCM-Y2NW3] Configuration Read in Took: 00:00:00
BFD: [G6NKK-8C6DV] end_config: VTY:0x37c70d50, pending SET-CFG: 0
[397909|bfdd] done
[397913|watchfrr] done
+ grcli interface add port p0 devargs net_tap0,remote=veth0
DEBUG: API: accept_conn_cb: new connection fd=26 pid=397916
DEBUG: API: read_cb: pid=397916 id=1 req_type=0xcafe1981 (GR_HELLO) req_len=132 status=0 (Success) resp_len=2
DEBUG: MEMPOOL: gr_pktmbuf_pool_get: allocate mempool mbuf_-1:0 reserved 256 (size 2047, mbuf_size 2048)
INFO: ROUTE: fib4_init: creating IPv4 FIB for VRF main(1) max_routes=128 num_tbl8=256
INFO: ROUTE: fib6_init: creating IPv6 FIB for VRF main(1) max_routes=128 num_tbl8=512
DEBUG: IFACE: iface_event: iface event [0xacdc1001] ADD triggered for iface main.
DEBUG: IFACE: iface_event: iface event [0xacdc1002] POST_ADD triggered for iface main.
DEBUG: IFACE: iface_event: iface event [0xacdc1006] STATUS_UP triggered for iface main.
ERR: TAP: tap_nl_dump_ext_ack(): Cannot delete qdisc with handle of zero
DEBUG: MEMPOOL: gr_pktmbuf_pool_get: allocate mempool mbuf_0:0 reserved 511 (size 2047, mbuf_size 2048)
INFO: WORKER: port_plug: port 0 plugged
DEBUG: GRAPH: worker_graph_new: [CPU 6] <- port=0 rxq=0 burst_size=64
DEBUG: GRAPH: worker_graph_new: [CPU 6] -> port 0 txq 0
DEBUG: IFACE: iface_event: iface event [0xacdc1008] MAC_CHANGE triggered for iface p0.
DEBUG: MEMPOOL: gr_pktmbuf_pool_get: reuse mempool mbuf_-1:0 reserved 256 -> 512 (size 2047, mbuf_size 2048)
DEBUG: IFACE: iface_event: iface event [0xacdc1001] ADD triggered for iface p0.
DEBUG: IFACE: iface_event: iface event [0xacdc1002] POST_ADD triggered for iface p0.
INFO: ADDRESS: mcast6_addr_add: p0: joining multicast group ff02::1:ff46:d72c
INFO: ADDRESS: mcast6_addr_add: p0: joining multicast group ff01::1
INFO: ADDRESS: mcast6_addr_add: p0: joining multicast group ff02::1
INFO: ADDRESS: mcast6_addr_add: p0: joining multicast group ff01::2
INFO: ADDRESS: mcast6_addr_add: p0: joining multicast group ff02::2
INFO: ADDRESS: mcast6_addr_add: p0: joining multicast group ff05::2
INFO: ADDRESS: mcast6_addr_add: p0: joining multicast group ff02::5
INFO: ADDRESS: mcast6_addr_add: p0: joining multicast group ff02::6
INFO: ADDRESS: mcast6_addr_add: p0: joining multicast group ff02::8
INFO: ADDRESS: mcast6_addr_add: p0: joining multicast group ff02::16
DEBUG: API: read_cb: pid=397916 id=2 req_type=0xacdc0001 (GR_IFACE_ADD) req_len=466 status=0 (Success) resp_len=2
Created interface 2
DEBUG: API: disconnect_client: client pid=397916 disconnected
ZEBRA: GROUT: zebra_read_notifications: GR_EVENT_IP6_ROUTE_ADD
ZEBRA: GROUT: grout_route6_change: add fe80::f82a:ffff:fe46:d72c/64 origin link nh_id 0 route_vrf 1 nh_vrf 1
ZEBRA: GROUT: grout_route_change: link route, skip
ZEBRA: GROUT: dplane_read_notifications: GR_EVENT_IFACE_ADD
ZEBRA: GROUT: grout_link_change: add iface main
> iface add: main type=vrf id=1 mtu=0
> iface post add: main type=vrf id=1 mtu=0
> iface up: main type=vrf id=1 mtu=1500
ZEBRA: GROUT: dplane_read_notifications: GR_EVENT_IFACE_STATUS_UP
> iface mac change: p0 type=port id=2 mtu=0
> iface add: p0 type=port id=2 mtu=0
> route6 add: vrf=main fe80::f82a:ffff:fe46:d72c/64 origin=link via type=L3 iface=p0 vrf=main origin=INTERNAL family=ipv6 addr=fe80::f82a:ffff:fe46:d72c/64 state=reachable mac=fa:2a:ff:46:d7:2c f
> addr6 add: iface=p0 fe80::f82a:ffff:fe46:d72c/64
> iface post add: p0 type=port id=2 mtu=0
ZEBRA: GROUT: grout_link_change: add iface main
ZEBRA: GROUT: dplane_read_notifications: GR_EVENT_IFACE_MAC_CHANGE
ZEBRA: GROUT: grout_link_change: add iface p0
ZEBRA: GROUT: dplane_read_notifications: GR_EVENT_IFACE_ADD
ZEBRA: GROUT: grout_link_change: add iface p0
ZEBRA: GROUT: dplane_read_notifications: GR_EVENT_IP6_ADDR_ADD
ZEBRA: GROUT: grout_interface_addr6_change: add fe80::f82a:ffff:fe46:d72c/64 iface 2
ZEBRA: [WMBNH-V6XN6] Unable to find specified Interface for default
ZEBRA: [WMBNH-V6XN6] Unable to find specified Interface for default
ZEBRA: [WMBNH-V6XN6] Unable to find specified Interface for default
ZEBRA: [WMBNH-V6XN6] Unable to find specified Interface for default
NOTICE: TRACE: [rx p0] fa:2a:ff:46:d7:2c > 33:33:00:00:00:16 / IPv6 :: > ff02::16 ttl=1 proto=HOPOPT(0) / ICMPv6 type=143 code=0, (pkt_len=90)
NOTICE: TRACE: [drop icmp6_input_unsupported] 1 packets
+ grcli address add 172.16.0.1/24 iface p0
ZEBRA: [YDG3W-JND95] FD Limit set: 524288 is stupidly large.  Is this what you intended?  Consider using --limit-fds also limiting size to 100000
ZEBRA: [V98V0-MTWPF] client 81 says hello and bids fair to announce only bgp routes vrf=0
DEBUG: API: accept_conn_cb: new connection fd=26 pid=397917
DEBUG: API: read_cb: pid=397917 id=1 req_type=0xcafe1981 (GR_HELLO) req_len=132 status=0 (Success) resp_len=2
DEBUG: API: api_send: pid=397917 for_id=2 len=316
DEBUG: API: api_send: pid=397917 for_id=2 len=466
DEBUG: API: read_cb: pid=397917 id=2 req_type=0xacdc0004 (GR_IFACE_LIST) req_len=1 status=0 (Success) resp_len=0
DEBUG: API: read_cb: pid=397917 id=3 req_type=0xacdc0003 (GR_IFACE_GET) req_len=18 status=0 (Success) resp_len=466
DEBUG: API: read_cb: pid=397917 id=4 req_type=0xf00d0005 (GR_IP4_ADDR_ADD) req_len=16 status=0 (Success) resp_len=0
DEBUG: API: disconnect_client: client pid=397917 disconnected
> route4 add: vrf=main 172.16.0.1/24 origin=link via type=L3 iface=p0 vrf=main origin=INTERNAL family=ipv4 addr=172.16.0.1/24 state=reachable mac=fa:2a:ff:46:d7:2c flags=local link
> addr4 add: iface=p0 172.16.0.1/24
ZEBRA: GROUT: dplane_read_notifications: GR_EVENT_IP_ADDR_ADD
ZEBRA: GROUT: grout_interface_addr4_change: add 172.16.0.1/24 iface 2
ZEBRA: GROUT: zebra_read_notifications: GR_EVENT_IP_ROUTE_ADD
ZEBRA: GROUT: grout_route4_change: add 172.16.0.1/24 origin link nh_id 0 route_vrf 1 nh_vrf 1
ZEBRA: GROUT: grout_route_change: link route, skip
+ sleep 3
NOTICE: TRACE: [rx p0] fe:78:40:7f:f0:3f > 33:33:00:00:00:16 / IPv6 fe80::fc78:40ff:fe7f:f03f > ff02::16 ttl=1 proto=HOPOPT(0) / ICMPv6 type=143 code=0, (pkt_len=90)
NOTICE: TRACE: [drop icmp6_input_unsupported] 1 packets
NOTICE: TRACE: [rx p0] fe:78:40:7f:f0:3f > 33:33:00:00:00:16 / IPv6 fe80::fc78:40ff:fe7f:f03f > ff02::16 ttl=1 proto=HOPOPT(0) / ICMPv6 type=143 code=0, (pkt_len=90)
NOTICE: TRACE: [drop icmp6_input_unsupported] 1 packets
[bgp-peer] ZEBRA: [YDG3W-JND95] FD Limit set: 524288 is stupidly large.  Is this what you intended?  Consider using --limit-fds also limiting size to 100000
[bgp-peer] ZEBRA: [V98V0-MTWPF] client 82 says hello and bids fair to announce only bgp routes vrf=0
NOTICE: TRACE: [rx p0] fa:2a:ff:46:d7:2c > 33:33:ff:46:d7:2c / IPv6 :: > ff02::1:ff46:d72c ttl=255 proto=ICMPv6(58) / ICMPv6 neigh solicit who has fe80::f82a:ffff:fe46:d72c? / Option type=14 len=8(1), (pkt_len=86)
NOTICE: TRACE: [rx p0] fe:78:40:7f:f0:3f > ff:ff:ff:ff:ff:ff / ARP request who has 172.16.0.1? tell 172.16.0.2, (pkt_len=42)
NOTICE: TRACE: [tx p0] fa:2a:ff:46:d7:2c > fe:78:40:7f:f0:3f / ARP reply 172.16.0.1 is at fa:2a:ff:46:d7:2c, (pkt_len=42)
> nh new: type=L3 iface=p0 vrf=main origin=learn family=ipv4 addr=172.16.0.2 state=reachable mac=fe:78:40:7f:f0:3f flags=neigh
NOTICE: TRACE: [rx p0] fe:78:40:7f:f0:3f > fa:2a:ff:46:d7:2c / IP 172.16.0.2 > 172.16.0.1 ttl=255 proto=TCP(6) / TCP 33132 > 179 flags=S, (pkt_len=74)
ERR: CTLPLANE: iface_cp_tx: write to tap device failed Input/output error
NOTICE: TRACE: [cp tx p0] fa:2a:ff:46:d7:2c > fa:2a:ff:46:d7:2c / IP 172.16.0.2 > 172.16.0.1 ttl=255 proto=TCP(6) / TCP 33132 > 179 flags=S, (pkt_len=74)
ZEBRA: GROUT: zebra_read_notifications: GR_EVENT_NEXTHOP_NEW
ZEBRA: GROUT: grout_nexthop_change: add nh_id 0 origin learn
ZEBRA: GROUT: grout_neigh_notify: add neigh iface=2 172.16.0.2 fe:78:40:7f:f0:3f
ZEBRA: GROUT: grout_nexthop_change: dynamic neighbor learn, skip
NOTICE: TRACE: [rx p0] fa:2a:ff:46:d7:2c > 33:33:00:00:00:16 / IPv6 :: > ff02::16 ttl=1 proto=HOPOPT(0) / ICMPv6 type=143 code=0, (pkt_len=90)
NOTICE: TRACE: [drop icmp6_input_unsupported] 1 packets
INFO: PORT: link_event_cb: p0: link status up
DEBUG: IFACE: iface_event: iface event [0xacdc1006] STATUS_UP triggered for iface p0.
> iface up: p0 type=port id=2 mtu=1500
NOTICE: TRACE: [tx p0] fa:2a:ff:46:d7:2c > ff:ff:ff:ff:ff:ff / ARP announce 172.16.0.1 is at fa:2a:ff:46:d7:2c, (pkt_len=42)
NOTICE: TRACE: [tx p0] fa:2a:ff:46:d7:2c > 33:33:00:00:00:01 / IPv6 fe80::f82a:ffff:fe46:d72c > ff02::1 ttl=255 proto=ICMPv6(58) / ICMPv6 neigh advert fe80::f82a:ffff:fe46:d72c is at (solicited=0) / Option target_lladdr=fa:2a:ff:46:d7:2c, (pkt_len=86)
ZEBRA: GROUT: dplane_read_notifications: GR_EVENT_IFACE_STATUS_UP
ZEBRA: GROUT: grout_link_change: add iface p0
ZEBRA: GROUT: grout_add_del_route: add fe80::/64 origin link nh_id 3 vrf 1
ZEBRA: GROUT: grout_add_del_route: non-frr origin, skip
ZEBRA: GROUT: grout_add_del_route: add fe80::/64 origin link nh_id 3 vrf 1
ZEBRA: GROUT: grout_add_del_route: non-frr origin, skip
ZEBRA: GROUT: grout_add_del_route: add 172.16.0.0/24 origin link nh_id 4 vrf 1
ZEBRA: GROUT: grout_add_del_route: non-frr origin, skip
ZEBRA: GROUT: grout_add_del_route: add 172.16.0.0/24 origin link nh_id 4 vrf 1
ZEBRA: GROUT: grout_add_del_route: non-frr origin, skip
ZEBRA: GROUT: grout_add_del_route: add 172.16.0.1/32 origin link nh_id 4 vrf 1
ZEBRA: GROUT: grout_add_del_route: non-frr origin, skip
ZEBRA: GROUT: grout_add_del_route: add 172.16.0.1/32 origin link nh_id 4 vrf 1
ZEBRA: GROUT: grout_add_del_route: non-frr origin, skip
NOTICE: TRACE: [tx p0] fa:2a:ff:46:d7:2c > ff:ff:ff:ff:ff:ff / ARP request who has 172.16.0.2? tell 172.16.0.1, (pkt_len=42)
NOTICE: TRACE: [rx p0] fe:78:40:7f:f0:3f > fa:2a:ff:46:d7:2c / ARP reply 172.16.0.2 is at fe:78:40:7f:f0:3f, (pkt_len=42)
NOTICE: TRACE: [tx p0] fa:2a:ff:46:d7:2c > fe:78:40:7f:f0:3f / IP 172.16.0.1 > 172.16.0.2 ttl=255 proto=TCP(6) / TCP 43146 > 179 flags=S, (pkt_len=74)
> nh update: type=L3 iface=p0 vrf=main origin=learn family=ipv4 addr=172.16.0.2 state=reachable mac=fe:78:40:7f:f0:3f flags=neigh
NOTICE: TRACE: [rx p0] fe:78:40:7f:f0:3f > fa:2a:ff:46:d7:2c / IP 172.16.0.2 > 172.16.0.1 ttl=255 proto=TCP(6) / TCP 179 > 43146 flags=SA, (pkt_len=74)
ZEBRA: GROUT: zebra_read_notifications: GR_EVENT_NEXTHOP_UPDATE
NOTICE: TRACE: [cp tx p0] fa:2a:ff:46:d7:2c > fa:2a:ff:46:d7:2c / IP 172.16.0.2 > 172.16.0.1 ttl=255 proto=TCP(6) / TCP 179 > 43146 flags=SA, (pkt_len=74)
ZEBRA: GROUT: grout_nexthop_change: add nh_id 0 origin learn
NOTICE: TRACE: [tx p0] fa:2a:ff:46:d7:2c > fe:78:40:7f:f0:3f / IP 172.16.0.1 > 172.16.0.2 ttl=255 proto=TCP(6) / TCP 43146 > 179 flags=A, (pkt_len=66)
ZEBRA: GROUT: grout_neigh_notify: add neigh iface=2 172.16.0.2 fe:78:40:7f:f0:3f
ZEBRA: GROUT: grout_nexthop_change: dynamic neighbor learn, skip
NOTICE: TRACE: [tx p0] fa:2a:ff:46:d7:2c > fe:78:40:7f:f0:3f / IP 172.16.0.1 > 172.16.0.2 ttl=255 proto=TCP(6) / TCP 43146 > 179 flags=PA, (pkt_len=197)
NOTICE: TRACE: [rx p0] fe:78:40:7f:f0:3f > fa:2a:ff:46:d7:2c / IP 172.16.0.2 > 172.16.0.1 ttl=255 proto=TCP(6) / TCP 179 > 43146 flags=PA, (pkt_len=197)
NOTICE: TRACE: [rx p0] fe:78:40:7f:f0:3f > fa:2a:ff:46:d7:2c / IP 172.16.0.2 > 172.16.0.1 ttl=255 proto=TCP(6) / TCP 179 > 43146 flags=A, (pkt_len=66)
NOTICE: TRACE: [cp tx p0] fa:2a:ff:46:d7:2c > fa:2a:ff:46:d7:2c / IP 172.16.0.2 > 172.16.0.1 ttl=255 proto=TCP(6) / TCP 179 > 43146 flags=PA, (pkt_len=197)
NOTICE: TRACE: [cp tx p0] fa:2a:ff:46:d7:2c > fa:2a:ff:46:d7:2c / IP 172.16.0.2 > 172.16.0.1 ttl=255 proto=TCP(6) / TCP 179 > 43146 flags=A, (pkt_len=66)
NOTICE: TRACE: [tx p0] fa:2a:ff:46:d7:2c > fe:78:40:7f:f0:3f / IP 172.16.0.1 > 172.16.0.2 ttl=255 proto=TCP(6) / TCP 43146 > 179 flags=A, (pkt_len=66)
NOTICE: TRACE: [rx p0] fe:78:40:7f:f0:3f > fa:2a:ff:46:d7:2c / IP 172.16.0.2 > 172.16.0.1 ttl=255 proto=TCP(6) / TCP 179 > 43146 flags=PA, (pkt_len=85)
NOTICE: TRACE: [tx p0] fa:2a:ff:46:d7:2c > fe:78:40:7f:f0:3f / IP 172.16.0.1 > 172.16.0.2 ttl=255 proto=TCP(6) / TCP 43146 > 179 flags=PA, (pkt_len=85)
NOTICE: TRACE: [cp tx p0] fa:2a:ff:46:d7:2c > fa:2a:ff:46:d7:2c / IP 172.16.0.2 > 172.16.0.1 ttl=255 proto=TCP(6) / TCP 179 > 43146 flags=PA, (pkt_len=85)
NOTICE: TRACE: [rx p0] fe:78:40:7f:f0:3f > fa:2a:ff:46:d7:2c / IP 172.16.0.2 > 172.16.0.1 ttl=255 proto=TCP(6) / TCP 179 > 43146 flags=A, (pkt_len=66)
NOTICE: TRACE: [tx p0] fa:2a:ff:46:d7:2c > fe:78:40:7f:f0:3f / IP 172.16.0.1 > 172.16.0.2 ttl=255 proto=TCP(6) / TCP 43146 > 179 flags=A, (pkt_len=66)
NOTICE: TRACE: [cp tx p0] fa:2a:ff:46:d7:2c > fa:2a:ff:46:d7:2c / IP 172.16.0.2 > 172.16.0.1 ttl=255 proto=TCP(6) / TCP 179 > 43146 flags=A, (pkt_len=66)
NOTICE: TRACE: [tx p0] fa:2a:ff:46:d7:2c > fe:78:40:7f:f0:3f / IP 172.16.0.1 > 172.16.0.2 ttl=255 proto=TCP(6) / TCP 43146 > 179 flags=PA, (pkt_len=145)
NOTICE: TRACE: [rx p0] fe:78:40:7f:f0:3f > fa:2a:ff:46:d7:2c / IP 172.16.0.2 > 172.16.0.1 ttl=255 proto=TCP(6) / TCP 179 > 43146 flags=A, (pkt_len=66)
NOTICE: TRACE: [cp tx p0] fa:2a:ff:46:d7:2c > fa:2a:ff:46:d7:2c / IP 172.16.0.2 > 172.16.0.1 ttl=255 proto=TCP(6) / TCP 179 > 43146 flags=A, (pkt_len=66)
[bgp-peer] BGP: [M59KS-A3ZXZ] bgp_update_receive_eor: rcvd End-of-RIB for IPv4 Unicast from 172.16.0.1 in vrf default
NOTICE: TRACE: [rx p0] fe:78:40:7f:f0:3f > fa:2a:ff:46:d7:2c / IP 172.16.0.2 > 172.16.0.1 ttl=255 proto=TCP(6) / TCP 179 > 43146 flags=PA, (pkt_len=149)
NOTICE: TRACE: [cp tx p0] fa:2a:ff:46:d7:2c > fa:2a:ff:46:d7:2c / IP 172.16.0.2 > 172.16.0.1 ttl=255 proto=TCP(6) / TCP 179 > 43146 flags=PA, (pkt_len=149)
NOTICE: TRACE: [tx p0] fa:2a:ff:46:d7:2c > fe:78:40:7f:f0:3f / IP 172.16.0.1 > 172.16.0.2 ttl=255 proto=TCP(6) / TCP 43146 > 179 flags=A, (pkt_len=66)
BGP: [M59KS-A3ZXZ] bgp_update_receive_eor: rcvd End-of-RIB for IPv4 Unicast from 172.16.0.2 in vrf default
DEBUG: API: read_cb: pid=397682 id=33 req_type=0xacdc2003 (GR_NH_ADD) req_len=44 status=0 (Success) resp_len=0
> nh update: type=L3 id=6 iface=p0 vrf=main origin=zebra family=ipv4 addr=172.16.0.2 state=reachable mac=fe:78:40:7f:f0:3f
DEBUG: API: read_cb: pid=397682 id=34 req_type=0xf00d0001 (GR_IP4_ROUTE_ADD) req_len=24 status=0 (Success) resp_len=0
> route4 add: vrf=main 16.0.0.0/24 origin=bgp via type=L3 id=6 iface=p0 vrf=main origin=zebra family=ipv4 addr=172.16.0.2 state=reachable mac=fe:78:40:7f:f0:3f
ZEBRA: GROUT: grout_add_del_nexthop: add nh_id 6 origin zebra
ZEBRA: GROUT: grout_add_nexthop: nh_id 6 type L3
ZEBRA: GROUT: grout_client_send_recv: GR_NH_ADD: success
ZEBRA: GROUT: grout_add_del_route: add 16.0.0.0/24 origin bgp nh_id 6 vrf 1
ZEBRA: GROUT: grout_client_send_recv: GR_IP4_ROUTE_ADD: success
+ wait_bgp_established 30
+ local timeout=30
+ local elapsed=0
+ '[' 0 -lt 30 ']'
+ vtysh -c 'show bgp summary json'
+ jq -e '.ipv4Unicast.peers."172.16.0.2".state == "Established"'
+ return 0
+ teardown_bgp
+ python3 /home/apanatto/dev/github.com/DPDK/grout/subprojects/frr-frr-10.6.1/tools/frr-reload.py --confdir build//frr_install/etc/frr --bindir build//frr_install/bin --rundir build//frr_install/var/run/frr --reload --debug --stdout /tmp/tmp.kCeOhDfbvG/base.conf
2026-08-24 17:34:03,684  INFO: Called via "Namespace(input=None, reload=True, test=False, debug=True, log_level='info', stdout=True, pathspace=None, filename='/tmp/tmp.kCeOhDfbvG/base.conf', overwrite=False, bindir='build//frr_install/bin', confdir='build//frr_install/etc/frr', rundir='build//frr_install/var/run/frr', vty_socket=None, daemon='', test_reset=False, logfmt=False, logfile='/var/log/frr/frr-reload.log')"
2026-08-24 17:34:03,684  INFO: Loading Config object from file /tmp/tmp.kCeOhDfbvG/base.conf
2026-08-24 17:34:03,690 DEBUG: LINE hostname grout                                    : single-line context
2026-08-24 17:34:03,691 DEBUG: LINE debug zebra dplane dpdk                           : single-line context
2026-08-24 17:34:03,699 DEBUG: New Frr Config
hostname grout
debug zebra dplane dpdk

end

2026-08-24 17:34:03,699  INFO: Loading Config object from vtysh show running
2026-08-24 17:34:03,708 DEBUG: LINE frr version 10.6.1                                : single-line context
2026-08-24 17:34:03,708 DEBUG: LINE frr defaults traditional                          : single-line context
2026-08-24 17:34:03,708 DEBUG: LINE hostname apanatto-thinkpadt14gen5.rmtit.csb       : single-line context
2026-08-24 17:34:03,708 DEBUG: LINE debug zebra dplane dpdk                           : single-line context
2026-08-24 17:34:03,708 DEBUG: LINE vrf main                                          : enter context vrf main                                          
2026-08-24 17:34:03,708 DEBUG: LINE exit-vrf                                          : exit context vrf main                                          
2026-08-24 17:34:03,708 DEBUG: LINE router bgp 64512                                  : enter context router bgp 64512                                  
2026-08-24 17:34:03,708 DEBUG: LINE bgp router-id 172.16.0.1                          : add to current context router bgp 64512                                  
2026-08-24 17:34:03,708 DEBUG: LINE neighbor 172.16.0.2 remote-as 64512               : add to current context router bgp 64512                                  
2026-08-24 17:34:03,709 DEBUG: LINE address-family ipv4 unicast                       : enter context router bgp 64512 address-family ipv4 unicast      
2026-08-24 17:34:03,709 DEBUG: LINE network 172.16.0.0/24                             : add to current context router bgp 64512 address-family ipv4 unicast      
2026-08-24 17:34:03,709 DEBUG: LINE exit-address-family                               : exit context router bgp 64512 address-family ipv4 unicast      
2026-08-24 17:34:03,709 DEBUG: LINE exit                                              : exit context router bgp 64512                                  
2026-08-24 17:34:03,709 DEBUG: Running Frr Config (Pass #0)
frr version 10.6.1
frr defaults traditional
hostname apanatto-thinkpadt14gen5.rmtit.csb
!
debug zebra dplane dpdk
!
vrf main
exit-vrf
end
!
router bgp 64512
bgp router-id 172.16.0.1
neighbor 172.16.0.2 remote-as 64512
!
address-family ipv4 unicast
network 172.16.0.0/24
exit-address-family
exit
!
end
2026-08-24 17:34:03,709  INFO: "frr version 10.6.1" cannot be removed
2026-08-24 17:34:03,709  INFO: "frr defaults traditional" cannot be removed
2026-08-24 17:34:03,717  INFO: Executed "no hostname apanatto-thinkpadt14gen5.rmtit.csb"
ZEBRA: [WMBNH-V6XN6] Unable to find specified Interface for default
ZEBRA: [WMBNH-V6XN6] Unable to find specified Interface for default
NOTICE: TRACE: [tx p0] fa:2a:ff:46:d7:2c > fe:78:40:7f:f0:3f / IP 172.16.0.1 > 172.16.0.2 ttl=255 proto=TCP(6) / TCP 43146 > 179 flags=FA, (pkt_len=66)
2026-08-24 17:34:03,725  INFO: Executed "no router bgp 64512"
NOTICE: TRACE: [rx p0] fe:78:40:7f:f0:3f > fa:2a:ff:46:d7:2c / IP 172.16.0.2 > 172.16.0.1 ttl=255 proto=TCP(6) / TCP 179 > 43146 flags=FA, (pkt_len=66)
2026-08-24 17:34:03,725  INFO: build//frr_install/var/run/frr/reload-WBVIUU.txt content
['hostname grout\n']
NOTICE: TRACE: [cp tx p0] fa:2a:ff:46:d7:2c > fa:2a:ff:46:d7:2c / IP 172.16.0.2 > 172.16.0.1 ttl=255 proto=TCP(6) / TCP 179 > 43146 flags=FA, (pkt_len=66)
NOTICE: TRACE: [tx p0] fa:2a:ff:46:d7:2c > fe:78:40:7f:f0:3f / IP 172.16.0.1 > 172.16.0.2 ttl=255 proto=TCP(6) / TCP 43146 > 179 flags=A, (pkt_len=66)
[397993|mgmtd] sending configuration
[397994|zebra] sending configuration
[397997|ospfd] sending configuration
[397998|ospf6d] sending configuration
MGMTD: [VTVCM-Y2NW3] Configuration Read in Took: 00:00:00
[397993|mgmtd] done
MGMTD: [G6NKK-8C6DV] end_config: VTY:0x35df98f0, pending SET-CFG: 0
ZEBRA: [VTVCM-Y2NW3] Configuration Read in Took: 00:00:00
ZEBRA: [G6NKK-8C6DV] end_config: VTY:0x1ead2770, pending SET-CFG: 0
[397994|zebra] done
[398000|bgpd] sending configuration
OSPF6: [VTVCM-Y2NW3] Configuration Read in Took: 00:00:00
[397998|ospf6d] done
OSPF6: [G6NKK-8C6DV] end_config: VTY:0x2ab395a0, pending SET-CFG: 0
[398001|isisd] sending configuration
OSPF: [VTVCM-Y2NW3] Configuration Read in Took: 00:00:00
OSPF: [G6NKK-8C6DV] end_config: VTY:0x26031e00, pending SET-CFG: 0
[397997|ospfd] done
BGP: [VTVCM-Y2NW3] Configuration Read in Took: 00:00:00
BGP: [G6NKK-8C6DV] end_config: VTY:0x1f126030, pending SET-CFG: 0
[398000|bgpd] done
ISIS: [VTVCM-Y2NW3] Configuration Read in Took: 00:00:00
ISIS: [G6NKK-8C6DV] end_config: VTY:0xff70de0, pending SET-CFG: 0
[398001|isisd] done
[398009|staticd] sending configuration
[398010|bfdd] sending configuration
STATIC: [VTVCM-Y2NW3] Configuration Read in Took: 00:00:00
STATIC: [G6NKK-8C6DV] end_config: VTY:0xa0f9aa0, pending SET-CFG: 0
[398009|staticd] done
Waiting for children to finish applying config...
BFD: [VTVCM-Y2NW3] Configuration Read in Took: 00:00:00
BFD: [G6NKK-8C6DV] end_config: VTY:0x37c70ec0, pending SET-CFG: 0
[398010|bfdd] done
[398014|watchfrr] sending configuration
[398014|watchfrr] done
DEBUG: ROUTE: rib4_delete: VRF 1: 16.0.0.0/24
DEBUG: API: read_cb: pid=397682 id=35 req_type=0xf00d0002 (GR_IP4_ROUTE_DEL) req_len=16 status=0 (Success) resp_len=0
> route4 del: vrf=main 16.0.0.0/24 origin=bgp via type=L3 id=6 iface=p0 vrf=main origin=zebra family=ipv4 addr=172.16.0.2 state=reachable mac=fe:78:40:7f:f0:3f
2026-08-24 17:34:03,735  INFO: Loading Config object from vtysh show running
ZEBRA: GROUT: grout_add_del_route: del 16.0.0.0/24 origin bgp nh_id 6 vrf 1
ZEBRA: GROUT: grout_client_send_recv: GR_IP4_ROUTE_DEL: success
2026-08-24 17:34:03,743 DEBUG: LINE frr version 10.6.1                                : single-line context
2026-08-24 17:34:03,743 DEBUG: LINE frr defaults traditional                          : single-line context
2026-08-24 17:34:03,743 DEBUG: LINE hostname apanatto-thinkpadt14gen5.rmtit.csb       : single-line context
2026-08-24 17:34:03,743 DEBUG: LINE debug zebra dplane dpdk                           : single-line context
2026-08-24 17:34:03,743 DEBUG: LINE vrf main                                          : enter context vrf main                                          
2026-08-24 17:34:03,743 DEBUG: LINE exit-vrf                                          : exit context vrf main                                          
2026-08-24 17:34:03,743 DEBUG: Running Frr Config (Pass #1)
frr version 10.6.1
frr defaults traditional
hostname apanatto-thinkpadt14gen5.rmtit.csb
!
debug zebra dplane dpdk
!
vrf main
exit-vrf
end
!
end
2026-08-24 17:34:03,743  INFO: "frr version 10.6.1" cannot be removed
2026-08-24 17:34:03,743  INFO: "frr defaults traditional" cannot be removed
2026-08-24 17:34:03,743  INFO: build//frr_install/var/run/frr/reload-JN5OK6.txt content
['hostname grout\n', 'hostname grout\n']
[398018|mgmtd] sending configuration
[398019|zebra] sending configuration
[398022|ospfd] sending configuration
[398023|ospf6d] sending configuration
ZEBRA: [VTVCM-Y2NW3] Configuration Read in Took: 00:00:00
[398019|zebra] done
[398018|mgmtd] done
ZEBRA: [G6NKK-8C6DV] end_config: VTY:0x1ead2770, pending SET-CFG: 0
MGMTD: [VTVCM-Y2NW3] Configuration Read in Took: 00:00:00
MGMTD: [G6NKK-8C6DV] end_config: VTY:0x35df98f0, pending SET-CFG: 0
[398025|bgpd] sending configuration
OSPF6: [VTVCM-Y2NW3] Configuration Read in Took: 00:00:00
OSPF6: [G6NKK-8C6DV] end_config: VTY:0x2ab395a0, pending SET-CFG: 0
[398023|ospf6d] done
[398026|isisd] sending configuration
OSPF: [VTVCM-Y2NW3] Configuration Read in Took: 00:00:00
OSPF: [G6NKK-8C6DV] end_config: VTY:0x26031e00, pending SET-CFG: 0
[398022|ospfd] done
BGP: [VTVCM-Y2NW3] Configuration Read in Took: 00:00:00
BGP: [G6NKK-8C6DV] end_config: VTY:0x1f155bb0, pending SET-CFG: 0
[398025|bgpd] done
ISIS: [VTVCM-Y2NW3] Configuration Read in Took: 00:00:00
ISIS: [G6NKK-8C6DV] end_config: VTY:0xff70de0, pending SET-CFG: 0
[398026|isisd] done
[398034|staticd] sending configuration
[398035|bfdd] sending configuration
[398034|staticd] done
STATIC: [VTVCM-Y2NW3] Configuration Read in Took: 00:00:00
STATIC: [G6NKK-8C6DV] end_config: VTY:0xa0f9aa0, pending SET-CFG: 0
Waiting for children to finish applying config...
[398039|watchfrr] sending configuration
BFD: [VTVCM-Y2NW3] Configuration Read in Took: 00:00:00
BFD: [G6NKK-8C6DV] end_config: VTY:0x37c70ec0, pending SET-CFG: 0
[398035|bfdd] done
[398039|watchfrr] done
+ grcli interface del p0
DEBUG: API: accept_conn_cb: new connection fd=26 pid=398042
DEBUG: API: read_cb: pid=398042 id=1 req_type=0xcafe1981 (GR_HELLO) req_len=132 status=0 (Success) resp_len=2
DEBUG: API: api_send: pid=398042 for_id=2 len=316
DEBUG: API: api_send: pid=398042 for_id=2 len=466
DEBUG: API: read_cb: pid=398042 id=2 req_type=0xacdc0004 (GR_IFACE_LIST) req_len=1 status=0 (Success) resp_len=0
DEBUG: API: read_cb: pid=398042 id=3 req_type=0xacdc0003 (GR_IFACE_GET) req_len=18 status=0 (Success) resp_len=466
DEBUG: IFACE: iface_event: iface event [0xacdc1003] PRE_REMOVE triggered for iface p0.
DEBUG: ROUTE: rib4_delete: VRF 1: 172.16.0.2/32
INFO: WORKER: port_unplug: port 0 unplugged
DEBUG: ROUTE: rib4_delete: VRF 1: 172.16.0.0/24
DEBUG: ROUTE: rib6_delete: VRF 1: fe80:2::/64
DEBUG: IFACE: iface_event: iface event [0xacdc1007] STATUS_DOWN triggered for iface p0.
DEBUG: MEMPOOL: gr_pktmbuf_pool_release: release mempool mbuf_-1:0 reserved 512 -> 256 (size 2047)
DEBUG: IFACE: iface_event: iface event [0xacdc1004] REMOVE triggered for iface p0.
DEBUG: MEMPOOL: gr_pktmbuf_pool_release: release mempool mbuf_0:0 reserved 511 -> 0 (size 2047)
DEBUG: MEMPOOL: gr_pktmbuf_pool_release: schedule mempool mbuf_0:0 for deferred free
INFO: PORT: iface_port_fini: port 0 destroyed
DEBUG: API: read_cb: pid=398042 id=4 req_type=0xacdc0002 (GR_IFACE_DEL) req_len=2 status=0 (Success) resp_len=0
DEBUG: API: disconnect_client: client pid=398042 disconnected
> nh del: type=L3 iface=p0 vrf=main origin=zebra family=ipv4 addr=172.16.0.2 state=reachable mac=fe:78:40:7f:f0:3f
> addr4 del: iface=p0 172.16.0.1/24
> route4 del: vrf=main 172.16.0.0/24 origin=link via type=L3 iface=p0 vrf=main origin=INTERNAL family=ipv4 addr=172.16.0.1/24 state=reachable mac=fa:2a:ff:46:d7:2c flags=local link
> addr6 del: iface=p0 fe80::f82a:ffff:fe46:d72c/64
> route6 del: vrf=main fe80:2::/64 origin=link via type=L3 iface=p0 vrf=main origin=INTERNAL family=ipv6 addr=fe80::f82a:ffff:fe46:d72c/64 state=reachable mac=fa:2a:ff:46:d7:2c f
> iface pre del: p0 type=port id=2 mtu=1500
> iface down: p0 type=port id=2 mtu=1500
> iface del: p0 type=port id=2 mtu=1500
ZEBRA: GROUT: dplane_read_notifications: GR_EVENT_IP_ADDR_DEL
ZEBRA: GROUT: grout_interface_addr4_change: del 172.16.0.1/24 iface 2
ZEBRA: GROUT: zebra_read_notifications: GR_EVENT_NEXTHOP_DELETE
ZEBRA: GROUT: grout_nexthop_change: del nh_id 0 origin zebra
ZEBRA: GROUT: grout_neigh_notify: del neigh iface=2 172.16.0.2 fe:78:40:7f:f0:3f
ZEBRA: GROUT: grout_nexthop_change: nexthop without ID, skip
ZEBRA: GROUT: dplane_read_notifications: GR_EVENT_IP6_ADDR_DEL
ZEBRA: GROUT: grout_interface_addr6_change: del fe80::f82a:ffff:fe46:d72c/64 iface 2
ZEBRA: GROUT: dplane_read_notifications: GR_EVENT_IFACE_STATUS_DOWN
ZEBRA: GROUT: grout_link_change: add iface p0
ZEBRA: GROUT: dplane_read_notifications: GR_EVENT_IFACE_REMOVE
ZEBRA: GROUT: grout_link_change: del iface p0
ZEBRA: GROUT: zebra_read_notifications: GR_EVENT_IP_ROUTE_DEL
ZEBRA: GROUT: grout_route4_change: del 172.16.0.0/24 origin link nh_id 0 route_vrf 1 nh_vrf 1
ZEBRA: GROUT: grout_route_change: link route, skip
ZEBRA: GROUT: zebra_read_notifications: GR_EVENT_IP6_ROUTE_DEL
ZEBRA: GROUT: grout_route6_change: del fe80:2::/64 origin link nh_id 0 route_vrf 1 nh_vrf 1
ZEBRA: GROUT: grout_route_change: link route, skip
+ echo 'Teardown complete'
Teardown complete
+ for i in $(seq 1 $iterations)
+ echo '=== Iteration 2/20 ==='
=== Iteration 2/20 ===
+ setup_bgp
+ python3 /home/apanatto/dev/github.com/DPDK/grout/subprojects/frr-frr-10.6.1/tools/frr-reload.py --confdir build//frr_install/etc/frr --bindir build//frr_install/bin --rundir build//frr_install/var/run/frr --reload --debug --stdout /tmp/tmp.kCeOhDfbvG/bgp.conf
ZEBRA: GROUT: grout_add_del_route: del 172.16.0.0/24 origin link nh_id 4 vrf 1
ZEBRA: GROUT: grout_add_del_route: non-frr origin, skip
ZEBRA: GROUT: grout_add_del_route: del 172.16.0.0/24 origin link nh_id 4 vrf 1
ZEBRA: GROUT: grout_add_del_route: non-frr origin, skip
ZEBRA: GROUT: grout_add_del_route: del 172.16.0.1/32 origin link nh_id 4 vrf 1
ZEBRA: GROUT: grout_add_del_route: non-frr origin, skip
ZEBRA: GROUT: grout_add_del_route: del 172.16.0.1/32 origin link nh_id 4 vrf 1
ZEBRA: GROUT: grout_add_del_route: non-frr origin, skip
ZEBRA: GROUT: grout_add_del_route: del fe80::/64 origin link nh_id 3 vrf 1
ZEBRA: GROUT: grout_add_del_route: non-frr origin, skip
ZEBRA: GROUT: grout_add_del_route: del fe80::/64 origin link nh_id 3 vrf 1
ZEBRA: GROUT: grout_add_del_route: non-frr origin, skip
2026-08-24 17:34:03,857  INFO: Called via "Namespace(input=None, reload=True, test=False, debug=True, log_level='info', stdout=True, pathspace=None, filename='/tmp/tmp.kCeOhDfbvG/bgp.conf', overwrite=False, bindir='build//frr_install/bin', confdir='build//frr_install/etc/frr', rundir='build//frr_install/var/run/frr', vty_socket=None, daemon='', test_reset=False, logfmt=False, logfile='/var/log/frr/frr-reload.log')"
2026-08-24 17:34:03,857  INFO: Loading Config object from file /tmp/tmp.kCeOhDfbvG/bgp.conf
2026-08-24 17:34:03,863 DEBUG: LINE hostname grout                                    : single-line context
2026-08-24 17:34:03,863 DEBUG: LINE debug zebra dplane dpdk                           : single-line context
2026-08-24 17:34:03,863 DEBUG: LINE router bgp 64512                                  : enter context router bgp 64512                                  
2026-08-24 17:34:03,863 DEBUG: LINE bgp router-id 172.16.0.1                          : add to current context router bgp 64512                                  
2026-08-24 17:34:03,863 DEBUG: LINE neighbor 172.16.0.2 remote-as 64512               : add to current context router bgp 64512                                  
2026-08-24 17:34:03,863 DEBUG: LINE address-family ipv4 unicast                       : enter context router bgp 64512 address-family ipv4 unicast      
2026-08-24 17:34:03,863 DEBUG: LINE network 172.16.0.0/24                             : add to current context router bgp 64512 address-family ipv4 unicast      
2026-08-24 17:34:03,863 DEBUG: LINE exit-address-family                               : exit context router bgp 64512 address-family ipv4 unicast      
2026-08-24 17:34:03,863 DEBUG: LINE exit                                              : exit context router bgp 64512                                  
2026-08-24 17:34:03,871 DEBUG: New Frr Config
hostname grout
debug zebra dplane dpdk
router bgp 64512
bgp router-id 172.16.0.1
neighbor 172.16.0.2 remote-as 64512
address-family ipv4 unicast
network 172.16.0.0/24
exit-address-family
exit

end

2026-08-24 17:34:03,871  INFO: Loading Config object from vtysh show running
2026-08-24 17:34:03,879 DEBUG: LINE frr version 10.6.1                                : single-line context
2026-08-24 17:34:03,879 DEBUG: LINE frr defaults traditional                          : single-line context
2026-08-24 17:34:03,879 DEBUG: LINE hostname apanatto-thinkpadt14gen5.rmtit.csb       : single-line context
2026-08-24 17:34:03,879 DEBUG: LINE debug zebra dplane dpdk                           : single-line context
2026-08-24 17:34:03,879 DEBUG: LINE vrf main                                          : enter context vrf main                                          
2026-08-24 17:34:03,879 DEBUG: LINE exit-vrf                                          : exit context vrf main                                          
2026-08-24 17:34:03,879 DEBUG: Running Frr Config (Pass #0)
frr version 10.6.1
frr defaults traditional
hostname apanatto-thinkpadt14gen5.rmtit.csb
!
debug zebra dplane dpdk
!
vrf main
exit-vrf
end
!
end
2026-08-24 17:34:03,880  INFO: "frr version 10.6.1" cannot be removed
2026-08-24 17:34:03,880  INFO: "frr defaults traditional" cannot be removed
2026-08-24 17:34:03,887  INFO: Executed "no hostname apanatto-thinkpadt14gen5.rmtit.csb"
2026-08-24 17:34:03,887  INFO: build//frr_install/var/run/frr/reload-RNE86B.txt content
['hostname grout\n',
 'router bgp 64512\nexit\n',
 'router bgp 64512\n bgp router-id 172.16.0.1\nexit\n',
 'router bgp 64512\n neighbor 172.16.0.2 remote-as 64512\nexit\n',
 'router bgp 64512\n address-family ipv4 unicast\n exit\nexit\n',
 'router bgp 64512\n'
 ' address-family ipv4 unicast\n'
 '  network 172.16.0.0/24 \n'
 ' exit\n'
 'exit\n']
[398050|mgmtd] sending configuration
[398051|zebra] sending configuration
[398054|ospfd] sending configuration
[398055|ospf6d] sending configuration
[398057|bgpd] sending configuration
ZEBRA: [VTVCM-Y2NW3] Configuration Read in Took: 00:00:00
ZEBRA: [G6NKK-8C6DV] end_config: VTY:0x1ead2770, pending SET-CFG: 0
[398051|zebra] done
MGMTD: [VTVCM-Y2NW3] Configuration Read in Took: 00:00:00
[398050|mgmtd] done
[398055|ospf6d] done
[398054|ospfd] done
MGMTD: [G6NKK-8C6DV] end_config: VTY:0x35dd78c0, pending SET-CFG: 0
OSPF6: [VTVCM-Y2NW3] Configuration Read in Took: 00:00:00
OSPF6: [G6NKK-8C6DV] end_config: VTY:0x2ab395a0, pending SET-CFG: 0
OSPF: [VTVCM-Y2NW3] Configuration Read in Took: 00:00:00
OSPF: [G6NKK-8C6DV] end_config: VTY:0x26031e00, pending SET-CFG: 0
ZEBRA: [WMBNH-V6XN6] Unable to find specified Interface for default
ZEBRA: [WMBNH-V6XN6] Unable to find specified Interface for default
[398058|isisd] sending configuration
[398066|staticd] sending configuration
[398067|bfdd] sending configuration
BGP: [VTVCM-Y2NW3] Configuration Read in Took: 00:00:00
[398057|bgpd] done
BGP: [G6NKK-8C6DV] end_config: VTY:0x1f155bb0, pending SET-CFG: 0
[398071|watchfrr] sending configuration
Waiting for children to finish applying config...
STATIC: [VTVCM-Y2NW3] Configuration Read in Took: 00:00:00
STATIC: [G6NKK-8C6DV] end_config: VTY:0xa0f9aa0, pending SET-CFG: 0
[398066|staticd] done
BFD: [VTVCM-Y2NW3] Configuration Read in Took: 00:00:00
BFD: [G6NKK-8C6DV] end_config: VTY:0x37c70ea0, pending SET-CFG: 0
[398067|bfdd] done
[398071|watchfrr] done
ISIS: [VTVCM-Y2NW3] Configuration Read in Took: 00:00:00
ISIS: [G6NKK-8C6DV] end_config: VTY:0xff70dc0, pending SET-CFG: 0
[398058|isisd] done
2026-08-24 17:34:03,900  INFO: Loading Config object from vtysh show running
2026-08-24 17:34:03,908 DEBUG: LINE frr version 10.6.1                                : single-line context
2026-08-24 17:34:03,909 DEBUG: LINE frr defaults traditional                          : single-line context
2026-08-24 17:34:03,909 DEBUG: LINE hostname apanatto-thinkpadt14gen5.rmtit.csb       : single-line context
2026-08-24 17:34:03,909 DEBUG: LINE debug zebra dplane dpdk                           : single-line context
2026-08-24 17:34:03,909 DEBUG: LINE vrf main                                          : enter context vrf main                                          
2026-08-24 17:34:03,909 DEBUG: LINE exit-vrf                                          : exit context vrf main                                          
2026-08-24 17:34:03,909 DEBUG: LINE router bgp 64512                                  : enter context router bgp 64512                                  
2026-08-24 17:34:03,909 DEBUG: LINE bgp router-id 172.16.0.1                          : add to current context router bgp 64512                                  
2026-08-24 17:34:03,909 DEBUG: LINE neighbor 172.16.0.2 remote-as 64512               : add to current context router bgp 64512                                  
2026-08-24 17:34:03,909 DEBUG: LINE address-family ipv4 unicast                       : enter context router bgp 64512 address-family ipv4 unicast      
2026-08-24 17:34:03,909 DEBUG: LINE network 172.16.0.0/24                             : add to current context router bgp 64512 address-family ipv4 unicast      
2026-08-24 17:34:03,909 DEBUG: LINE exit-address-family                               : exit context router bgp 64512 address-family ipv4 unicast      
2026-08-24 17:34:03,909 DEBUG: LINE exit                                              : exit context router bgp 64512                                  
2026-08-24 17:34:03,909 DEBUG: Running Frr Config (Pass #1)
frr version 10.6.1
frr defaults traditional
hostname apanatto-thinkpadt14gen5.rmtit.csb
!
debug zebra dplane dpdk
!
vrf main
exit-vrf
end
!
router bgp 64512
bgp router-id 172.16.0.1
neighbor 172.16.0.2 remote-as 64512
!
address-family ipv4 unicast
network 172.16.0.0/24
exit-address-family
exit
!
end
2026-08-24 17:34:03,909  INFO: "frr version 10.6.1" cannot be removed
2026-08-24 17:34:03,909  INFO: "frr defaults traditional" cannot be removed
2026-08-24 17:34:03,909  INFO: build//frr_install/var/run/frr/reload-YJ8DC0.txt content
['hostname grout\n',
 'hostname grout\n',
 'router bgp 64512\nexit\n',
 'router bgp 64512\n bgp router-id 172.16.0.1\nexit\n',
 'router bgp 64512\n neighbor 172.16.0.2 remote-as 64512\nexit\n',
 'router bgp 64512\n address-family ipv4 unicast\n exit\nexit\n',
 'router bgp 64512\n'
 ' address-family ipv4 unicast\n'
 '  network 172.16.0.0/24 \n'
 ' exit\n'
 'exit\n']
[398075|mgmtd] sending configuration
[398076|zebra] sending configuration
[398079|ospfd] sending configuration
[398080|ospf6d] sending configuration
[398083|isisd] sending configuration
[398082|bgpd] sending configuration
[398080|ospf6d] done
[398076|zebra] done
[398075|mgmtd] done
MGMTD: [VTVCM-Y2NW3] Configuration Read in Took: 00:00:00
MGMTD: [G6NKK-8C6DV] end_config: VTY:0x35dd78c0, pending SET-CFG: 0
[398079|ospfd] done
ZEBRA: [VTVCM-Y2NW3] Configuration Read in Took: 00:00:00
ZEBRA: [G6NKK-8C6DV] end_config: VTY:0x1ead2770, pending SET-CFG: 0
OSPF6: [VTVCM-Y2NW3] Configuration Read in Took: 00:00:00
OSPF6: [G6NKK-8C6DV] end_config: VTY:0x2ab395a0, pending SET-CFG: 0
OSPF: [VTVCM-Y2NW3] Configuration Read in Took: 00:00:00
OSPF: [G6NKK-8C6DV] end_config: VTY:0x26031e00, pending SET-CFG: 0
ISIS: [VTVCM-Y2NW3] Configuration Read in Took: 00:00:00
ISIS: [G6NKK-8C6DV] end_config: VTY:0xff70dc0, pending SET-CFG: 0
[398083|isisd] done
[398092|bfdd] sending configuration
[398091|staticd] sending configuration
Waiting for children to finish applying config...
[398096|watchfrr] sending configuration
BFD: [VTVCM-Y2NW3] Configuration Read in Took: 00:00:00
[398092|bfdd] done
BFD: [G6NKK-8C6DV] end_config: VTY:0x37c70ea0, pending SET-CFG: 0
STATIC: [VTVCM-Y2NW3] Configuration Read in Took: 00:00:00
STATIC: [G6NKK-8C6DV] end_config: VTY:0xa0f9aa0, pending SET-CFG: 0
[398091|staticd] done
BGP: [VTVCM-Y2NW3] Configuration Read in Took: 00:00:00
BGP: [G6NKK-8C6DV] end_config: VTY:0x1f18bd00, pending SET-CFG: 0
[398082|bgpd] done
[398096|watchfrr] done
+ grcli interface add port p0 devargs net_tap0,remote=veth0
DEBUG: API: accept_conn_cb: new connection fd=26 pid=398101
DEBUG: API: read_cb: pid=398101 id=1 req_type=0xcafe1981 (GR_HELLO) req_len=132 status=0 (Success) resp_len=2
ERR: TAP: tap_nl_dump_ext_ack(): Cannot delete qdisc with handle of zero
DEBUG: MEMPOOL: gr_pktmbuf_pool_get: allocate mempool mbuf_0:1 reserved 511 (size 2047, mbuf_size 2048)
INFO: WORKER: port_plug: port 0 plugged
DEBUG: GRAPH: worker_graph_new: [CPU 6] <- port=0 rxq=0 burst_size=64
DEBUG: GRAPH: worker_graph_new: [CPU 6] -> port 0 txq 0
DEBUG: IFACE: iface_event: iface event [0xacdc1008] MAC_CHANGE triggered for iface p0.
DEBUG: MEMPOOL: gr_pktmbuf_pool_get: reuse mempool mbuf_-1:0 reserved 256 -> 512 (size 2047, mbuf_size 2048)
DEBUG: IFACE: iface_event: iface event [0xacdc1001] ADD triggered for iface p0.
DEBUG: IFACE: iface_event: iface event [0xacdc1002] POST_ADD triggered for iface p0.
INFO: ADDRESS: mcast6_addr_add: p0: joining multicast group ff02::1:ff46:d72c
INFO: ADDRESS: mcast6_addr_add: p0: joining multicast group ff01::1
INFO: ADDRESS: mcast6_addr_add: p0: joining multicast group ff02::1
INFO: ADDRESS: mcast6_addr_add: p0: joining multicast group ff01::2
INFO: ADDRESS: mcast6_addr_add: p0: joining multicast group ff02::2
INFO: ADDRESS: mcast6_addr_add: p0: joining multicast group ff05::2
INFO: ADDRESS: mcast6_addr_add: p0: joining multicast group ff02::5
INFO: ADDRESS: mcast6_addr_add: p0: joining multicast group ff02::6
INFO: ADDRESS: mcast6_addr_add: p0: joining multicast group ff02::8
INFO: ADDRESS: mcast6_addr_add: p0: joining multicast group ff02::16
DEBUG: API: read_cb: pid=398101 id=2 req_type=0xacdc0001 (GR_IFACE_ADD) req_len=466 status=0 (Success) resp_len=2
Created interface 2
> iface mac change: p0 type=port id=2 mtu=0
> iface add: p0 type=port id=2 mtu=0
> route6 add: vrf=main fe80::f82a:ffff:fe46:d72c/64 origin=link via type=L3 iface=p0 vrf=main origin=INTERNAL family=ipv6 addr=fe80::f82a:ffff:fe46:d72c/64 state=reachable mac=fa:2a:ff:46:d7:2c f
> addr6 add: iface=p0 fe80::f82a:ffff:fe46:d72c/64
> iface post add: p0 type=port id=2 mtu=0
DEBUG: API: disconnect_client: client pid=398101 disconnected
ZEBRA: GROUT: zebra_read_notifications: GR_EVENT_IP6_ROUTE_ADD
ZEBRA: GROUT: grout_route6_change: add fe80::f82a:ffff:fe46:d72c/64 origin link nh_id 0 route_vrf 1 nh_vrf 1
ZEBRA: GROUT: grout_route_change: link route, skip
ZEBRA: GROUT: dplane_read_notifications: GR_EVENT_IFACE_MAC_CHANGE
ZEBRA: GROUT: grout_link_change: add iface p0
ZEBRA: GROUT: dplane_read_notifications: GR_EVENT_IFACE_ADD
ZEBRA: GROUT: grout_link_change: add iface p0
ZEBRA: GROUT: dplane_read_notifications: GR_EVENT_IP6_ADDR_ADD
ZEBRA: GROUT: grout_interface_addr6_change: add fe80::f82a:ffff:fe46:d72c/64 iface 2
NOTICE: TRACE: [rx p0] fa:2a:ff:46:d7:2c > 33:33:00:00:00:16 / IPv6 :: > ff02::16 ttl=1 proto=HOPOPT(0) / ICMPv6 type=143 code=0, (pkt_len=90)
NOTICE: TRACE: [drop icmp6_input_unsupported] 1 packets
+ grcli address add 172.16.0.1/24 iface p0
DEBUG: API: accept_conn_cb: new connection fd=26 pid=398113
DEBUG: API: read_cb: pid=398113 id=1 req_type=0xcafe1981 (GR_HELLO) req_len=132 status=0 (Success) resp_len=2
DEBUG: API: api_send: pid=398113 for_id=2 len=316
DEBUG: API: api_send: pid=398113 for_id=2 len=466
DEBUG: API: read_cb: pid=398113 id=2 req_type=0xacdc0004 (GR_IFACE_LIST) req_len=1 status=0 (Success) resp_len=0
DEBUG: API: read_cb: pid=398113 id=3 req_type=0xacdc0003 (GR_IFACE_GET) req_len=18 status=0 (Success) resp_len=466
DEBUG: API: read_cb: pid=398113 id=4 req_type=0xf00d0005 (GR_IP4_ADDR_ADD) req_len=16 status=0 (Success) resp_len=0
DEBUG: API: disconnect_client: client pid=398113 disconnected
> route4 add: vrf=main 172.16.0.1/24 origin=link via type=L3 iface=p0 vrf=main origin=INTERNAL family=ipv4 addr=172.16.0.1/24 state=reachable mac=fa:2a:ff:46:d7:2c flags=local link
> addr4 add: iface=p0 172.16.0.1/24
ZEBRA: GROUT: zebra_read_notifications: GR_EVENT_IP_ROUTE_ADD
ZEBRA: GROUT: grout_route4_change: add 172.16.0.1/24 origin link nh_id 0 route_vrf 1 nh_vrf 1
ZEBRA: GROUT: grout_route_change: link route, skip
ZEBRA: GROUT: dplane_read_notifications: GR_EVENT_IP_ADDR_ADD
ZEBRA: GROUT: grout_interface_addr4_change: add 172.16.0.1/24 iface 2
+ sleep 3
INFO: PORT: link_event_cb: p0: link status up
DEBUG: IFACE: iface_event: iface event [0xacdc1006] STATUS_UP triggered for iface p0.
DEBUG: MEMPOOL: pending_free_cb: deferred free mempool mbuf_0:0 after 637 ms
NOTICE: TRACE: [tx p0] fa:2a:ff:46:d7:2c > ff:ff:ff:ff:ff:ff / ARP announce 172.16.0.1 is at fa:2a:ff:46:d7:2c, (pkt_len=42)
NOTICE: TRACE: [tx p0] fa:2a:ff:46:d7:2c > 33:33:00:00:00:01 / IPv6 fe80::f82a:ffff:fe46:d72c > ff02::1 ttl=255 proto=ICMPv6(58) / ICMPv6 neigh advert fe80::f82a:ffff:fe46:d72c is at (solicited=0) / Option target_lladdr=fa:2a:ff:46:d7:2c, (pkt_len=86)
> iface up: p0 type=port id=2 mtu=1500
ZEBRA: GROUT: dplane_read_notifications: GR_EVENT_IFACE_STATUS_UP
ZEBRA: GROUT: grout_link_change: add iface p0
ZEBRA: GROUT: grout_add_del_route: add fe80::/64 origin link nh_id 9 vrf 1
ZEBRA: GROUT: grout_add_del_route: non-frr origin, skip
ZEBRA: GROUT: grout_add_del_route: add fe80::/64 origin link nh_id 9 vrf 1
ZEBRA: GROUT: grout_add_del_route: non-frr origin, skip
ZEBRA: GROUT: grout_add_del_route: add 172.16.0.0/24 origin link nh_id 10 vrf 1
ZEBRA: GROUT: grout_add_del_route: non-frr origin, skip
ZEBRA: GROUT: grout_add_del_route: add 172.16.0.0/24 origin link nh_id 10 vrf 1
ZEBRA: GROUT: grout_add_del_route: non-frr origin, skip
ZEBRA: GROUT: grout_add_del_route: add 172.16.0.1/32 origin link nh_id 10 vrf 1
ZEBRA: GROUT: grout_add_del_route: non-frr origin, skip
ZEBRA: GROUT: grout_add_del_route: add 172.16.0.1/32 origin link nh_id 10 vrf 1
ZEBRA: GROUT: grout_add_del_route: non-frr origin, skip
NOTICE: TRACE: [rx p0] fe:78:40:7f:f0:3f > fa:2a:ff:46:d7:2c / IP 172.16.0.2 > 172.16.0.1 ttl=255 proto=TCP(6) / TCP 57546 > 179 flags=S, (pkt_len=74)
NOTICE: TRACE: [cp tx p0] fa:2a:ff:46:d7:2c > fa:2a:ff:46:d7:2c / IP 172.16.0.2 > 172.16.0.1 ttl=255 proto=TCP(6) / TCP 57546 > 179 flags=S, (pkt_len=74)
NOTICE: TRACE: [tx p0] fa:2a:ff:46:d7:2c > ff:ff:ff:ff:ff:ff / ARP request who has 172.16.0.2? tell 172.16.0.1, (pkt_len=42)
NOTICE: TRACE: [rx p0] fe:78:40:7f:f0:3f > fa:2a:ff:46:d7:2c / ARP reply 172.16.0.2 is at fe:78:40:7f:f0:3f, (pkt_len=42)
NOTICE: TRACE: [tx p0] fa:2a:ff:46:d7:2c > fe:78:40:7f:f0:3f / IP 172.16.0.1 > 172.16.0.2 ttl=255 proto=TCP(6) / TCP 179 > 57546 flags=SA, (pkt_len=74)
> nh new: type=L3 iface=p0 vrf=main origin=learn family=ipv4 addr=172.16.0.2 state=new flags=neigh
> nh update: type=L3 iface=p0 vrf=main origin=learn family=ipv4 addr=172.16.0.2 state=reachable mac=fe:78:40:7f:f0:3f flags=neigh
NOTICE: TRACE: [rx p0] fe:78:40:7f:f0:3f > fa:2a:ff:46:d7:2c / IP 172.16.0.2 > 172.16.0.1 ttl=255 proto=TCP(6) / TCP 57546 > 179 flags=A, (pkt_len=66)
NOTICE: TRACE: [cp tx p0] fa:2a:ff:46:d7:2c > fa:2a:ff:46:d7:2c / IP 172.16.0.2 > 172.16.0.1 ttl=255 proto=TCP(6) / TCP 57546 > 179 flags=A, (pkt_len=66)
NOTICE: TRACE: [rx p0] fe:78:40:7f:f0:3f > fa:2a:ff:46:d7:2c / IP 172.16.0.2 > 172.16.0.1 ttl=255 proto=TCP(6) / TCP 57546 > 179 flags=PA, (pkt_len=197)
NOTICE: TRACE: [cp tx p0] fa:2a:ff:46:d7:2c > fa:2a:ff:46:d7:2c / IP 172.16.0.2 > 172.16.0.1 ttl=255 proto=TCP(6) / TCP 57546 > 179 flags=PA, (pkt_len=197)
NOTICE: TRACE: [tx p0] fa:2a:ff:46:d7:2c > fe:78:40:7f:f0:3f / IP 172.16.0.1 > 172.16.0.2 ttl=255 proto=TCP(6) / TCP 179 > 57546 flags=A, (pkt_len=66)
NOTICE: TRACE: [tx p0] fa:2a:ff:46:d7:2c > fe:78:40:7f:f0:3f / IP 172.16.0.1 > 172.16.0.2 ttl=255 proto=TCP(6) / TCP 179 > 57546 flags=RA, (pkt_len=66)
[bgp-peer] BGP: [H4B4J-DCW2R][EC 33554455] 172.16.0.1 [Error] bgp_read_packet error: Connection reset by peer
ZEBRA: GROUT: zebra_read_notifications: GR_EVENT_NEXTHOP_NEW
ZEBRA: GROUT: grout_nexthop_change: add nh_id 0 origin learn
ZEBRA: GROUT: grout_nexthop_change: dynamic neighbor learn, skip
ZEBRA: GROUT: zebra_read_notifications: GR_EVENT_NEXTHOP_UPDATE
ZEBRA: GROUT: grout_nexthop_change: add nh_id 0 origin learn
ZEBRA: GROUT: grout_neigh_notify: add neigh iface=2 172.16.0.2 fe:78:40:7f:f0:3f
ZEBRA: GROUT: grout_nexthop_change: dynamic neighbor learn, skip
NOTICE: TRACE: [tx p0] fa:2a:ff:46:d7:2c > fe:78:40:7f:f0:3f / IP 172.16.0.1 > 172.16.0.2 ttl=255 proto=TCP(6) / TCP 37562 > 179 flags=S, (pkt_len=74)
NOTICE: TRACE: [rx p0] fe:78:40:7f:f0:3f > fa:2a:ff:46:d7:2c / IP 172.16.0.2 > 172.16.0.1 ttl=255 proto=TCP(6) / TCP 179 > 37562 flags=SA, (pkt_len=74)
NOTICE: TRACE: [cp tx p0] fa:2a:ff:46:d7:2c > fa:2a:ff:46:d7:2c / IP 172.16.0.2 > 172.16.0.1 ttl=255 proto=TCP(6) / TCP 179 > 37562 flags=SA, (pkt_len=74)
NOTICE: TRACE: [tx p0] fa:2a:ff:46:d7:2c > fe:78:40:7f:f0:3f / IP 172.16.0.1 > 172.16.0.2 ttl=255 proto=TCP(6) / TCP 37562 > 179 flags=A, (pkt_len=66)
NOTICE: TRACE: [tx p0] fa:2a:ff:46:d7:2c > fe:78:40:7f:f0:3f / IP 172.16.0.1 > 172.16.0.2 ttl=255 proto=TCP(6) / TCP 37562 > 179 flags=PA, (pkt_len=197)
NOTICE: TRACE: [rx p0] fe:78:40:7f:f0:3f > fa:2a:ff:46:d7:2c / IP 172.16.0.2 > 172.16.0.1 ttl=255 proto=TCP(6) / TCP 179 > 37562 flags=A, (pkt_len=66)
NOTICE: TRACE: [cp tx p0] fa:2a:ff:46:d7:2c > fa:2a:ff:46:d7:2c / IP 172.16.0.2 > 172.16.0.1 ttl=255 proto=TCP(6) / TCP 179 > 37562 flags=A, (pkt_len=66)
NOTICE: TRACE: [rx p0] fe:78:40:7f:f0:3f > fa:2a:ff:46:d7:2c / IP 172.16.0.2 > 172.16.0.1 ttl=255 proto=TCP(6) / TCP 179 > 37562 flags=PA, (pkt_len=197)
NOTICE: TRACE: [cp tx p0] fa:2a:ff:46:d7:2c > fa:2a:ff:46:d7:2c / IP 172.16.0.2 > 172.16.0.1 ttl=255 proto=TCP(6) / TCP 179 > 37562 flags=PA, (pkt_len=197)
NOTICE: TRACE: [tx p0] fa:2a:ff:46:d7:2c > fe:78:40:7f:f0:3f / IP 172.16.0.1 > 172.16.0.2 ttl=255 proto=TCP(6) / TCP 37562 > 179 flags=A, (pkt_len=66)
NOTICE: TRACE: [rx p0] fe:78:40:7f:f0:3f > fa:2a:ff:46:d7:2c / IP 172.16.0.2 > 172.16.0.1 ttl=255 proto=TCP(6) / TCP 179 > 37562 flags=PA, (pkt_len=85)
NOTICE: TRACE: [cp tx p0] fa:2a:ff:46:d7:2c > fa:2a:ff:46:d7:2c / IP 172.16.0.2 > 172.16.0.1 ttl=255 proto=TCP(6) / TCP 179 > 37562 flags=PA, (pkt_len=85)
NOTICE: TRACE: [tx p0] fa:2a:ff:46:d7:2c > fe:78:40:7f:f0:3f / IP 172.16.0.1 > 172.16.0.2 ttl=255 proto=TCP(6) / TCP 37562 > 179 flags=A, (pkt_len=66)
NOTICE: TRACE: [tx p0] fa:2a:ff:46:d7:2c > fe:78:40:7f:f0:3f / IP 172.16.0.1 > 172.16.0.2 ttl=255 proto=TCP(6) / TCP 37562 > 179 flags=PA, (pkt_len=85)
NOTICE: TRACE: [rx p0] fe:78:40:7f:f0:3f > fa:2a:ff:46:d7:2c / IP 172.16.0.2 > 172.16.0.1 ttl=255 proto=TCP(6) / TCP 179 > 37562 flags=A, (pkt_len=66)
NOTICE: TRACE: [cp tx p0] fa:2a:ff:46:d7:2c > fa:2a:ff:46:d7:2c / IP 172.16.0.2 > 172.16.0.1 ttl=255 proto=TCP(6) / TCP 179 > 37562 flags=A, (pkt_len=66)
NOTICE: TRACE: [rx p0] fa:2a:ff:46:d7:2c > 33:33:00:00:00:16 / IPv6 :: > ff02::16 ttl=1 proto=HOPOPT(0) / ICMPv6 type=143 code=0, (pkt_len=90)
NOTICE: TRACE: [drop icmp6_input_unsupported] 1 packets
NOTICE: TRACE: [tx p0] fa:2a:ff:46:d7:2c > fe:78:40:7f:f0:3f / IP 172.16.0.1 > 172.16.0.2 ttl=255 proto=TCP(6) / TCP 37562 > 179 flags=PA, (pkt_len=145)
NOTICE: TRACE: [rx p0] fe:78:40:7f:f0:3f > fa:2a:ff:46:d7:2c / IP 172.16.0.2 > 172.16.0.1 ttl=255 proto=TCP(6) / TCP 179 > 37562 flags=A, (pkt_len=66)
NOTICE: TRACE: [cp tx p0] fa:2a:ff:46:d7:2c > fa:2a:ff:46:d7:2c / IP 172.16.0.2 > 172.16.0.1 ttl=255 proto=TCP(6) / TCP 179 > 37562 flags=A, (pkt_len=66)
[bgp-peer] BGP: [M59KS-A3ZXZ] bgp_update_receive_eor: rcvd End-of-RIB for IPv4 Unicast from 172.16.0.1 in vrf default
NOTICE: TRACE: [rx p0] fe:78:40:7f:f0:3f > fa:2a:ff:46:d7:2c / IP 172.16.0.2 > 172.16.0.1 ttl=255 proto=TCP(6) / TCP 179 > 37562 flags=PA, (pkt_len=149)
NOTICE: TRACE: [cp tx p0] fa:2a:ff:46:d7:2c > fa:2a:ff:46:d7:2c / IP 172.16.0.2 > 172.16.0.1 ttl=255 proto=TCP(6) / TCP 179 > 37562 flags=PA, (pkt_len=149)
BGP: [M59KS-A3ZXZ] bgp_update_receive_eor: rcvd End-of-RIB for IPv4 Unicast from 172.16.0.2 in vrf default
NOTICE: TRACE: [tx p0] fa:2a:ff:46:d7:2c > fe:78:40:7f:f0:3f / IP 172.16.0.1 > 172.16.0.2 ttl=255 proto=TCP(6) / TCP 37562 > 179 flags=A, (pkt_len=66)
DEBUG: API: read_cb: pid=397682 id=36 req_type=0xacdc2003 (GR_NH_ADD) req_len=44 status=0 (Success) resp_len=0
DEBUG: API: read_cb: pid=397682 id=37 req_type=0xf00d0001 (GR_IP4_ROUTE_ADD) req_len=24 status=0 (Success) resp_len=0
> nh update: type=L3 id=12 iface=p0 vrf=main origin=zebra family=ipv4 addr=172.16.0.2 state=reachable mac=fe:78:40:7f:f0:3f
> route4 add: vrf=main 16.0.0.0/24 origin=bgp via type=L3 id=12 iface=p0 vrf=main origin=zebra family=ipv4 addr=172.16.0.2 state=reachable mac=fe:78:40:7f:f0:3f
ZEBRA: GROUT: grout_add_del_nexthop: add nh_id 12 origin zebra
ZEBRA: GROUT: grout_add_nexthop: nh_id 12 type L3
ZEBRA: GROUT: grout_client_send_recv: GR_NH_ADD: success
ZEBRA: GROUT: grout_add_del_route: add 16.0.0.0/24 origin bgp nh_id 12 vrf 1
ZEBRA: GROUT: grout_client_send_recv: GR_IP4_ROUTE_ADD: success
+ wait_bgp_established 30
+ local timeout=30
+ local elapsed=0
+ '[' 0 -lt 30 ']'
+ vtysh -c 'show bgp summary json'
+ jq -e '.ipv4Unicast.peers."172.16.0.2".state == "Established"'
+ return 0
+ teardown_bgp
+ python3 /home/apanatto/dev/github.com/DPDK/grout/subprojects/frr-frr-10.6.1/tools/frr-reload.py --confdir build//frr_install/etc/frr --bindir build//frr_install/bin --rundir build//frr_install/var/run/frr --reload --debug --stdout /tmp/tmp.kCeOhDfbvG/base.conf
2026-08-24 17:34:07,061  INFO: Called via "Namespace(input=None, reload=True, test=False, debug=True, log_level='info', stdout=True, pathspace=None, filename='/tmp/tmp.kCeOhDfbvG/base.conf', overwrite=False, bindir='build//frr_install/bin', confdir='build//frr_install/etc/frr', rundir='build//frr_install/var/run/frr', vty_socket=None, daemon='', test_reset=False, logfmt=False, logfile='/var/log/frr/frr-reload.log')"
2026-08-24 17:34:07,061  INFO: Loading Config object from file /tmp/tmp.kCeOhDfbvG/base.conf
2026-08-24 17:34:07,066 DEBUG: LINE hostname grout                                    : single-line context
2026-08-24 17:34:07,066 DEBUG: LINE debug zebra dplane dpdk                           : single-line context
2026-08-24 17:34:07,074 DEBUG: New Frr Config
hostname grout
debug zebra dplane dpdk

end

2026-08-24 17:34:07,074  INFO: Loading Config object from vtysh show running
2026-08-24 17:34:07,082 DEBUG: LINE frr version 10.6.1                                : single-line context
2026-08-24 17:34:07,082 DEBUG: LINE frr defaults traditional                          : single-line context
2026-08-24 17:34:07,082 DEBUG: LINE hostname apanatto-thinkpadt14gen5.rmtit.csb       : single-line context
2026-08-24 17:34:07,082 DEBUG: LINE debug zebra dplane dpdk                           : single-line context
2026-08-24 17:34:07,082 DEBUG: LINE vrf main                                          : enter context vrf main                                          
2026-08-24 17:34:07,082 DEBUG: LINE exit-vrf                                          : exit context vrf main                                          
2026-08-24 17:34:07,082 DEBUG: LINE router bgp 64512                                  : enter context router bgp 64512                                  
2026-08-24 17:34:07,082 DEBUG: LINE bgp router-id 172.16.0.1                          : add to current context router bgp 64512                                  
2026-08-24 17:34:07,082 DEBUG: LINE neighbor 172.16.0.2 remote-as 64512               : add to current context router bgp 64512                                  
2026-08-24 17:34:07,082 DEBUG: LINE address-family ipv4 unicast                       : enter context router bgp 64512 address-family ipv4 unicast      
2026-08-24 17:34:07,082 DEBUG: LINE network 172.16.0.0/24                             : add to current context router bgp 64512 address-family ipv4 unicast      
2026-08-24 17:34:07,082 DEBUG: LINE exit-address-family                               : exit context router bgp 64512 address-family ipv4 unicast      
2026-08-24 17:34:07,082 DEBUG: LINE exit                                              : exit context router bgp 64512                                  
2026-08-24 17:34:07,082 DEBUG: Running Frr Config (Pass #0)
frr version 10.6.1
frr defaults traditional
hostname apanatto-thinkpadt14gen5.rmtit.csb
!
debug zebra dplane dpdk
!
vrf main
exit-vrf
end
!
router bgp 64512
bgp router-id 172.16.0.1
neighbor 172.16.0.2 remote-as 64512
!
address-family ipv4 unicast
network 172.16.0.0/24
exit-address-family
exit
!
end
2026-08-24 17:34:07,082  INFO: "frr version 10.6.1" cannot be removed
2026-08-24 17:34:07,082  INFO: "frr defaults traditional" cannot be removed
2026-08-24 17:34:07,089  INFO: Executed "no hostname apanatto-thinkpadt14gen5.rmtit.csb"
ZEBRA: [WMBNH-V6XN6] Unable to find specified Interface for default
ZEBRA: [WMBNH-V6XN6] Unable to find specified Interface for default
NOTICE: TRACE: [tx p0] fa:2a:ff:46:d7:2c > fe:78:40:7f:f0:3f / IP 172.16.0.1 > 172.16.0.2 ttl=255 proto=TCP(6) / TCP 37562 > 179 flags=FA, (pkt_len=66)
NOTICE: TRACE: [rx p0] fe:78:40:7f:f0:3f > fa:2a:ff:46:d7:2c / IP 172.16.0.2 > 172.16.0.1 ttl=255 proto=TCP(6) / TCP 179 > 37562 flags=FA, (pkt_len=66)
NOTICE: TRACE: [cp tx p0] fa:2a:ff:46:d7:2c > fa:2a:ff:46:d7:2c / IP 172.16.0.2 > 172.16.0.1 ttl=255 proto=TCP(6) / TCP 179 > 37562 flags=FA, (pkt_len=66)
NOTICE: TRACE: [tx p0] fa:2a:ff:46:d7:2c > fe:78:40:7f:f0:3f / IP 172.16.0.1 > 172.16.0.2 ttl=255 proto=TCP(6) / TCP 37562 > 179 flags=A, (pkt_len=66)
2026-08-24 17:34:07,098  INFO: Executed "no router bgp 64512"
2026-08-24 17:34:07,098  INFO: build//frr_install/var/run/frr/reload-5DIBLA.txt content
['hostname grout\n']
[398230|mgmtd] sending configuration
[398231|zebra] sending configuration
[398234|ospfd] sending configuration
[398235|ospf6d] sending configuration
[398237|bgpd] sending configuration
ZEBRA: [VTVCM-Y2NW3] Configuration Read in Took: 00:00:00
[398231|zebra] done
[398238|isisd] sending configuration
ZEBRA: [G6NKK-8C6DV] end_config: VTY:0x1ead2770, pending SET-CFG: 0
[398230|mgmtd] done
MGMTD: [VTVCM-Y2NW3] Configuration Read in Took: 00:00:00
MGMTD: [G6NKK-8C6DV] end_config: VTY:0x35dd78c0, pending SET-CFG: 0
OSPF: [VTVCM-Y2NW3] Configuration Read in Took: 00:00:00
OSPF: [G6NKK-8C6DV] end_config: VTY:0x26031e00, pending SET-CFG: 0
[398234|ospfd] done
OSPF6: [VTVCM-Y2NW3] Configuration Read in Took: 00:00:00
OSPF6: [G6NKK-8C6DV] end_config: VTY:0x2ab464a0, pending SET-CFG: 0
[398235|ospf6d] done
ISIS: [VTVCM-Y2NW3] Configuration Read in Took: 00:00:00
[398238|isisd] done
ISIS: [G6NKK-8C6DV] end_config: VTY:0xff70de0, pending SET-CFG: 0
BGP: [VTVCM-Y2NW3] Configuration Read in Took: 00:00:00
[398237|bgpd] done
BGP: [G6NKK-8C6DV] end_config: VTY:0x1f18bd00, pending SET-CFG: 0
[398246|staticd] sending configuration
[398247|bfdd] sending configuration
Waiting for children to finish applying config...
STATIC: [VTVCM-Y2NW3] Configuration Read in Took: 00:00:00
[398246|staticd] done
STATIC: [G6NKK-8C6DV] end_config: VTY:0xa0f9aa0, pending SET-CFG: 0
BFD: [VTVCM-Y2NW3] Configuration Read in Took: 00:00:00
[398247|bfdd] done
BFD: [G6NKK-8C6DV] end_config: VTY:0x37c70ec0, pending SET-CFG: 0
[398251|watchfrr] sending configuration
[398251|watchfrr] done
DEBUG: ROUTE: rib4_delete: VRF 1: 16.0.0.0/24
DEBUG: API: read_cb: pid=397682 id=38 req_type=0xf00d0002 (GR_IP4_ROUTE_DEL) req_len=16 status=0 (Success) resp_len=0
2026-08-24 17:34:07,107  INFO: Loading Config object from vtysh show running
> route4 del: vrf=main 16.0.0.0/24 origin=bgp via type=L3 id=12 iface=p0 vrf=main origin=zebra family=ipv4 addr=172.16.0.2 state=reachable mac=fe:78:40:7f:f0:3f
ZEBRA: GROUT: grout_add_del_route: del 16.0.0.0/24 origin bgp nh_id 12 vrf 1
ZEBRA: GROUT: grout_client_send_recv: GR_IP4_ROUTE_DEL: success
2026-08-24 17:34:07,115 DEBUG: LINE frr version 10.6.1                                : single-line context
2026-08-24 17:34:07,115 DEBUG: LINE frr defaults traditional                          : single-line context
2026-08-24 17:34:07,115 DEBUG: LINE hostname apanatto-thinkpadt14gen5.rmtit.csb       : single-line context
2026-08-24 17:34:07,115 DEBUG: LINE debug zebra dplane dpdk                           : single-line context
2026-08-24 17:34:07,115 DEBUG: LINE vrf main                                          : enter context vrf main                                          
2026-08-24 17:34:07,115 DEBUG: LINE exit-vrf                                          : exit context vrf main                                          
2026-08-24 17:34:07,115 DEBUG: Running Frr Config (Pass #1)
frr version 10.6.1
frr defaults traditional
hostname apanatto-thinkpadt14gen5.rmtit.csb
!
debug zebra dplane dpdk
!
vrf main
exit-vrf
end
!
end
2026-08-24 17:34:07,115  INFO: "frr version 10.6.1" cannot be removed
2026-08-24 17:34:07,115  INFO: "frr defaults traditional" cannot be removed
2026-08-24 17:34:07,115  INFO: build//frr_install/var/run/frr/reload-878JRN.txt content
['hostname grout\n', 'hostname grout\n']
[398255|mgmtd] sending configuration
[398256|zebra] sending configuration
[398259|ospfd] sending configuration
MGMTD: [VTVCM-Y2NW3] Configuration Read in Took: 00:00:00
[398255|mgmtd] done
[398260|ospf6d] sending configuration
MGMTD: [G6NKK-8C6DV] end_config: VTY:0x35dd78c0, pending SET-CFG: 0
ZEBRA: [VTVCM-Y2NW3] Configuration Read in Took: 00:00:00
ZEBRA: [G6NKK-8C6DV] end_config: VTY:0x1ead2770, pending SET-CFG: 0
[398256|zebra] done
[398262|bgpd] sending configuration
OSPF: [VTVCM-Y2NW3] Configuration Read in Took: 00:00:00
OSPF: [G6NKK-8C6DV] end_config: VTY:0x26031e00, pending SET-CFG: 0
[398259|ospfd] done
[398263|isisd] sending configuration
OSPF6: [VTVCM-Y2NW3] Configuration Read in Took: 00:00:00
OSPF6: [G6NKK-8C6DV] end_config: VTY:0x2ab464a0, pending SET-CFG: 0
[398260|ospf6d] done
BGP: [VTVCM-Y2NW3] Configuration Read in Took: 00:00:00
BGP: [G6NKK-8C6DV] end_config: VTY:0x1f122dc0, pending SET-CFG: 0
[398262|bgpd] done
ISIS: [VTVCM-Y2NW3] Configuration Read in Took: 00:00:00
ISIS: [G6NKK-8C6DV] end_config: VTY:0xff70de0, pending SET-CFG: 0
[398263|isisd] done
[398271|staticd] sending configuration
[398272|bfdd] sending configuration
STATIC: [VTVCM-Y2NW3] Configuration Read in Took: 00:00:00
Waiting for children to finish applying config...
STATIC: [G6NKK-8C6DV] end_config: VTY:0xa0f9aa0, pending SET-CFG: 0
[398271|staticd] done
BFD: [VTVCM-Y2NW3] Configuration Read in Took: 00:00:00
BFD: [G6NKK-8C6DV] end_config: VTY:0x37c70ec0, pending SET-CFG: 0
[398276|watchfrr] sending configuration
[398272|bfdd] done
[398276|watchfrr] done
+ grcli interface del p0
DEBUG: API: accept_conn_cb: new connection fd=26 pid=398279
DEBUG: API: read_cb: pid=398279 id=1 req_type=0xcafe1981 (GR_HELLO) req_len=132 status=0 (Success) resp_len=2
DEBUG: API: api_send: pid=398279 for_id=2 len=316
DEBUG: API: api_send: pid=398279 for_id=2 len=466
DEBUG: API: read_cb: pid=398279 id=2 req_type=0xacdc0004 (GR_IFACE_LIST) req_len=1 status=0 (Success) resp_len=0
DEBUG: API: read_cb: pid=398279 id=3 req_type=0xacdc0003 (GR_IFACE_GET) req_len=18 status=0 (Success) resp_len=466
DEBUG: IFACE: iface_event: iface event [0xacdc1003] PRE_REMOVE triggered for iface p0.
DEBUG: ROUTE: rib4_delete: VRF 1: 172.16.0.2/32
INFO: WORKER: port_unplug: port 0 unplugged
DEBUG: ROUTE: rib4_delete: VRF 1: 172.16.0.0/24
DEBUG: ROUTE: rib6_delete: VRF 1: fe80:2::/64
DEBUG: IFACE: iface_event: iface event [0xacdc1007] STATUS_DOWN triggered for iface p0.
DEBUG: MEMPOOL: gr_pktmbuf_pool_release: release mempool mbuf_-1:0 reserved 512 -> 256 (size 2047)
DEBUG: IFACE: iface_event: iface event [0xacdc1004] REMOVE triggered for iface p0.
DEBUG: MEMPOOL: gr_pktmbuf_pool_release: release mempool mbuf_0:1 reserved 511 -> 0 (size 2047)
DEBUG: MEMPOOL: gr_pktmbuf_pool_release: schedule mempool mbuf_0:1 for deferred free
INFO: PORT: iface_port_fini: port 0 destroyed
DEBUG: API: read_cb: pid=398279 id=4 req_type=0xacdc0002 (GR_IFACE_DEL) req_len=2 status=0 (Success) resp_len=0
DEBUG: API: disconnect_client: client pid=398279 disconnected
> nh del: type=L3 iface=p0 vrf=main origin=zebra family=ipv4 addr=172.16.0.2 state=reachable mac=fe:78:40:7f:f0:3f
> addr4 del: iface=p0 172.16.0.1/24
> route4 del: vrf=main 172.16.0.0/24 origin=link via type=L3 iface=p0 vrf=main origin=INTERNAL family=ipv4 addr=172.16.0.1/24 state=reachable mac=fa:2a:ff:46:d7:2c flags=local link
> addr6 del: iface=p0 fe80::f82a:ffff:fe46:d72c/64
> route6 del: vrf=main fe80:2::/64 origin=link via type=L3 iface=p0 vrf=main origin=INTERNAL family=ipv6 addr=fe80::f82a:ffff:fe46:d72c/64 state=reachable mac=fa:2a:ff:46:d7:2c f
> iface pre del: p0 type=port id=2 mtu=1500
> iface down: p0 type=port id=2 mtu=1500
> iface del: p0 type=port id=2 mtu=1500
ZEBRA: GROUT: dplane_read_notifications: GR_EVENT_IP_ADDR_DEL
ZEBRA: GROUT: grout_interface_addr4_change: del 172.16.0.1/24 iface 2
ZEBRA: GROUT: zebra_read_notifications: GR_EVENT_NEXTHOP_DELETE
ZEBRA: GROUT: grout_nexthop_change: del nh_id 0 origin zebra
ZEBRA: GROUT: grout_neigh_notify: del neigh iface=2 172.16.0.2 fe:78:40:7f:f0:3f
ZEBRA: GROUT: grout_nexthop_change: nexthop without ID, skip
ZEBRA: GROUT: dplane_read_notifications: GR_EVENT_IP6_ADDR_DEL
ZEBRA: GROUT: grout_interface_addr6_change: del fe80::f82a:ffff:fe46:d72c/64 iface 2
ZEBRA: GROUT: dplane_read_notifications: GR_EVENT_IFACE_STATUS_DOWN
ZEBRA: GROUT: grout_link_change: add iface p0
ZEBRA: GROUT: dplane_read_notifications: GR_EVENT_IFACE_REMOVE
ZEBRA: GROUT: grout_link_change: del iface p0
ZEBRA: GROUT: zebra_read_notifications: GR_EVENT_IP_ROUTE_DEL
ZEBRA: GROUT: grout_route4_change: del 172.16.0.0/24 origin link nh_id 0 route_vrf 1 nh_vrf 1
ZEBRA: GROUT: grout_route_change: link route, skip
ZEBRA: GROUT: zebra_read_notifications: GR_EVENT_IP6_ROUTE_DEL
ZEBRA: GROUT: grout_route6_change: del fe80:2::/64 origin link nh_id 0 route_vrf 1 nh_vrf 1
ZEBRA: GROUT: grout_route_change: link route, skip
+ echo 'Teardown complete'
Teardown complete
+ for i in $(seq 1 $iterations)
+ echo '=== Iteration 3/20 ==='
=== Iteration 3/20 ===
+ setup_bgp
+ python3 /home/apanatto/dev/github.com/DPDK/grout/subprojects/frr-frr-10.6.1/tools/frr-reload.py --confdir build//frr_install/etc/frr --bindir build//frr_install/bin --rundir build//frr_install/var/run/frr --reload --debug --stdout /tmp/tmp.kCeOhDfbvG/bgp.conf
ZEBRA: GROUT: grout_add_del_route: del 172.16.0.0/24 origin link nh_id 10 vrf 1
ZEBRA: GROUT: grout_add_del_route: non-frr origin, skip
ZEBRA: GROUT: grout_add_del_route: del 172.16.0.0/24 origin link nh_id 10 vrf 1
ZEBRA: GROUT: grout_add_del_route: non-frr origin, skip
ZEBRA: GROUT: grout_add_del_route: del 172.16.0.1/32 origin link nh_id 10 vrf 1
ZEBRA: GROUT: grout_add_del_route: non-frr origin, skip
ZEBRA: GROUT: grout_add_del_route: del 172.16.0.1/32 origin link nh_id 10 vrf 1
ZEBRA: GROUT: grout_add_del_route: non-frr origin, skip
ZEBRA: GROUT: grout_add_del_route: del fe80::/64 origin link nh_id 9 vrf 1
ZEBRA: GROUT: grout_add_del_route: non-frr origin, skip
ZEBRA: GROUT: grout_add_del_route: del fe80::/64 origin link nh_id 9 vrf 1
ZEBRA: GROUT: grout_add_del_route: non-frr origin, skip
2026-08-24 17:34:07,249  INFO: Called via "Namespace(input=None, reload=True, test=False, debug=True, log_level='info', stdout=True, pathspace=None, filename='/tmp/tmp.kCeOhDfbvG/bgp.conf', overwrite=False, bindir='build//frr_install/bin', confdir='build//frr_install/etc/frr', rundir='build//frr_install/var/run/frr', vty_socket=None, daemon='', test_reset=False, logfmt=False, logfile='/var/log/frr/frr-reload.log')"
2026-08-24 17:34:07,249  INFO: Loading Config object from file /tmp/tmp.kCeOhDfbvG/bgp.conf
2026-08-24 17:34:07,255 DEBUG: LINE hostname grout                                    : single-line context
2026-08-24 17:34:07,255 DEBUG: LINE debug zebra dplane dpdk                           : single-line context
2026-08-24 17:34:07,255 DEBUG: LINE router bgp 64512                                  : enter context router bgp 64512                                  
2026-08-24 17:34:07,256 DEBUG: LINE bgp router-id 172.16.0.1                          : add to current context router bgp 64512                                  
2026-08-24 17:34:07,256 DEBUG: LINE neighbor 172.16.0.2 remote-as 64512               : add to current context router bgp 64512                                  
2026-08-24 17:34:07,256 DEBUG: LINE address-family ipv4 unicast                       : enter context router bgp 64512 address-family ipv4 unicast      
2026-08-24 17:34:07,256 DEBUG: LINE network 172.16.0.0/24                             : add to current context router bgp 64512 address-family ipv4 unicast      
2026-08-24 17:34:07,256 DEBUG: LINE exit-address-family                               : exit context router bgp 64512 address-family ipv4 unicast      
2026-08-24 17:34:07,256 DEBUG: LINE exit                                              : exit context router bgp 64512                                  
2026-08-24 17:34:07,263 DEBUG: New Frr Config
hostname grout
debug zebra dplane dpdk
router bgp 64512
bgp router-id 172.16.0.1
neighbor 172.16.0.2 remote-as 64512
address-family ipv4 unicast
network 172.16.0.0/24
exit-address-family
exit

end

2026-08-24 17:34:07,263  INFO: Loading Config object from vtysh show running
2026-08-24 17:34:07,272 DEBUG: LINE frr version 10.6.1                                : single-line context
2026-08-24 17:34:07,272 DEBUG: LINE frr defaults traditional                          : single-line context
2026-08-24 17:34:07,272 DEBUG: LINE hostname apanatto-thinkpadt14gen5.rmtit.csb       : single-line context
2026-08-24 17:34:07,272 DEBUG: LINE debug zebra dplane dpdk                           : single-line context
2026-08-24 17:34:07,272 DEBUG: LINE vrf main                                          : enter context vrf main                                          
2026-08-24 17:34:07,272 DEBUG: LINE exit-vrf                                          : exit context vrf main                                          
2026-08-24 17:34:07,272 DEBUG: Running Frr Config (Pass #0)
frr version 10.6.1
frr defaults traditional
hostname apanatto-thinkpadt14gen5.rmtit.csb
!
debug zebra dplane dpdk
!
vrf main
exit-vrf
end
!
end
2026-08-24 17:34:07,273  INFO: "frr version 10.6.1" cannot be removed
2026-08-24 17:34:07,273  INFO: "frr defaults traditional" cannot be removed
2026-08-24 17:34:07,280  INFO: Executed "no hostname apanatto-thinkpadt14gen5.rmtit.csb"
2026-08-24 17:34:07,280  INFO: build//frr_install/var/run/frr/reload-Y01Q9Q.txt content
['hostname grout\n',
 'router bgp 64512\nexit\n',
 'router bgp 64512\n bgp router-id 172.16.0.1\nexit\n',
 'router bgp 64512\n neighbor 172.16.0.2 remote-as 64512\nexit\n',
 'router bgp 64512\n address-family ipv4 unicast\n exit\nexit\n',
 'router bgp 64512\n'
 ' address-family ipv4 unicast\n'
 '  network 172.16.0.0/24 \n'
 ' exit\n'
 'exit\n']
[398287|mgmtd] sending configuration
[398288|zebra] sending configuration
[398291|ospfd] sending configuration
[398292|ospf6d] sending configuration
[398294|bgpd] sending configuration
[398295|isisd] sending configuration
MGMTD: [VTVCM-Y2NW3] Configuration Read in Took: 00:00:00
MGMTD: [G6NKK-8C6DV] end_config: VTY:0x35df98f0, pending SET-CFG: 0
[398287|mgmtd] done
[398288|zebra] done
ZEBRA: [VTVCM-Y2NW3] Configuration Read in Took: 00:00:00
ZEBRA: [G6NKK-8C6DV] end_config: VTY:0x1ead2770, pending SET-CFG: 0
OSPF6: [VTVCM-Y2NW3] Configuration Read in Took: 00:00:00
OSPF6: [G6NKK-8C6DV] end_config: VTY:0x2ab395a0, pending SET-CFG: 0
OSPF: [VTVCM-Y2NW3] Configuration Read in Took: 00:00:00
[398292|ospf6d] done
OSPF: [G6NKK-8C6DV] end_config: VTY:0x26031e00, pending SET-CFG: 0
[398291|ospfd] done
ZEBRA: [WMBNH-V6XN6] Unable to find specified Interface for default
ZEBRA: [WMBNH-V6XN6] Unable to find specified Interface for default
[398303|staticd] sending configuration
ISIS: [VTVCM-Y2NW3] Configuration Read in Took: 00:00:00
ISIS: [G6NKK-8C6DV] end_config: VTY:0xff70dc0, pending SET-CFG: 0
[398304|bfdd] sending configuration
[398295|isisd] done
Waiting for children to finish applying config...
[398308|watchfrr] sending configuration
STATIC: [VTVCM-Y2NW3] Configuration Read in Took: 00:00:00
[398303|staticd] done
STATIC: [G6NKK-8C6DV] end_config: VTY:0xa0f9aa0, pending SET-CFG: 0
BFD: [VTVCM-Y2NW3] Configuration Read in Took: 00:00:00
BFD: [G6NKK-8C6DV] end_config: VTY:0x37c70ea0, pending SET-CFG: 0
[398304|bfdd] done
BGP: [VTVCM-Y2NW3] Configuration Read in Took: 00:00:00
BGP: [G6NKK-8C6DV] end_config: VTY:0x1f122dc0, pending SET-CFG: 0
[398294|bgpd] done
[398308|watchfrr] done
2026-08-24 17:34:07,290  INFO: Loading Config object from vtysh show running
2026-08-24 17:34:07,298 DEBUG: LINE frr version 10.6.1                                : single-line context
2026-08-24 17:34:07,298 DEBUG: LINE frr defaults traditional                          : single-line context
2026-08-24 17:34:07,298 DEBUG: LINE hostname apanatto-thinkpadt14gen5.rmtit.csb       : single-line context
2026-08-24 17:34:07,298 DEBUG: LINE debug zebra dplane dpdk                           : single-line context
2026-08-24 17:34:07,298 DEBUG: LINE vrf main                                          : enter context vrf main                                          
2026-08-24 17:34:07,298 DEBUG: LINE exit-vrf                                          : exit context vrf main                                          
2026-08-24 17:34:07,298 DEBUG: LINE router bgp 64512                                  : enter context router bgp 64512                                  
2026-08-24 17:34:07,298 DEBUG: LINE bgp router-id 172.16.0.1                          : add to current context router bgp 64512                                  
2026-08-24 17:34:07,298 DEBUG: LINE neighbor 172.16.0.2 remote-as 64512               : add to current context router bgp 64512                                  
2026-08-24 17:34:07,298 DEBUG: LINE address-family ipv4 unicast                       : enter context router bgp 64512 address-family ipv4 unicast      
2026-08-24 17:34:07,298 DEBUG: LINE network 172.16.0.0/24                             : add to current context router bgp 64512 address-family ipv4 unicast      
2026-08-24 17:34:07,298 DEBUG: LINE exit-address-family                               : exit context router bgp 64512 address-family ipv4 unicast      
2026-08-24 17:34:07,298 DEBUG: LINE exit                                              : exit context router bgp 64512                                  
2026-08-24 17:34:07,298 DEBUG: Running Frr Config (Pass #1)
frr version 10.6.1
frr defaults traditional
hostname apanatto-thinkpadt14gen5.rmtit.csb
!
debug zebra dplane dpdk
!
vrf main
exit-vrf
end
!
router bgp 64512
bgp router-id 172.16.0.1
neighbor 172.16.0.2 remote-as 64512
!
address-family ipv4 unicast
network 172.16.0.0/24
exit-address-family
exit
!
end
2026-08-24 17:34:07,298  INFO: "frr version 10.6.1" cannot be removed
2026-08-24 17:34:07,298  INFO: "frr defaults traditional" cannot be removed
2026-08-24 17:34:07,298  INFO: build//frr_install/var/run/frr/reload-UKQ19P.txt content
['hostname grout\n',
 'hostname grout\n',
 'router bgp 64512\nexit\n',
 'router bgp 64512\n bgp router-id 172.16.0.1\nexit\n',
 'router bgp 64512\n neighbor 172.16.0.2 remote-as 64512\nexit\n',
 'router bgp 64512\n address-family ipv4 unicast\n exit\nexit\n',
 'router bgp 64512\n'
 ' address-family ipv4 unicast\n'
 '  network 172.16.0.0/24 \n'
 ' exit\n'
 'exit\n']
[398312|mgmtd] sending configuration
[398313|zebra] sending configuration
[398316|ospfd] sending configuration
[398317|ospf6d] sending configuration
[398319|bgpd] sending configuration
MGMTD: [VTVCM-Y2NW3] Configuration Read in Took: 00:00:00
MGMTD: [G6NKK-8C6DV] end_config: VTY:0x35df98f0, pending SET-CFG: 0
[398313|zebra] done
ZEBRA: [VTVCM-Y2NW3] Configuration Read in Took: 00:00:00
[398312|mgmtd] done
ZEBRA: [G6NKK-8C6DV] end_config: VTY:0x1ead2770, pending SET-CFG: 0
OSPF6: [VTVCM-Y2NW3] Configuration Read in Took: 00:00:00
OSPF6: [G6NKK-8C6DV] end_config: VTY:0x2ab395a0, pending SET-CFG: 0
[398317|ospf6d] done
OSPF: [VTVCM-Y2NW3] Configuration Read in Took: 00:00:00
OSPF: [G6NKK-8C6DV] end_config: VTY:0x26031e00, pending SET-CFG: 0
[398316|ospfd] done
[398320|isisd] sending configuration
[398328|staticd] sending configuration
[398329|bfdd] sending configuration
Waiting for children to finish applying config...
[398333|watchfrr] sending configuration
BGP: [VTVCM-Y2NW3] Configuration Read in Took: 00:00:00
BGP: [G6NKK-8C6DV] end_config: VTY:0x1f18bd00, pending SET-CFG: 0
[398319|bgpd] done
STATIC: [VTVCM-Y2NW3] Configuration Read in Took: 00:00:00
STATIC: [G6NKK-8C6DV] end_config: VTY:0xa0f9aa0, pending SET-CFG: 0
[398328|staticd] done
BFD: [VTVCM-Y2NW3] Configuration Read in Took: 00:00:00
[398329|bfdd] done
BFD: [G6NKK-8C6DV] end_config: VTY:0x37c70ea0, pending SET-CFG: 0
[398333|watchfrr] done
ISIS: [VTVCM-Y2NW3] Configuration Read in Took: 00:00:00
ISIS: [G6NKK-8C6DV] end_config: VTY:0xff70dc0, pending SET-CFG: 0
[398320|isisd] done
+ grcli interface add port p0 devargs net_tap0,remote=veth0
DEBUG: API: accept_conn_cb: new connection fd=26 pid=398336
DEBUG: API: read_cb: pid=398336 id=1 req_type=0xcafe1981 (GR_HELLO) req_len=132 status=0 (Success) resp_len=2
ERR: TAP: tap_nl_dump_ext_ack(): Cannot delete qdisc with handle of zero
DEBUG: MEMPOOL: gr_pktmbuf_pool_get: allocate mempool mbuf_0:0 reserved 511 (size 2047, mbuf_size 2048)
INFO: WORKER: port_plug: port 0 plugged
DEBUG: GRAPH: worker_graph_new: [CPU 6] <- port=0 rxq=0 burst_size=64
DEBUG: GRAPH: worker_graph_new: [CPU 6] -> port 0 txq 0
DEBUG: IFACE: iface_event: iface event [0xacdc1008] MAC_CHANGE triggered for iface p0.
DEBUG: MEMPOOL: gr_pktmbuf_pool_get: reuse mempool mbuf_-1:0 reserved 256 -> 512 (size 2047, mbuf_size 2048)
DEBUG: IFACE: iface_event: iface event [0xacdc1001] ADD triggered for iface p0.
DEBUG: IFACE: iface_event: iface event [0xacdc1002] POST_ADD triggered for iface p0.
INFO: ADDRESS: mcast6_addr_add: p0: joining multicast group ff02::1:ff46:d72c
INFO: ADDRESS: mcast6_addr_add: p0: joining multicast group ff01::1
INFO: ADDRESS: mcast6_addr_add: p0: joining multicast group ff02::1
INFO: ADDRESS: mcast6_addr_add: p0: joining multicast group ff01::2
INFO: ADDRESS: mcast6_addr_add: p0: joining multicast group ff02::2
INFO: ADDRESS: mcast6_addr_add: p0: joining multicast group ff05::2
INFO: ADDRESS: mcast6_addr_add: p0: joining multicast group ff02::5
INFO: ADDRESS: mcast6_addr_add: p0: joining multicast group ff02::6
INFO: ADDRESS: mcast6_addr_add: p0: joining multicast group ff02::8
INFO: ADDRESS: mcast6_addr_add: p0: joining multicast group ff02::16
DEBUG: API: read_cb: pid=398336 id=2 req_type=0xacdc0001 (GR_IFACE_ADD) req_len=466 status=0 (Success) resp_len=2
Created interface 2
DEBUG: API: disconnect_client: client pid=398336 disconnected
ZEBRA: GROUT: zebra_read_notifications: GR_EVENT_IP6_ROUTE_ADD
ZEBRA: GROUT: grout_route6_change: add fe80::f82a:ffff:fe46:d72c/64 origin link nh_id 0 route_vrf 1 nh_vrf 1
> iface mac change: p0 type=port id=2 mtu=0
> iface add: p0 type=port id=2 mtu=0
> route6 add: vrf=main fe80::f82a:ffff:fe46:d72c/64 origin=link via type=L3 iface=p0 vrf=main origin=INTERNAL family=ipv6 addr=fe80::f82a:ffff:fe46:d72c/64 state=reachable mac=fa:2a:ff:46:d7:2c f
> addr6 add: iface=p0 fe80::f82a:ffff:fe46:d72c/64
> iface post add: p0 type=port id=2 mtu=0
ZEBRA: GROUT: grout_route_change: link route, skip
ZEBRA: GROUT: dplane_read_notifications: GR_EVENT_IFACE_MAC_CHANGE
ZEBRA: GROUT: grout_link_change: add iface p0
ZEBRA: GROUT: dplane_read_notifications: GR_EVENT_IFACE_ADD
ZEBRA: GROUT: grout_link_change: add iface p0
ZEBRA: GROUT: dplane_read_notifications: GR_EVENT_IP6_ADDR_ADD
ZEBRA: GROUT: grout_interface_addr6_change: add fe80::f82a:ffff:fe46:d72c/64 iface 2
NOTICE: TRACE: [rx p0] fa:2a:ff:46:d7:2c > 33:33:00:00:00:16 / IPv6 :: > ff02::16 ttl=1 proto=HOPOPT(0) / ICMPv6 type=143 code=0, (pkt_len=90)
NOTICE: TRACE: [drop icmp6_input_unsupported] 1 packets
+ grcli address add 172.16.0.1/24 iface p0
DEBUG: API: accept_conn_cb: new connection fd=26 pid=398338
DEBUG: API: read_cb: pid=398338 id=1 req_type=0xcafe1981 (GR_HELLO) req_len=132 status=0 (Success) resp_len=2
DEBUG: API: api_send: pid=398338 for_id=2 len=316
DEBUG: API: api_send: pid=398338 for_id=2 len=466
DEBUG: API: read_cb: pid=398338 id=2 req_type=0xacdc0004 (GR_IFACE_LIST) req_len=1 status=0 (Success) resp_len=0
DEBUG: API: read_cb: pid=398338 id=3 req_type=0xacdc0003 (GR_IFACE_GET) req_len=18 status=0 (Success) resp_len=466
DEBUG: API: read_cb: pid=398338 id=4 req_type=0xf00d0005 (GR_IP4_ADDR_ADD) req_len=16 status=0 (Success) resp_len=0
DEBUG: API: disconnect_client: client pid=398338 disconnected
> route4 add: vrf=main 172.16.0.1/24 origin=link via type=L3 iface=p0 vrf=main origin=INTERNAL family=ipv4 addr=172.16.0.1/24 state=reachable mac=fa:2a:ff:46:d7:2c flags=local link
> addr4 add: iface=p0 172.16.0.1/24
ZEBRA: GROUT: zebra_read_notifications: GR_EVENT_IP_ROUTE_ADD
ZEBRA: GROUT: grout_route4_change: add 172.16.0.1/24 origin link nh_id 0 route_vrf 1 nh_vrf 1
ZEBRA: GROUT: grout_route_change: link route, skip
ZEBRA: GROUT: dplane_read_notifications: GR_EVENT_IP_ADDR_ADD
ZEBRA: GROUT: grout_interface_addr4_change: add 172.16.0.1/24 iface 2
+ sleep 3
DEBUG: MEMPOOL: pending_free_cb: deferred free mempool mbuf_0:1 after 248 ms
INFO: PORT: link_event_cb: p0: link status up
DEBUG: IFACE: iface_event: iface event [0xacdc1006] STATUS_UP triggered for iface p0.
> iface up: p0 type=port id=2 mtu=1500
NOTICE: TRACE: [tx p0] fa:2a:ff:46:d7:2c > ff:ff:ff:ff:ff:ff / ARP announce 172.16.0.1 is at fa:2a:ff:46:d7:2c, (pkt_len=42)
NOTICE: TRACE: [tx p0] fa:2a:ff:46:d7:2c > 33:33:00:00:00:01 / IPv6 fe80::f82a:ffff:fe46:d72c > ff02::1 ttl=255 proto=ICMPv6(58) / ICMPv6 neigh advert fe80::f82a:ffff:fe46:d72c is at (solicited=0) / Option target_lladdr=fa:2a:ff:46:d7:2c, (pkt_len=86)
ZEBRA: GROUT: dplane_read_notifications: GR_EVENT_IFACE_STATUS_UP
ZEBRA: GROUT: grout_link_change: add iface p0
ZEBRA: GROUT: grout_add_del_route: add fe80::/64 origin link nh_id 15 vrf 1
ZEBRA: GROUT: grout_add_del_route: non-frr origin, skip
ZEBRA: GROUT: grout_add_del_route: add fe80::/64 origin link nh_id 15 vrf 1
ZEBRA: GROUT: grout_add_del_route: non-frr origin, skip
ZEBRA: GROUT: grout_add_del_route: add 172.16.0.0/24 origin link nh_id 16 vrf 1
ZEBRA: GROUT: grout_add_del_route: non-frr origin, skip
ZEBRA: GROUT: grout_add_del_route: add 172.16.0.0/24 origin link nh_id 16 vrf 1
ZEBRA: GROUT: grout_add_del_route: non-frr origin, skip
ZEBRA: GROUT: grout_add_del_route: add 172.16.0.1/32 origin link nh_id 16 vrf 1
ZEBRA: GROUT: grout_add_del_route: non-frr origin, skip
ZEBRA: GROUT: grout_add_del_route: add 172.16.0.1/32 origin link nh_id 16 vrf 1
ZEBRA: GROUT: grout_add_del_route: non-frr origin, skip
NOTICE: TRACE: [rx p0] fe:78:40:7f:f0:3f > fa:2a:ff:46:d7:2c / IP 172.16.0.2 > 172.16.0.1 ttl=255 proto=TCP(6) / TCP 57556 > 179 flags=S, (pkt_len=74)
NOTICE: TRACE: [cp tx p0] fa:2a:ff:46:d7:2c > fa:2a:ff:46:d7:2c / IP 172.16.0.2 > 172.16.0.1 ttl=255 proto=TCP(6) / TCP 57556 > 179 flags=S, (pkt_len=74)
NOTICE: TRACE: [tx p0] fa:2a:ff:46:d7:2c > ff:ff:ff:ff:ff:ff / ARP request who has 172.16.0.2? tell 172.16.0.1, (pkt_len=42)
NOTICE: TRACE: [rx p0] fe:78:40:7f:f0:3f > fa:2a:ff:46:d7:2c / ARP reply 172.16.0.2 is at fe:78:40:7f:f0:3f, (pkt_len=42)
NOTICE: TRACE: [tx p0] fa:2a:ff:46:d7:2c > fe:78:40:7f:f0:3f / IP 172.16.0.1 > 172.16.0.2 ttl=255 proto=TCP(6) / TCP 179 > 57556 flags=SA, (pkt_len=74)
> nh new: type=L3 iface=p0 vrf=main origin=learn family=ipv4 addr=172.16.0.2 state=new flags=neigh
> nh update: type=L3 iface=p0 vrf=main origin=learn family=ipv4 addr=172.16.0.2 state=reachable mac=fe:78:40:7f:f0:3f flags=neigh
ZEBRA: GROUT: zebra_read_notifications: GR_EVENT_NEXTHOP_NEW
ZEBRA: GROUT: grout_nexthop_change: add nh_id 0 origin learn
ZEBRA: GROUT: grout_nexthop_change: dynamic neighbor learn, skip
ZEBRA: GROUT: zebra_read_notifications: GR_EVENT_NEXTHOP_UPDATE
ZEBRA: GROUT: grout_nexthop_change: add nh_id 0 origin learn
NOTICE: TRACE: [rx p0] fe:78:40:7f:f0:3f > fa:2a:ff:46:d7:2c / IP 172.16.0.2 > 172.16.0.1 ttl=255 proto=TCP(6) / TCP 57556 > 179 flags=A, (pkt_len=66)
ZEBRA: GROUT: grout_neigh_notify: add neigh iface=2 172.16.0.2 fe:78:40:7f:f0:3f
NOTICE: TRACE: [rx p0] fe:78:40:7f:f0:3f > fa:2a:ff:46:d7:2c / IP 172.16.0.2 > 172.16.0.1 ttl=255 proto=TCP(6) / TCP 57556 > 179 flags=PA, (pkt_len=197)
ZEBRA: GROUT: grout_nexthop_change: dynamic neighbor learn, skip
NOTICE: TRACE: [cp tx p0] fa:2a:ff:46:d7:2c > fa:2a:ff:46:d7:2c / IP 172.16.0.2 > 172.16.0.1 ttl=255 proto=TCP(6) / TCP 57556 > 179 flags=A, (pkt_len=66)
NOTICE: TRACE: [cp tx p0] fa:2a:ff:46:d7:2c > fa:2a:ff:46:d7:2c / IP 172.16.0.2 > 172.16.0.1 ttl=255 proto=TCP(6) / TCP 57556 > 179 flags=PA, (pkt_len=197)
NOTICE: TRACE: [tx p0] fa:2a:ff:46:d7:2c > fe:78:40:7f:f0:3f / IP 172.16.0.1 > 172.16.0.2 ttl=255 proto=TCP(6) / TCP 179 > 57556 flags=A, (pkt_len=66)
NOTICE: TRACE: [tx p0] fa:2a:ff:46:d7:2c > fe:78:40:7f:f0:3f / IP 172.16.0.1 > 172.16.0.2 ttl=255 proto=TCP(6) / TCP 179 > 57556 flags=RA, (pkt_len=66)
[bgp-peer] BGP: [H4B4J-DCW2R][EC 33554455] 172.16.0.1 [Error] bgp_read_packet error: Connection reset by peer
NOTICE: TRACE: [rx p0] fa:2a:ff:46:d7:2c > 33:33:00:00:00:16 / IPv6 :: > ff02::16 ttl=1 proto=HOPOPT(0) / ICMPv6 type=143 code=0, (pkt_len=90)
NOTICE: TRACE: [drop icmp6_input_unsupported] 1 packets
NOTICE: TRACE: [tx p0] fa:2a:ff:46:d7:2c > fe:78:40:7f:f0:3f / IP 172.16.0.1 > 172.16.0.2 ttl=255 proto=TCP(6) / TCP 37576 > 179 flags=S, (pkt_len=74)
NOTICE: TRACE: [rx p0] fe:78:40:7f:f0:3f > fa:2a:ff:46:d7:2c / IP 172.16.0.2 > 172.16.0.1 ttl=255 proto=TCP(6) / TCP 179 > 37576 flags=SA, (pkt_len=74)
NOTICE: TRACE: [cp tx p0] fa:2a:ff:46:d7:2c > fa:2a:ff:46:d7:2c / IP 172.16.0.2 > 172.16.0.1 ttl=255 proto=TCP(6) / TCP 179 > 37576 flags=SA, (pkt_len=74)
NOTICE: TRACE: [tx p0] fa:2a:ff:46:d7:2c > fe:78:40:7f:f0:3f / IP 172.16.0.1 > 172.16.0.2 ttl=255 proto=TCP(6) / TCP 37576 > 179 flags=A, (pkt_len=66)
NOTICE: TRACE: [tx p0] fa:2a:ff:46:d7:2c > fe:78:40:7f:f0:3f / IP 172.16.0.1 > 172.16.0.2 ttl=255 proto=TCP(6) / TCP 37576 > 179 flags=PA, (pkt_len=197)
NOTICE: TRACE: [rx p0] fe:78:40:7f:f0:3f > fa:2a:ff:46:d7:2c / IP 172.16.0.2 > 172.16.0.1 ttl=255 proto=TCP(6) / TCP 179 > 37576 flags=A, (pkt_len=66)
NOTICE: TRACE: [rx p0] fe:78:40:7f:f0:3f > fa:2a:ff:46:d7:2c / IP 172.16.0.2 > 172.16.0.1 ttl=255 proto=TCP(6) / TCP 179 > 37576 flags=PA, (pkt_len=197)
NOTICE: TRACE: [cp tx p0] fa:2a:ff:46:d7:2c > fa:2a:ff:46:d7:2c / IP 172.16.0.2 > 172.16.0.1 ttl=255 proto=TCP(6) / TCP 179 > 37576 flags=A, (pkt_len=66)
NOTICE: TRACE: [cp tx p0] fa:2a:ff:46:d7:2c > fa:2a:ff:46:d7:2c / IP 172.16.0.2 > 172.16.0.1 ttl=255 proto=TCP(6) / TCP 179 > 37576 flags=PA, (pkt_len=197)
NOTICE: TRACE: [tx p0] fa:2a:ff:46:d7:2c > fe:78:40:7f:f0:3f / IP 172.16.0.1 > 172.16.0.2 ttl=255 proto=TCP(6) / TCP 37576 > 179 flags=A, (pkt_len=66)
NOTICE: TRACE: [tx p0] fa:2a:ff:46:d7:2c > fe:78:40:7f:f0:3f / IP 172.16.0.1 > 172.16.0.2 ttl=255 proto=TCP(6) / TCP 37576 > 179 flags=PA, (pkt_len=85)
NOTICE: TRACE: [rx p0] fe:78:40:7f:f0:3f > fa:2a:ff:46:d7:2c / IP 172.16.0.2 > 172.16.0.1 ttl=255 proto=TCP(6) / TCP 179 > 37576 flags=PA, (pkt_len=85)
NOTICE: TRACE: [cp tx p0] fa:2a:ff:46:d7:2c > fa:2a:ff:46:d7:2c / IP 172.16.0.2 > 172.16.0.1 ttl=255 proto=TCP(6) / TCP 179 > 37576 flags=PA, (pkt_len=85)
NOTICE: TRACE: [tx p0] fa:2a:ff:46:d7:2c > fe:78:40:7f:f0:3f / IP 172.16.0.1 > 172.16.0.2 ttl=255 proto=TCP(6) / TCP 37576 > 179 flags=A, (pkt_len=66)
NOTICE: TRACE: [tx p0] fa:2a:ff:46:d7:2c > fe:78:40:7f:f0:3f / IP 172.16.0.1 > 172.16.0.2 ttl=255 proto=TCP(6) / TCP 37576 > 179 flags=PA, (pkt_len=145)
[bgp-peer] BGP: [M59KS-A3ZXZ] bgp_update_receive_eor: rcvd End-of-RIB for IPv4 Unicast from 172.16.0.1 in vrf default
NOTICE: TRACE: [rx p0] fe:78:40:7f:f0:3f > fa:2a:ff:46:d7:2c / IP 172.16.0.2 > 172.16.0.1 ttl=255 proto=TCP(6) / TCP 179 > 37576 flags=A, (pkt_len=66)
NOTICE: TRACE: [cp tx p0] fa:2a:ff:46:d7:2c > fa:2a:ff:46:d7:2c / IP 172.16.0.2 > 172.16.0.1 ttl=255 proto=TCP(6) / TCP 179 > 37576 flags=A, (pkt_len=66)
NOTICE: TRACE: [rx p0] fe:78:40:7f:f0:3f > fa:2a:ff:46:d7:2c / IP 172.16.0.2 > 172.16.0.1 ttl=255 proto=TCP(6) / TCP 179 > 37576 flags=PA, (pkt_len=149)
NOTICE: TRACE: [cp tx p0] fa:2a:ff:46:d7:2c > fa:2a:ff:46:d7:2c / IP 172.16.0.2 > 172.16.0.1 ttl=255 proto=TCP(6) / TCP 179 > 37576 flags=PA, (pkt_len=149)
NOTICE: TRACE: [tx p0] fa:2a:ff:46:d7:2c > fe:78:40:7f:f0:3f / IP 172.16.0.1 > 172.16.0.2 ttl=255 proto=TCP(6) / TCP 37576 > 179 flags=A, (pkt_len=66)
BGP: [M59KS-A3ZXZ] bgp_update_receive_eor: rcvd End-of-RIB for IPv4 Unicast from 172.16.0.2 in vrf default
DEBUG: API: read_cb: pid=397682 id=39 req_type=0xacdc2003 (GR_NH_ADD) req_len=44 status=0 (Success) resp_len=0
DEBUG: API: read_cb: pid=397682 id=40 req_type=0xf00d0001 (GR_IP4_ROUTE_ADD) req_len=24 status=0 (Success) resp_len=0
> nh update: type=L3 id=18 iface=p0 vrf=main origin=zebra family=ipv4 addr=172.16.0.2 state=reachable mac=fe:78:40:7f:f0:3f
> route4 add: vrf=main 16.0.0.0/24 origin=bgp via type=L3 id=18 iface=p0 vrf=main origin=zebra family=ipv4 addr=172.16.0.2 state=reachable mac=fe:78:40:7f:f0:3f
ZEBRA: GROUT: grout_add_del_nexthop: add nh_id 18 origin zebra
ZEBRA: GROUT: grout_add_nexthop: nh_id 18 type L3
ZEBRA: GROUT: grout_client_send_recv: GR_NH_ADD: success
ZEBRA: GROUT: grout_add_del_route: add 16.0.0.0/24 origin bgp nh_id 18 vrf 1
ZEBRA: GROUT: grout_client_send_recv: GR_IP4_ROUTE_ADD: success
+ wait_bgp_established 30
+ local timeout=30
+ local elapsed=0
+ '[' 0 -lt 30 ']'
+ vtysh -c 'show bgp summary json'
+ jq -e '.ipv4Unicast.peers."172.16.0.2".state == "Established"'
+ return 0
+ teardown_bgp
+ python3 /home/apanatto/dev/github.com/DPDK/grout/subprojects/frr-frr-10.6.1/tools/frr-reload.py --confdir build//frr_install/etc/frr --bindir build//frr_install/bin --rundir build//frr_install/var/run/frr --reload --debug --stdout /tmp/tmp.kCeOhDfbvG/base.conf
2026-08-24 17:34:10,433  INFO: Called via "Namespace(input=None, reload=True, test=False, debug=True, log_level='info', stdout=True, pathspace=None, filename='/tmp/tmp.kCeOhDfbvG/base.conf', overwrite=False, bindir='build//frr_install/bin', confdir='build//frr_install/etc/frr', rundir='build//frr_install/var/run/frr', vty_socket=None, daemon='', test_reset=False, logfmt=False, logfile='/var/log/frr/frr-reload.log')"
2026-08-24 17:34:10,433  INFO: Loading Config object from file /tmp/tmp.kCeOhDfbvG/base.conf
2026-08-24 17:34:10,438 DEBUG: LINE hostname grout                                    : single-line context
2026-08-24 17:34:10,439 DEBUG: LINE debug zebra dplane dpdk                           : single-line context
2026-08-24 17:34:10,446 DEBUG: New Frr Config
hostname grout
debug zebra dplane dpdk

end

2026-08-24 17:34:10,446  INFO: Loading Config object from vtysh show running
2026-08-24 17:34:10,457 DEBUG: LINE frr version 10.6.1                                : single-line context
2026-08-24 17:34:10,458 DEBUG: LINE frr defaults traditional                          : single-line context
2026-08-24 17:34:10,458 DEBUG: LINE hostname apanatto-thinkpadt14gen5.rmtit.csb       : single-line context
2026-08-24 17:34:10,458 DEBUG: LINE debug zebra dplane dpdk                           : single-line context
2026-08-24 17:34:10,458 DEBUG: LINE vrf main                                          : enter context vrf main                                          
2026-08-24 17:34:10,458 DEBUG: LINE exit-vrf                                          : exit context vrf main                                          
2026-08-24 17:34:10,458 DEBUG: LINE router bgp 64512                                  : enter context router bgp 64512                                  
2026-08-24 17:34:10,458 DEBUG: LINE bgp router-id 172.16.0.1                          : add to current context router bgp 64512                                  
2026-08-24 17:34:10,458 DEBUG: LINE neighbor 172.16.0.2 remote-as 64512               : add to current context router bgp 64512                                  
2026-08-24 17:34:10,458 DEBUG: LINE address-family ipv4 unicast                       : enter context router bgp 64512 address-family ipv4 unicast      
2026-08-24 17:34:10,458 DEBUG: LINE network 172.16.0.0/24                             : add to current context router bgp 64512 address-family ipv4 unicast      
2026-08-24 17:34:10,458 DEBUG: LINE exit-address-family                               : exit context router bgp 64512 address-family ipv4 unicast      
2026-08-24 17:34:10,458 DEBUG: LINE exit                                              : exit context router bgp 64512                                  
2026-08-24 17:34:10,458 DEBUG: Running Frr Config (Pass #0)
frr version 10.6.1
frr defaults traditional
hostname apanatto-thinkpadt14gen5.rmtit.csb
!
debug zebra dplane dpdk
!
vrf main
exit-vrf
end
!
router bgp 64512
bgp router-id 172.16.0.1
neighbor 172.16.0.2 remote-as 64512
!
address-family ipv4 unicast
network 172.16.0.0/24
exit-address-family
exit
!
end
2026-08-24 17:34:10,458  INFO: "frr version 10.6.1" cannot be removed
2026-08-24 17:34:10,458  INFO: "frr defaults traditional" cannot be removed
2026-08-24 17:34:10,466  INFO: Executed "no hostname apanatto-thinkpadt14gen5.rmtit.csb"
ZEBRA: [WMBNH-V6XN6] Unable to find specified Interface for default
ZEBRA: [WMBNH-V6XN6] Unable to find specified Interface for default
NOTICE: TRACE: [tx p0] fa:2a:ff:46:d7:2c > fe:78:40:7f:f0:3f / IP 172.16.0.1 > 172.16.0.2 ttl=255 proto=TCP(6) / TCP 37576 > 179 flags=FA, (pkt_len=66)
NOTICE: TRACE: [rx p0] fe:78:40:7f:f0:3f > fa:2a:ff:46:d7:2c / IP 172.16.0.2 > 172.16.0.1 ttl=255 proto=TCP(6) / TCP 179 > 37576 flags=FA, (pkt_len=66)
NOTICE: TRACE: [cp tx p0] fa:2a:ff:46:d7:2c > fa:2a:ff:46:d7:2c / IP 172.16.0.2 > 172.16.0.1 ttl=255 proto=TCP(6) / TCP 179 > 37576 flags=FA, (pkt_len=66)
NOTICE: TRACE: [tx p0] fa:2a:ff:46:d7:2c > fe:78:40:7f:f0:3f / IP 172.16.0.1 > 172.16.0.2 ttl=255 proto=TCP(6) / TCP 37576 > 179 flags=A, (pkt_len=66)
2026-08-24 17:34:10,474  INFO: Executed "no router bgp 64512"
2026-08-24 17:34:10,474  INFO: build//frr_install/var/run/frr/reload-TBDPK5.txt content
['hostname grout\n']
[398360|mgmtd] sending configuration
[398361|zebra] sending configuration
[398364|ospfd] sending configuration
[398365|ospf6d] sending configuration
ZEBRA: [VTVCM-Y2NW3] Configuration Read in Took: 00:00:00
ZEBRA: [G6NKK-8C6DV] end_config: VTY:0x1ead2840, pending SET-CFG: 0
[398361|zebra] done
MGMTD: [VTVCM-Y2NW3] Configuration Read in Took: 00:00:00
MGMTD: [G6NKK-8C6DV] end_config: VTY:0x35df98f0, pending SET-CFG: 0
OSPF6: [VTVCM-Y2NW3] Configuration Read in Took: 00:00:00
[398365|ospf6d] done
OSPF6: [G6NKK-8C6DV] end_config: VTY:0x2ab395a0, pending SET-CFG: 0
[398360|mgmtd] done
[398367|bgpd] sending configuration
OSPF: [VTVCM-Y2NW3] Configuration Read in Took: 00:00:00
[398368|isisd] sending configuration
OSPF: [G6NKK-8C6DV] end_config: VTY:0x26031e00, pending SET-CFG: 0
[398364|ospfd] done
BGP: [VTVCM-Y2NW3] Configuration Read in Took: 00:00:00
BGP: [G6NKK-8C6DV] end_config: VTY:0x1f18bd00, pending SET-CFG: 0
[398367|bgpd] done
ISIS: [VTVCM-Y2NW3] Configuration Read in Took: 00:00:00
ISIS: [G6NKK-8C6DV] end_config: VTY:0xff70de0, pending SET-CFG: 0
[398368|isisd] done
[398376|staticd] sending configuration
[398377|bfdd] sending configuration
Waiting for children to finish applying config...
[398381|watchfrr] sending configuration
BFD: [VTVCM-Y2NW3] Configuration Read in Took: 00:00:00
BFD: [G6NKK-8C6DV] end_config: VTY:0x37c70ec0, pending SET-CFG: 0
STATIC: [VTVCM-Y2NW3] Configuration Read in Took: 00:00:00
STATIC: [G6NKK-8C6DV] end_config: VTY:0xa0f9aa0, pending SET-CFG: 0
[398376|staticd] done
[398377|bfdd] done
[398381|watchfrr] done
DEBUG: ROUTE: rib4_delete: VRF 1: 16.0.0.0/24
DEBUG: API: read_cb: pid=397682 id=41 req_type=0xf00d0002 (GR_IP4_ROUTE_DEL) req_len=16 status=0 (Success) resp_len=0
> route4 del: vrf=main 16.0.0.0/24 origin=bgp via type=L3 id=18 iface=p0 vrf=main origin=zebra family=ipv4 addr=172.16.0.2 state=reachable mac=fe:78:40:7f:f0:3f
ZEBRA: GROUT: grout_add_del_route: del 16.0.0.0/24 origin bgp nh_id 18 vrf 1
ZEBRA: GROUT: grout_client_send_recv: GR_IP4_ROUTE_DEL: success
2026-08-24 17:34:10,484  INFO: Loading Config object from vtysh show running
2026-08-24 17:34:10,492 DEBUG: LINE frr version 10.6.1                                : single-line context
2026-08-24 17:34:10,492 DEBUG: LINE frr defaults traditional                          : single-line context
2026-08-24 17:34:10,492 DEBUG: LINE hostname apanatto-thinkpadt14gen5.rmtit.csb       : single-line context
2026-08-24 17:34:10,492 DEBUG: LINE debug zebra dplane dpdk                           : single-line context
2026-08-24 17:34:10,492 DEBUG: LINE vrf main                                          : enter context vrf main                                          
2026-08-24 17:34:10,492 DEBUG: LINE exit-vrf                                          : exit context vrf main                                          
2026-08-24 17:34:10,492 DEBUG: Running Frr Config (Pass #1)
frr version 10.6.1
frr defaults traditional
hostname apanatto-thinkpadt14gen5.rmtit.csb
!
debug zebra dplane dpdk
!
vrf main
exit-vrf
end
!
end
2026-08-24 17:34:10,492  INFO: "frr version 10.6.1" cannot be removed
2026-08-24 17:34:10,492  INFO: "frr defaults traditional" cannot be removed
2026-08-24 17:34:10,492  INFO: build//frr_install/var/run/frr/reload-M3TNCG.txt content
['hostname grout\n', 'hostname grout\n']
[398385|mgmtd] sending configuration
[398386|zebra] sending configuration
[398389|ospfd] sending configuration
[398392|bgpd] sending configuration
[398390|ospf6d] sending configuration
MGMTD: [VTVCM-Y2NW3] Configuration Read in Took: 00:00:00
[398393|isisd] sending configuration
MGMTD: [G6NKK-8C6DV] end_config: VTY:0x35df98f0, pending SET-CFG: 0
[398385|mgmtd] done
OSPF: [VTVCM-Y2NW3] Configuration Read in Took: 00:00:00
OSPF: [G6NKK-8C6DV] end_config: VTY:0x26031e00, pending SET-CFG: 0
[398389|ospfd] done
OSPF6: [VTVCM-Y2NW3] Configuration Read in Took: 00:00:00
OSPF6: [G6NKK-8C6DV] end_config: VTY:0x2ab465c0, pending SET-CFG: 0
[398390|ospf6d] done
ZEBRA: [VTVCM-Y2NW3] Configuration Read in Took: 00:00:00
ZEBRA: [G6NKK-8C6DV] end_config: VTY:0x1ead2840, pending SET-CFG: 0
[398386|zebra] done
ISIS: [VTVCM-Y2NW3] Configuration Read in Took: 00:00:00
ISIS: [G6NKK-8C6DV] end_config: VTY:0xff70de0, pending SET-CFG: 0
[398393|isisd] done
[398392|bgpd] done
[398401|staticd] sending configuration
BGP: [VTVCM-Y2NW3] Configuration Read in Took: 00:00:00
BGP: [G6NKK-8C6DV] end_config: VTY:0x1f122dc0, pending SET-CFG: 0
STATIC: [VTVCM-Y2NW3] Configuration Read in Took: 00:00:00
[398401|staticd] done
STATIC: [G6NKK-8C6DV] end_config: VTY:0xa0f9aa0, pending SET-CFG: 0
[398402|bfdd] sending configuration
Waiting for children to finish applying config...
[398406|watchfrr] sending configuration
BFD: [VTVCM-Y2NW3] Configuration Read in Took: 00:00:00
BFD: [G6NKK-8C6DV] end_config: VTY:0x37c70ec0, pending SET-CFG: 0
[398402|bfdd] done
[398406|watchfrr] done
+ grcli interface del p0
DEBUG: API: accept_conn_cb: new connection fd=26 pid=398409
DEBUG: API: read_cb: pid=398409 id=1 req_type=0xcafe1981 (GR_HELLO) req_len=132 status=0 (Success) resp_len=2
DEBUG: API: api_send: pid=398409 for_id=2 len=316
DEBUG: API: api_send: pid=398409 for_id=2 len=466
DEBUG: API: read_cb: pid=398409 id=2 req_type=0xacdc0004 (GR_IFACE_LIST) req_len=1 status=0 (Success) resp_len=0
DEBUG: API: read_cb: pid=398409 id=3 req_type=0xacdc0003 (GR_IFACE_GET) req_len=18 status=0 (Success) resp_len=466
DEBUG: IFACE: iface_event: iface event [0xacdc1003] PRE_REMOVE triggered for iface p0.
DEBUG: ROUTE: rib4_delete: VRF 1: 172.16.0.2/32
INFO: WORKER: port_unplug: port 0 unplugged
DEBUG: ROUTE: rib4_delete: VRF 1: 172.16.0.0/24
DEBUG: ROUTE: rib6_delete: VRF 1: fe80:2::/64
DEBUG: IFACE: iface_event: iface event [0xacdc1007] STATUS_DOWN triggered for iface p0.
DEBUG: MEMPOOL: gr_pktmbuf_pool_release: release mempool mbuf_-1:0 reserved 512 -> 256 (size 2047)
DEBUG: IFACE: iface_event: iface event [0xacdc1004] REMOVE triggered for iface p0.
DEBUG: MEMPOOL: gr_pktmbuf_pool_release: release mempool mbuf_0:0 reserved 511 -> 0 (size 2047)
DEBUG: MEMPOOL: gr_pktmbuf_pool_release: schedule mempool mbuf_0:0 for deferred free
INFO: PORT: iface_port_fini: port 0 destroyed
DEBUG: API: read_cb: pid=398409 id=4 req_type=0xacdc0002 (GR_IFACE_DEL) req_len=2 status=0 (Success) resp_len=0
DEBUG: API: disconnect_client: client pid=398409 disconnected
> nh del: type=L3 iface=p0 vrf=main origin=zebra family=ipv4 addr=172.16.0.2 state=reachable mac=fe:78:40:7f:f0:3f
> addr4 del: iface=p0 172.16.0.1/24
> route4 del: vrf=main 172.16.0.0/24 origin=link via type=L3 iface=p0 vrf=main origin=INTERNAL family=ipv4 addr=172.16.0.1/24 state=reachable mac=fa:2a:ff:46:d7:2c flags=local link
> addr6 del: iface=p0 fe80::f82a:ffff:fe46:d72c/64
> route6 del: vrf=main fe80:2::/64 origin=link via type=L3 iface=p0 vrf=main origin=INTERNAL family=ipv6 addr=fe80::f82a:ffff:fe46:d72c/64 state=reachable mac=fa:2a:ff:46:d7:2c f
> iface pre del: p0 type=port id=2 mtu=1500
> iface down: p0 type=port id=2 mtu=1500
> iface del: p0 type=port id=2 mtu=1500
ZEBRA: GROUT: dplane_read_notifications: GR_EVENT_IP_ADDR_DEL
ZEBRA: GROUT: grout_interface_addr4_change: del 172.16.0.1/24 iface 2
ZEBRA: GROUT: zebra_read_notifications: GR_EVENT_NEXTHOP_DELETE
ZEBRA: GROUT: grout_nexthop_change: del nh_id 0 origin zebra
ZEBRA: GROUT: grout_neigh_notify: del neigh iface=2 172.16.0.2 fe:78:40:7f:f0:3f
ZEBRA: GROUT: grout_nexthop_change: nexthop without ID, skip
ZEBRA: GROUT: dplane_read_notifications: GR_EVENT_IP6_ADDR_DEL
ZEBRA: GROUT: grout_interface_addr6_change: del fe80::f82a:ffff:fe46:d72c/64 iface 2
ZEBRA: GROUT: dplane_read_notifications: GR_EVENT_IFACE_STATUS_DOWN
ZEBRA: GROUT: grout_link_change: add iface p0
ZEBRA: GROUT: dplane_read_notifications: GR_EVENT_IFACE_REMOVE
ZEBRA: GROUT: grout_link_change: del iface p0
ZEBRA: GROUT: zebra_read_notifications: GR_EVENT_IP_ROUTE_DEL
ZEBRA: GROUT: grout_route4_change: del 172.16.0.0/24 origin link nh_id 0 route_vrf 1 nh_vrf 1
ZEBRA: GROUT: grout_route_change: link route, skip
ZEBRA: GROUT: zebra_read_notifications: GR_EVENT_IP6_ROUTE_DEL
ZEBRA: GROUT: grout_route6_change: del fe80:2::/64 origin link nh_id 0 route_vrf 1 nh_vrf 1
ZEBRA: GROUT: grout_route_change: link route, skip
+ echo 'Teardown complete'
Teardown complete
+ for i in $(seq 1 $iterations)
+ echo '=== Iteration 4/20 ==='
=== Iteration 4/20 ===
+ setup_bgp
+ python3 /home/apanatto/dev/github.com/DPDK/grout/subprojects/frr-frr-10.6.1/tools/frr-reload.py --confdir build//frr_install/etc/frr --bindir build//frr_install/bin --rundir build//frr_install/var/run/frr --reload --debug --stdout /tmp/tmp.kCeOhDfbvG/bgp.conf
ZEBRA: GROUT: grout_add_del_route: del 172.16.0.0/24 origin link nh_id 16 vrf 1
ZEBRA: GROUT: grout_add_del_route: non-frr origin, skip
ZEBRA: GROUT: grout_add_del_route: del 172.16.0.0/24 origin link nh_id 16 vrf 1
ZEBRA: GROUT: grout_add_del_route: non-frr origin, skip
ZEBRA: GROUT: grout_add_del_route: del 172.16.0.1/32 origin link nh_id 16 vrf 1
ZEBRA: GROUT: grout_add_del_route: non-frr origin, skip
ZEBRA: GROUT: grout_add_del_route: del 172.16.0.1/32 origin link nh_id 16 vrf 1
ZEBRA: GROUT: grout_add_del_route: non-frr origin, skip
ZEBRA: GROUT: grout_add_del_route: del fe80::/64 origin link nh_id 15 vrf 1
ZEBRA: GROUT: grout_add_del_route: non-frr origin, skip
ZEBRA: GROUT: grout_add_del_route: del fe80::/64 origin link nh_id 15 vrf 1
ZEBRA: GROUT: grout_add_del_route: non-frr origin, skip
2026-08-24 17:34:10,623  INFO: Called via "Namespace(input=None, reload=True, test=False, debug=True, log_level='info', stdout=True, pathspace=None, filename='/tmp/tmp.kCeOhDfbvG/bgp.conf', overwrite=False, bindir='build//frr_install/bin', confdir='build//frr_install/etc/frr', rundir='build//frr_install/var/run/frr', vty_socket=None, daemon='', test_reset=False, logfmt=False, logfile='/var/log/frr/frr-reload.log')"
2026-08-24 17:34:10,623  INFO: Loading Config object from file /tmp/tmp.kCeOhDfbvG/bgp.conf
2026-08-24 17:34:10,629 DEBUG: LINE hostname grout                                    : single-line context
2026-08-24 17:34:10,630 DEBUG: LINE debug zebra dplane dpdk                           : single-line context
2026-08-24 17:34:10,630 DEBUG: LINE router bgp 64512                                  : enter context router bgp 64512                                  
2026-08-24 17:34:10,630 DEBUG: LINE bgp router-id 172.16.0.1                          : add to current context router bgp 64512                                  
2026-08-24 17:34:10,630 DEBUG: LINE neighbor 172.16.0.2 remote-as 64512               : add to current context router bgp 64512                                  
2026-08-24 17:34:10,630 DEBUG: LINE address-family ipv4 unicast                       : enter context router bgp 64512 address-family ipv4 unicast      
2026-08-24 17:34:10,630 DEBUG: LINE network 172.16.0.0/24                             : add to current context router bgp 64512 address-family ipv4 unicast      
2026-08-24 17:34:10,630 DEBUG: LINE exit-address-family                               : exit context router bgp 64512 address-family ipv4 unicast      
2026-08-24 17:34:10,630 DEBUG: LINE exit                                              : exit context router bgp 64512                                  
2026-08-24 17:34:10,637 DEBUG: New Frr Config
hostname grout
debug zebra dplane dpdk
router bgp 64512
bgp router-id 172.16.0.1
neighbor 172.16.0.2 remote-as 64512
address-family ipv4 unicast
network 172.16.0.0/24
exit-address-family
exit

end

2026-08-24 17:34:10,637  INFO: Loading Config object from vtysh show running
2026-08-24 17:34:10,674 DEBUG: LINE frr version 10.6.1                                : single-line context
2026-08-24 17:34:10,674 DEBUG: LINE frr defaults traditional                          : single-line context
2026-08-24 17:34:10,674 DEBUG: LINE hostname apanatto-thinkpadt14gen5.rmtit.csb       : single-line context
2026-08-24 17:34:10,674 DEBUG: LINE debug zebra dplane dpdk                           : single-line context
2026-08-24 17:34:10,674 DEBUG: LINE vrf main                                          : enter context vrf main                                          
2026-08-24 17:34:10,674 DEBUG: LINE exit-vrf                                          : exit context vrf main                                          
2026-08-24 17:34:10,674 DEBUG: Running Frr Config (Pass #0)
frr version 10.6.1
frr defaults traditional
hostname apanatto-thinkpadt14gen5.rmtit.csb
!
debug zebra dplane dpdk
!
vrf main
exit-vrf
end
!
end
2026-08-24 17:34:10,675  INFO: "frr version 10.6.1" cannot be removed
2026-08-24 17:34:10,675  INFO: "frr defaults traditional" cannot be removed
2026-08-24 17:34:10,682  INFO: Executed "no hostname apanatto-thinkpadt14gen5.rmtit.csb"
2026-08-24 17:34:10,682  INFO: build//frr_install/var/run/frr/reload-HK1HUX.txt content
['hostname grout\n',
 'router bgp 64512\nexit\n',
 'router bgp 64512\n bgp router-id 172.16.0.1\nexit\n',
 'router bgp 64512\n neighbor 172.16.0.2 remote-as 64512\nexit\n',
 'router bgp 64512\n address-family ipv4 unicast\n exit\nexit\n',
 'router bgp 64512\n'
 ' address-family ipv4 unicast\n'
 '  network 172.16.0.0/24 \n'
 ' exit\n'
 'exit\n']
[398417|mgmtd] sending configuration
[398418|zebra] sending configuration
[398421|ospfd] sending configuration
[398422|ospf6d] sending configuration
[398424|bgpd] sending configuration
[398425|isisd] sending configuration
MGMTD: [VTVCM-Y2NW3] Configuration Read in Took: 00:00:00
MGMTD: [G6NKK-8C6DV] end_config: VTY:0x35dd78c0, pending SET-CFG: 0
ZEBRA: [VTVCM-Y2NW3] Configuration Read in Took: 00:00:00
[398418|zebra] done
ZEBRA: [G6NKK-8C6DV] end_config: VTY:0x1ead2840, pending SET-CFG: 0
OSPF: [VTVCM-Y2NW3] Configuration Read in Took: 00:00:00
OSPF: [G6NKK-8C6DV] end_config: VTY:0x26031e00, pending SET-CFG: 0
[398421|ospfd] done
OSPF6: [VTVCM-Y2NW3] Configuration Read in Took: 00:00:00
OSPF6: [G6NKK-8C6DV] end_config: VTY:0x2ab395a0, pending SET-CFG: 0
[398422|ospf6d] done
ZEBRA: [WMBNH-V6XN6] Unable to find specified Interface for default
[398433|staticd] sending configuration
ZEBRA: [WMBNH-V6XN6] Unable to find specified Interface for default
[398434|bfdd] sending configuration
[398417|mgmtd] done
ISIS: [VTVCM-Y2NW3] Configuration Read in Took: 00:00:00
ISIS: [G6NKK-8C6DV] end_config: VTY:0xff70dc0, pending SET-CFG: 0
[398425|isisd] done
Waiting for children to finish applying config...
[398438|watchfrr] sending configuration
STATIC: [VTVCM-Y2NW3] Configuration Read in Took: 00:00:00
STATIC: [G6NKK-8C6DV] end_config: VTY:0xa0f9aa0, pending SET-CFG: 0
[398433|staticd] done
BFD: [VTVCM-Y2NW3] Configuration Read in Took: 00:00:00
BFD: [G6NKK-8C6DV] end_config: VTY:0x37c70ea0, pending SET-CFG: 0
[398434|bfdd] done
BGP: [VTVCM-Y2NW3] Configuration Read in Took: 00:00:00
BGP: [G6NKK-8C6DV] end_config: VTY:0x1f122dc0, pending SET-CFG: 0
[398424|bgpd] done
[398438|watchfrr] done
2026-08-24 17:34:10,692  INFO: Loading Config object from vtysh show running
2026-08-24 17:34:10,705 DEBUG: LINE frr version 10.6.1                                : single-line context
2026-08-24 17:34:10,705 DEBUG: LINE frr defaults traditional                          : single-line context
2026-08-24 17:34:10,705 DEBUG: LINE hostname apanatto-thinkpadt14gen5.rmtit.csb       : single-line context
2026-08-24 17:34:10,705 DEBUG: LINE debug zebra dplane dpdk                           : single-line context
2026-08-24 17:34:10,705 DEBUG: LINE vrf main                                          : enter context vrf main                                          
2026-08-24 17:34:10,705 DEBUG: LINE exit-vrf                                          : exit context vrf main                                          
2026-08-24 17:34:10,705 DEBUG: LINE router bgp 64512                                  : enter context router bgp 64512                                  
2026-08-24 17:34:10,705 DEBUG: LINE bgp router-id 172.16.0.1                          : add to current context router bgp 64512                                  
2026-08-24 17:34:10,705 DEBUG: LINE neighbor 172.16.0.2 remote-as 64512               : add to current context router bgp 64512                                  
2026-08-24 17:34:10,705 DEBUG: LINE address-family ipv4 unicast                       : enter context router bgp 64512 address-family ipv4 unicast      
2026-08-24 17:34:10,705 DEBUG: LINE network 172.16.0.0/24                             : add to current context router bgp 64512 address-family ipv4 unicast      
2026-08-24 17:34:10,705 DEBUG: LINE exit-address-family                               : exit context router bgp 64512 address-family ipv4 unicast      
2026-08-24 17:34:10,705 DEBUG: LINE exit                                              : exit context router bgp 64512                                  
2026-08-24 17:34:10,705 DEBUG: Running Frr Config (Pass #1)
frr version 10.6.1
frr defaults traditional
hostname apanatto-thinkpadt14gen5.rmtit.csb
!
debug zebra dplane dpdk
!
vrf main
exit-vrf
end
!
router bgp 64512
bgp router-id 172.16.0.1
neighbor 172.16.0.2 remote-as 64512
!
address-family ipv4 unicast
network 172.16.0.0/24
exit-address-family
exit
!
end
2026-08-24 17:34:10,705  INFO: "frr version 10.6.1" cannot be removed
2026-08-24 17:34:10,705  INFO: "frr defaults traditional" cannot be removed
2026-08-24 17:34:10,705  INFO: build//frr_install/var/run/frr/reload-7FUKXQ.txt content
['hostname grout\n',
 'hostname grout\n',
 'router bgp 64512\nexit\n',
 'router bgp 64512\n bgp router-id 172.16.0.1\nexit\n',
 'router bgp 64512\n neighbor 172.16.0.2 remote-as 64512\nexit\n',
 'router bgp 64512\n address-family ipv4 unicast\n exit\nexit\n',
 'router bgp 64512\n'
 ' address-family ipv4 unicast\n'
 '  network 172.16.0.0/24 \n'
 ' exit\n'
 'exit\n']
[398442|mgmtd] sending configuration
[398443|zebra] sending configuration
[398446|ospfd] sending configuration
[398447|ospf6d] sending configuration
[398449|bgpd] sending configuration
[398450|isisd] sending configuration
[398446|ospfd] done
[398442|mgmtd] done
OSPF: [VTVCM-Y2NW3] Configuration Read in Took: 00:00:00
[398443|zebra] done
OSPF: [G6NKK-8C6DV] end_config: VTY:0x26031e00, pending SET-CFG: 0
ZEBRA: [VTVCM-Y2NW3] Configuration Read in Took: 00:00:00
ZEBRA: [G6NKK-8C6DV] end_config: VTY:0x1ead2840, pending SET-CFG: 0
MGMTD: [VTVCM-Y2NW3] Configuration Read in Took: 00:00:00
MGMTD: [G6NKK-8C6DV] end_config: VTY:0x35dd78c0, pending SET-CFG: 0
OSPF6: [VTVCM-Y2NW3] Configuration Read in Took: 00:00:00
OSPF6: [G6NKK-8C6DV] end_config: VTY:0x2ab395a0, pending SET-CFG: 0
[398447|ospf6d] done
[398458|staticd] sending configuration
ISIS: [VTVCM-Y2NW3] Configuration Read in Took: 00:00:00
[398450|isisd] done
ISIS: [G6NKK-8C6DV] end_config: VTY:0xff70dc0, pending SET-CFG: 0
[398459|bfdd] sending configuration
Waiting for children to finish applying config...
[398463|watchfrr] sending configuration
[398458|staticd] done
STATIC: [VTVCM-Y2NW3] Configuration Read in Took: 00:00:00
STATIC: [G6NKK-8C6DV] end_config: VTY:0xa0f9aa0, pending SET-CFG: 0
BFD: [VTVCM-Y2NW3] Configuration Read in Took: 00:00:00
BFD: [G6NKK-8C6DV] end_config: VTY:0x37c70ea0, pending SET-CFG: 0
[398459|bfdd] done
BGP: [VTVCM-Y2NW3] Configuration Read in Took: 00:00:00
BGP: [G6NKK-8C6DV] end_config: VTY:0x1f18bd00, pending SET-CFG: 0
[398449|bgpd] done
[398463|watchfrr] done
+ grcli interface add port p0 devargs net_tap0,remote=veth0
DEBUG: API: accept_conn_cb: new connection fd=26 pid=398466
DEBUG: API: read_cb: pid=398466 id=1 req_type=0xcafe1981 (GR_HELLO) req_len=132 status=0 (Success) resp_len=2
ERR: TAP: tap_nl_dump_ext_ack(): Cannot delete qdisc with handle of zero
DEBUG: MEMPOOL: gr_pktmbuf_pool_get: allocate mempool mbuf_0:1 reserved 511 (size 2047, mbuf_size 2048)
INFO: WORKER: port_plug: port 0 plugged
DEBUG: GRAPH: worker_graph_new: [CPU 6] <- port=0 rxq=0 burst_size=64
DEBUG: GRAPH: worker_graph_new: [CPU 6] -> port 0 txq 0
DEBUG: IFACE: iface_event: iface event [0xacdc1008] MAC_CHANGE triggered for iface p0.
DEBUG: MEMPOOL: gr_pktmbuf_pool_get: reuse mempool mbuf_-1:0 reserved 256 -> 512 (size 2047, mbuf_size 2048)
DEBUG: IFACE: iface_event: iface event [0xacdc1001] ADD triggered for iface p0.
DEBUG: IFACE: iface_event: iface event [0xacdc1002] POST_ADD triggered for iface p0.
INFO: ADDRESS: mcast6_addr_add: p0: joining multicast group ff02::1:ff46:d72c
INFO: ADDRESS: mcast6_addr_add: p0: joining multicast group ff01::1
INFO: ADDRESS: mcast6_addr_add: p0: joining multicast group ff02::1
INFO: ADDRESS: mcast6_addr_add: p0: joining multicast group ff01::2
INFO: ADDRESS: mcast6_addr_add: p0: joining multicast group ff02::2
INFO: ADDRESS: mcast6_addr_add: p0: joining multicast group ff05::2
INFO: ADDRESS: mcast6_addr_add: p0: joining multicast group ff02::5
INFO: ADDRESS: mcast6_addr_add: p0: joining multicast group ff02::6
INFO: ADDRESS: mcast6_addr_add: p0: joining multicast group ff02::8
INFO: ADDRESS: mcast6_addr_add: p0: joining multicast group ff02::16
DEBUG: API: read_cb: pid=398466 id=2 req_type=0xacdc0001 (GR_IFACE_ADD) req_len=466 status=0 (Success) resp_len=2
Created interface 2
> iface mac change: p0 type=port id=2 mtu=0
> iface add: p0 type=port id=2 mtu=0
> route6 add: vrf=main fe80::f82a:ffff:fe46:d72c/64 origin=link via type=L3 iface=p0 vrf=main origin=INTERNAL family=ipv6 addr=fe80::f82a:ffff:fe46:d72c/64 state=reachable mac=fa:2a:ff:46:d7:2c f
> addr6 add: iface=p0 fe80::f82a:ffff:fe46:d72c/64
> iface post add: p0 type=port id=2 mtu=0
DEBUG: API: disconnect_client: client pid=398466 disconnected
ZEBRA: GROUT: zebra_read_notifications: GR_EVENT_IP6_ROUTE_ADD
ZEBRA: GROUT: grout_route6_change: add fe80::f82a:ffff:fe46:d72c/64 origin link nh_id 0 route_vrf 1 nh_vrf 1
ZEBRA: GROUT: grout_route_change: link route, skip
ZEBRA: GROUT: dplane_read_notifications: GR_EVENT_IFACE_MAC_CHANGE
ZEBRA: GROUT: grout_link_change: add iface p0
ZEBRA: GROUT: dplane_read_notifications: GR_EVENT_IFACE_ADD
ZEBRA: GROUT: grout_link_change: add iface p0
ZEBRA: GROUT: dplane_read_notifications: GR_EVENT_IP6_ADDR_ADD
ZEBRA: GROUT: grout_interface_addr6_change: add fe80::f82a:ffff:fe46:d72c/64 iface 2
NOTICE: TRACE: [rx p0] fa:2a:ff:46:d7:2c > 33:33:00:00:00:16 / IPv6 :: > ff02::16 ttl=1 proto=HOPOPT(0) / ICMPv6 type=143 code=0, (pkt_len=90)
NOTICE: TRACE: [drop icmp6_input_unsupported] 1 packets
+ grcli address add 172.16.0.1/24 iface p0
DEBUG: API: accept_conn_cb: new connection fd=26 pid=398467
DEBUG: API: read_cb: pid=398467 id=1 req_type=0xcafe1981 (GR_HELLO) req_len=132 status=0 (Success) resp_len=2
DEBUG: API: api_send: pid=398467 for_id=2 len=316
DEBUG: API: api_send: pid=398467 for_id=2 len=466
DEBUG: API: read_cb: pid=398467 id=2 req_type=0xacdc0004 (GR_IFACE_LIST) req_len=1 status=0 (Success) resp_len=0
DEBUG: API: read_cb: pid=398467 id=3 req_type=0xacdc0003 (GR_IFACE_GET) req_len=18 status=0 (Success) resp_len=466
DEBUG: API: read_cb: pid=398467 id=4 req_type=0xf00d0005 (GR_IP4_ADDR_ADD) req_len=16 status=0 (Success) resp_len=0
DEBUG: API: disconnect_client: client pid=398467 disconnected
> route4 add: vrf=main 172.16.0.1/24 origin=link via type=L3 iface=p0 vrf=main origin=INTERNAL family=ipv4 addr=172.16.0.1/24 state=reachable mac=fa:2a:ff:46:d7:2c flags=local link
> addr4 add: iface=p0 172.16.0.1/24
ZEBRA: GROUT: zebra_read_notifications: GR_EVENT_IP_ROUTE_ADD
ZEBRA: GROUT: grout_route4_change: add 172.16.0.1/24 origin link nh_id 0 route_vrf 1 nh_vrf 1
ZEBRA: GROUT: grout_route_change: link route, skip
ZEBRA: GROUT: dplane_read_notifications: GR_EVENT_IP_ADDR_ADD
ZEBRA: GROUT: grout_interface_addr4_change: add 172.16.0.1/24 iface 2
+ sleep 3
NOTICE: TRACE: [rx p0] fa:2a:ff:46:d7:2c > 33:33:00:00:00:16 / IPv6 :: > ff02::16 ttl=1 proto=HOPOPT(0) / ICMPv6 type=143 code=0, (pkt_len=90)
NOTICE: TRACE: [drop icmp6_input_unsupported] 1 packets
DEBUG: MEMPOOL: pending_free_cb: deferred free mempool mbuf_0:0 after 875 ms
INFO: PORT: link_event_cb: p0: link status up
DEBUG: IFACE: iface_event: iface event [0xacdc1006] STATUS_UP triggered for iface p0.
> iface up: p0 type=port id=2 mtu=1500
ZEBRA: GROUT: dplane_read_notifications: GR_EVENT_IFACE_STATUS_UP
ZEBRA: GROUT: grout_link_change: add iface p0
NOTICE: TRACE: [tx p0] fa:2a:ff:46:d7:2c > ff:ff:ff:ff:ff:ff / ARP announce 172.16.0.1 is at fa:2a:ff:46:d7:2c, (pkt_len=42)
NOTICE: TRACE: [tx p0] fa:2a:ff:46:d7:2c > 33:33:00:00:00:01 / IPv6 fe80::f82a:ffff:fe46:d72c > ff02::1 ttl=255 proto=ICMPv6(58) / ICMPv6 neigh advert fe80::f82a:ffff:fe46:d72c is at (solicited=0) / Option target_lladdr=fa:2a:ff:46:d7:2c, (pkt_len=86)
ZEBRA: GROUT: grout_add_del_route: add fe80::/64 origin link nh_id 21 vrf 1
ZEBRA: GROUT: grout_add_del_route: non-frr origin, skip
ZEBRA: GROUT: grout_add_del_route: add fe80::/64 origin link nh_id 21 vrf 1
ZEBRA: GROUT: grout_add_del_route: non-frr origin, skip
ZEBRA: GROUT: grout_add_del_route: add 172.16.0.0/24 origin link nh_id 22 vrf 1
ZEBRA: GROUT: grout_add_del_route: non-frr origin, skip
ZEBRA: GROUT: grout_add_del_route: add 172.16.0.0/24 origin link nh_id 22 vrf 1
ZEBRA: GROUT: grout_add_del_route: non-frr origin, skip
ZEBRA: GROUT: grout_add_del_route: add 172.16.0.1/32 origin link nh_id 22 vrf 1
ZEBRA: GROUT: grout_add_del_route: non-frr origin, skip
ZEBRA: GROUT: grout_add_del_route: add 172.16.0.1/32 origin link nh_id 22 vrf 1
ZEBRA: GROUT: grout_add_del_route: non-frr origin, skip
NOTICE: TRACE: [rx p0] fe:78:40:7f:f0:3f > fa:2a:ff:46:d7:2c / IP 172.16.0.2 > 172.16.0.1 ttl=255 proto=TCP(6) / TCP 57570 > 179 flags=S, (pkt_len=74)
NOTICE: TRACE: [cp tx p0] fa:2a:ff:46:d7:2c > fa:2a:ff:46:d7:2c / IP 172.16.0.2 > 172.16.0.1 ttl=255 proto=TCP(6) / TCP 57570 > 179 flags=S, (pkt_len=74)
NOTICE: TRACE: [tx p0] fa:2a:ff:46:d7:2c > ff:ff:ff:ff:ff:ff / ARP request who has 172.16.0.2? tell 172.16.0.1, (pkt_len=42)
> nh new: type=L3 iface=p0 vrf=main origin=learn family=ipv4 addr=172.16.0.2 state=new flags=neigh
ZEBRA: GROUT: zebra_read_notifications: GR_EVENT_NEXTHOP_NEW
ZEBRA: GROUT: grout_nexthop_change: add nh_id 0 origin learn
ZEBRA: GROUT: grout_nexthop_change: dynamic neighbor learn, skip
NOTICE: TRACE: [rx p0] fe:78:40:7f:f0:3f > fa:2a:ff:46:d7:2c / ARP reply 172.16.0.2 is at fe:78:40:7f:f0:3f, (pkt_len=42)
NOTICE: TRACE: [tx p0] fa:2a:ff:46:d7:2c > fe:78:40:7f:f0:3f / IP 172.16.0.1 > 172.16.0.2 ttl=255 proto=TCP(6) / TCP 179 > 57570 flags=SA, (pkt_len=74)
> nh update: type=L3 iface=p0 vrf=main origin=learn family=ipv4 addr=172.16.0.2 state=reachable mac=fe:78:40:7f:f0:3f flags=neigh
NOTICE: TRACE: [rx p0] fe:78:40:7f:f0:3f > fa:2a:ff:46:d7:2c / IP 172.16.0.2 > 172.16.0.1 ttl=255 proto=TCP(6) / TCP 57570 > 179 flags=A, (pkt_len=66)
ZEBRA: GROUT: zebra_read_notifications: GR_EVENT_NEXTHOP_UPDATE
NOTICE: TRACE: [cp tx p0] fa:2a:ff:46:d7:2c > fa:2a:ff:46:d7:2c / IP 172.16.0.2 > 172.16.0.1 ttl=255 proto=TCP(6) / TCP 57570 > 179 flags=A, (pkt_len=66)
ZEBRA: GROUT: grout_nexthop_change: add nh_id 0 origin learn
NOTICE: TRACE: [rx p0] fe:78:40:7f:f0:3f > fa:2a:ff:46:d7:2c / IP 172.16.0.2 > 172.16.0.1 ttl=255 proto=TCP(6) / TCP 57570 > 179 flags=PA, (pkt_len=197)
NOTICE: TRACE: [cp tx p0] fa:2a:ff:46:d7:2c > fa:2a:ff:46:d7:2c / IP 172.16.0.2 > 172.16.0.1 ttl=255 proto=TCP(6) / TCP 57570 > 179 flags=PA, (pkt_len=197)
ZEBRA: GROUT: grout_neigh_notify: add neigh iface=2 172.16.0.2 fe:78:40:7f:f0:3f
NOTICE: TRACE: [tx p0] fa:2a:ff:46:d7:2c > fe:78:40:7f:f0:3f / IP 172.16.0.1 > 172.16.0.2 ttl=255 proto=TCP(6) / TCP 179 > 57570 flags=FA, (pkt_len=66)
ZEBRA: GROUT: grout_nexthop_change: dynamic neighbor learn, skip
NOTICE: TRACE: [tx p0] fa:2a:ff:46:d7:2c > fe:78:40:7f:f0:3f / IP 172.16.0.1 > 172.16.0.2 ttl=64 proto=TCP(6) / TCP 179 > 57570 flags=R, (pkt_len=54)
NOTICE: TRACE: [tx p0] fa:2a:ff:46:d7:2c > fe:78:40:7f:f0:3f / IP 172.16.0.1 > 172.16.0.2 ttl=255 proto=TCP(6) / TCP 37592 > 179 flags=S, (pkt_len=74)
NOTICE: TRACE: [rx p0] fe:78:40:7f:f0:3f > fa:2a:ff:46:d7:2c / IP 172.16.0.2 > 172.16.0.1 ttl=255 proto=TCP(6) / TCP 179 > 37592 flags=SA, (pkt_len=74)
NOTICE: TRACE: [cp tx p0] fa:2a:ff:46:d7:2c > fa:2a:ff:46:d7:2c / IP 172.16.0.2 > 172.16.0.1 ttl=255 proto=TCP(6) / TCP 179 > 37592 flags=SA, (pkt_len=74)
NOTICE: TRACE: [tx p0] fa:2a:ff:46:d7:2c > fe:78:40:7f:f0:3f / IP 172.16.0.1 > 172.16.0.2 ttl=255 proto=TCP(6) / TCP 37592 > 179 flags=A, (pkt_len=66)
NOTICE: TRACE: [tx p0] fa:2a:ff:46:d7:2c > fe:78:40:7f:f0:3f / IP 172.16.0.1 > 172.16.0.2 ttl=255 proto=TCP(6) / TCP 37592 > 179 flags=PA, (pkt_len=197)
NOTICE: TRACE: [rx p0] fe:78:40:7f:f0:3f > fa:2a:ff:46:d7:2c / IP 172.16.0.2 > 172.16.0.1 ttl=255 proto=TCP(6) / TCP 179 > 37592 flags=PA, (pkt_len=197)
NOTICE: TRACE: [rx p0] fe:78:40:7f:f0:3f > fa:2a:ff:46:d7:2c / IP 172.16.0.2 > 172.16.0.1 ttl=255 proto=TCP(6) / TCP 179 > 37592 flags=A, (pkt_len=66)
NOTICE: TRACE: [cp tx p0] fa:2a:ff:46:d7:2c > fa:2a:ff:46:d7:2c / IP 172.16.0.2 > 172.16.0.1 ttl=255 proto=TCP(6) / TCP 179 > 37592 flags=PA, (pkt_len=197)
NOTICE: TRACE: [cp tx p0] fa:2a:ff:46:d7:2c > fa:2a:ff:46:d7:2c / IP 172.16.0.2 > 172.16.0.1 ttl=255 proto=TCP(6) / TCP 179 > 37592 flags=A, (pkt_len=66)
NOTICE: TRACE: [tx p0] fa:2a:ff:46:d7:2c > fe:78:40:7f:f0:3f / IP 172.16.0.1 > 172.16.0.2 ttl=255 proto=TCP(6) / TCP 37592 > 179 flags=A, (pkt_len=66)
NOTICE: TRACE: [rx p0] fe:78:40:7f:f0:3f > fa:2a:ff:46:d7:2c / IP 172.16.0.2 > 172.16.0.1 ttl=255 proto=TCP(6) / TCP 179 > 37592 flags=PA, (pkt_len=85)
NOTICE: TRACE: [cp tx p0] fa:2a:ff:46:d7:2c > fa:2a:ff:46:d7:2c / IP 172.16.0.2 > 172.16.0.1 ttl=255 proto=TCP(6) / TCP 179 > 37592 flags=PA, (pkt_len=85)
NOTICE: TRACE: [tx p0] fa:2a:ff:46:d7:2c > fe:78:40:7f:f0:3f / IP 172.16.0.1 > 172.16.0.2 ttl=255 proto=TCP(6) / TCP 37592 > 179 flags=A, (pkt_len=66)
NOTICE: TRACE: [tx p0] fa:2a:ff:46:d7:2c > fe:78:40:7f:f0:3f / IP 172.16.0.1 > 172.16.0.2 ttl=255 proto=TCP(6) / TCP 37592 > 179 flags=PA, (pkt_len=85)
NOTICE: TRACE: [rx p0] fe:78:40:7f:f0:3f > fa:2a:ff:46:d7:2c / IP 172.16.0.2 > 172.16.0.1 ttl=255 proto=TCP(6) / TCP 179 > 37592 flags=A, (pkt_len=66)
NOTICE: TRACE: [cp tx p0] fa:2a:ff:46:d7:2c > fa:2a:ff:46:d7:2c / IP 172.16.0.2 > 172.16.0.1 ttl=255 proto=TCP(6) / TCP 179 > 37592 flags=A, (pkt_len=66)
NOTICE: TRACE: [tx p0] fa:2a:ff:46:d7:2c > fe:78:40:7f:f0:3f / IP 172.16.0.1 > 172.16.0.2 ttl=255 proto=TCP(6) / TCP 37592 > 179 flags=PA, (pkt_len=145)
NOTICE: TRACE: [rx p0] fe:78:40:7f:f0:3f > fa:2a:ff:46:d7:2c / IP 172.16.0.2 > 172.16.0.1 ttl=255 proto=TCP(6) / TCP 179 > 37592 flags=A, (pkt_len=66)
NOTICE: TRACE: [cp tx p0] fa:2a:ff:46:d7:2c > fa:2a:ff:46:d7:2c / IP 172.16.0.2 > 172.16.0.1 ttl=255 proto=TCP(6) / TCP 179 > 37592 flags=A, (pkt_len=66)
[bgp-peer] BGP: [M59KS-A3ZXZ] bgp_update_receive_eor: rcvd End-of-RIB for IPv4 Unicast from 172.16.0.1 in vrf default
NOTICE: TRACE: [rx p0] fe:78:40:7f:f0:3f > fa:2a:ff:46:d7:2c / IP 172.16.0.2 > 172.16.0.1 ttl=255 proto=TCP(6) / TCP 179 > 37592 flags=PA, (pkt_len=149)
NOTICE: TRACE: [cp tx p0] fa:2a:ff:46:d7:2c > fa:2a:ff:46:d7:2c / IP 172.16.0.2 > 172.16.0.1 ttl=255 proto=TCP(6) / TCP 179 > 37592 flags=PA, (pkt_len=149)
BGP: [M59KS-A3ZXZ] bgp_update_receive_eor: rcvd End-of-RIB for IPv4 Unicast from 172.16.0.2 in vrf default
NOTICE: TRACE: [tx p0] fa:2a:ff:46:d7:2c > fe:78:40:7f:f0:3f / IP 172.16.0.1 > 172.16.0.2 ttl=255 proto=TCP(6) / TCP 37592 > 179 flags=A, (pkt_len=66)
DEBUG: API: read_cb: pid=397682 id=42 req_type=0xacdc2003 (GR_NH_ADD) req_len=44 status=0 (Success) resp_len=0
DEBUG: API: read_cb: pid=397682 id=43 req_type=0xf00d0001 (GR_IP4_ROUTE_ADD) req_len=24 status=0 (Success) resp_len=0
> nh update: type=L3 id=24 iface=p0 vrf=main origin=zebra family=ipv4 addr=172.16.0.2 state=reachable mac=fe:78:40:7f:f0:3f
> route4 add: vrf=main 16.0.0.0/24 origin=bgp via type=L3 id=24 iface=p0 vrf=main origin=zebra family=ipv4 addr=172.16.0.2 state=reachable mac=fe:78:40:7f:f0:3f
ZEBRA: GROUT: grout_add_del_nexthop: add nh_id 24 origin zebra
ZEBRA: GROUT: grout_add_nexthop: nh_id 24 type L3
ZEBRA: GROUT: grout_client_send_recv: GR_NH_ADD: success
ZEBRA: GROUT: grout_add_del_route: add 16.0.0.0/24 origin bgp nh_id 24 vrf 1
ZEBRA: GROUT: grout_client_send_recv: GR_IP4_ROUTE_ADD: success
+ wait_bgp_established 30
+ local timeout=30
+ local elapsed=0
+ '[' 0 -lt 30 ']'
+ vtysh -c 'show bgp summary json'
+ jq -e '.ipv4Unicast.peers."172.16.0.2".state == "Established"'
+ return 0
+ teardown_bgp
+ python3 /home/apanatto/dev/github.com/DPDK/grout/subprojects/frr-frr-10.6.1/tools/frr-reload.py --confdir build//frr_install/etc/frr --bindir build//frr_install/bin --rundir build//frr_install/var/run/frr --reload --debug --stdout /tmp/tmp.kCeOhDfbvG/base.conf
2026-08-24 17:34:13,835  INFO: Called via "Namespace(input=None, reload=True, test=False, debug=True, log_level='info', stdout=True, pathspace=None, filename='/tmp/tmp.kCeOhDfbvG/base.conf', overwrite=False, bindir='build//frr_install/bin', confdir='build//frr_install/etc/frr', rundir='build//frr_install/var/run/frr', vty_socket=None, daemon='', test_reset=False, logfmt=False, logfile='/var/log/frr/frr-reload.log')"
2026-08-24 17:34:13,835  INFO: Loading Config object from file /tmp/tmp.kCeOhDfbvG/base.conf
2026-08-24 17:34:13,842 DEBUG: LINE hostname grout                                    : single-line context
2026-08-24 17:34:13,842 DEBUG: LINE debug zebra dplane dpdk                           : single-line context
2026-08-24 17:34:13,849 DEBUG: New Frr Config
hostname grout
debug zebra dplane dpdk

end

2026-08-24 17:34:13,849  INFO: Loading Config object from vtysh show running
2026-08-24 17:34:13,858 DEBUG: LINE frr version 10.6.1                                : single-line context
2026-08-24 17:34:13,858 DEBUG: LINE frr defaults traditional                          : single-line context
2026-08-24 17:34:13,858 DEBUG: LINE hostname apanatto-thinkpadt14gen5.rmtit.csb       : single-line context
2026-08-24 17:34:13,858 DEBUG: LINE debug zebra dplane dpdk                           : single-line context
2026-08-24 17:34:13,858 DEBUG: LINE vrf main                                          : enter context vrf main                                          
2026-08-24 17:34:13,858 DEBUG: LINE exit-vrf                                          : exit context vrf main                                          
2026-08-24 17:34:13,858 DEBUG: LINE router bgp 64512                                  : enter context router bgp 64512                                  
2026-08-24 17:34:13,858 DEBUG: LINE bgp router-id 172.16.0.1                          : add to current context router bgp 64512                                  
2026-08-24 17:34:13,858 DEBUG: LINE neighbor 172.16.0.2 remote-as 64512               : add to current context router bgp 64512                                  
2026-08-24 17:34:13,858 DEBUG: LINE address-family ipv4 unicast                       : enter context router bgp 64512 address-family ipv4 unicast      
2026-08-24 17:34:13,858 DEBUG: LINE network 172.16.0.0/24                             : add to current context router bgp 64512 address-family ipv4 unicast      
2026-08-24 17:34:13,858 DEBUG: LINE exit-address-family                               : exit context router bgp 64512 address-family ipv4 unicast      
2026-08-24 17:34:13,858 DEBUG: LINE exit                                              : exit context router bgp 64512                                  
2026-08-24 17:34:13,858 DEBUG: Running Frr Config (Pass #0)
frr version 10.6.1
frr defaults traditional
hostname apanatto-thinkpadt14gen5.rmtit.csb
!
debug zebra dplane dpdk
!
vrf main
exit-vrf
end
!
router bgp 64512
bgp router-id 172.16.0.1
neighbor 172.16.0.2 remote-as 64512
!
address-family ipv4 unicast
network 172.16.0.0/24
exit-address-family
exit
!
end
2026-08-24 17:34:13,859  INFO: "frr version 10.6.1" cannot be removed
2026-08-24 17:34:13,859  INFO: "frr defaults traditional" cannot be removed
2026-08-24 17:34:13,866  INFO: Executed "no hostname apanatto-thinkpadt14gen5.rmtit.csb"
ZEBRA: [WMBNH-V6XN6] Unable to find specified Interface for default
ZEBRA: [WMBNH-V6XN6] Unable to find specified Interface for default
NOTICE: TRACE: [tx p0] fa:2a:ff:46:d7:2c > fe:78:40:7f:f0:3f / IP 172.16.0.1 > 172.16.0.2 ttl=255 proto=TCP(6) / TCP 37592 > 179 flags=FA, (pkt_len=66)
2026-08-24 17:34:13,875  INFO: Executed "no router bgp 64512"
2026-08-24 17:34:13,875  INFO: build//frr_install/var/run/frr/reload-VSXG5D.txt content
['hostname grout\n']
NOTICE: TRACE: [rx p0] fe:78:40:7f:f0:3f > fa:2a:ff:46:d7:2c / IP 172.16.0.2 > 172.16.0.1 ttl=255 proto=TCP(6) / TCP 179 > 37592 flags=FA, (pkt_len=66)
NOTICE: TRACE: [cp tx p0] fa:2a:ff:46:d7:2c > fa:2a:ff:46:d7:2c / IP 172.16.0.2 > 172.16.0.1 ttl=255 proto=TCP(6) / TCP 179 > 37592 flags=FA, (pkt_len=66)
NOTICE: TRACE: [tx p0] fa:2a:ff:46:d7:2c > fe:78:40:7f:f0:3f / IP 172.16.0.1 > 172.16.0.2 ttl=255 proto=TCP(6) / TCP 37592 > 179 flags=A, (pkt_len=66)
[398490|mgmtd] sending configuration
[398491|zebra] sending configuration
[398494|ospfd] sending configuration
[398495|ospf6d] sending configuration
[398497|bgpd] sending configuration
[398498|isisd] sending configuration
ZEBRA: [VTVCM-Y2NW3] Configuration Read in Took: 00:00:00
[398491|zebra] done
ZEBRA: [G6NKK-8C6DV] end_config: VTY:0x1ead2840, pending SET-CFG: 0
[398490|mgmtd] done
MGMTD: [VTVCM-Y2NW3] Configuration Read in Took: 00:00:00
MGMTD: [G6NKK-8C6DV] end_config: VTY:0x35dd78c0, pending SET-CFG: 0
OSPF: [VTVCM-Y2NW3] Configuration Read in Took: 00:00:00
OSPF: [G6NKK-8C6DV] end_config: VTY:0x26031e00, pending SET-CFG: 0
[398494|ospfd] done
BGP: [VTVCM-Y2NW3] Configuration Read in Took: 00:00:00
BGP: [G6NKK-8C6DV] end_config: VTY:0x1f18bd00, pending SET-CFG: 0
[398497|bgpd] done
OSPF6: [VTVCM-Y2NW3] Configuration Read in Took: 00:00:00
[398495|ospf6d] done
OSPF6: [G6NKK-8C6DV] end_config: VTY:0x2ab395a0, pending SET-CFG: 0
ISIS: [VTVCM-Y2NW3] Configuration Read in Took: 00:00:00
ISIS: [G6NKK-8C6DV] end_config: VTY:0xff70de0, pending SET-CFG: 0
[398498|isisd] done
[398506|staticd] sending configuration
[398507|bfdd] sending configuration
Waiting for children to finish applying config...
[398511|watchfrr] sending configuration
STATIC: [VTVCM-Y2NW3] Configuration Read in Took: 00:00:00
STATIC: [G6NKK-8C6DV] end_config: VTY:0xa0f9aa0, pending SET-CFG: 0
[398506|staticd] done
BFD: [VTVCM-Y2NW3] Configuration Read in Took: 00:00:00
[398507|bfdd] done
BFD: [G6NKK-8C6DV] end_config: VTY:0x37c70ec0, pending SET-CFG: 0
[398511|watchfrr] done
2026-08-24 17:34:13,882  INFO: Loading Config object from vtysh show running
DEBUG: ROUTE: rib4_delete: VRF 1: 16.0.0.0/24
DEBUG: API: read_cb: pid=397682 id=44 req_type=0xf00d0002 (GR_IP4_ROUTE_DEL) req_len=16 status=0 (Success) resp_len=0
> route4 del: vrf=main 16.0.0.0/24 origin=bgp via type=L3 id=24 iface=p0 vrf=main origin=zebra family=ipv4 addr=172.16.0.2 state=reachable mac=fe:78:40:7f:f0:3f
ZEBRA: GROUT: grout_add_del_route: del 16.0.0.0/24 origin bgp nh_id 24 vrf 1
ZEBRA: GROUT: grout_client_send_recv: GR_IP4_ROUTE_DEL: success
2026-08-24 17:34:13,890 DEBUG: LINE frr version 10.6.1                                : single-line context
2026-08-24 17:34:13,890 DEBUG: LINE frr defaults traditional                          : single-line context
2026-08-24 17:34:13,890 DEBUG: LINE hostname apanatto-thinkpadt14gen5.rmtit.csb       : single-line context
2026-08-24 17:34:13,890 DEBUG: LINE debug zebra dplane dpdk                           : single-line context
2026-08-24 17:34:13,890 DEBUG: LINE vrf main                                          : enter context vrf main                                          
2026-08-24 17:34:13,890 DEBUG: LINE exit-vrf                                          : exit context vrf main                                          
2026-08-24 17:34:13,890 DEBUG: Running Frr Config (Pass #1)
frr version 10.6.1
frr defaults traditional
hostname apanatto-thinkpadt14gen5.rmtit.csb
!
debug zebra dplane dpdk
!
vrf main
exit-vrf
end
!
end
2026-08-24 17:34:13,891  INFO: "frr version 10.6.1" cannot be removed
2026-08-24 17:34:13,891  INFO: "frr defaults traditional" cannot be removed
2026-08-24 17:34:13,891  INFO: build//frr_install/var/run/frr/reload-WD4X4F.txt content
['hostname grout\n', 'hostname grout\n']
[398515|mgmtd] sending configuration
[398516|zebra] sending configuration
[398519|ospfd] sending configuration
[398520|ospf6d] sending configuration
MGMTD: [VTVCM-Y2NW3] Configuration Read in Took: 00:00:00
MGMTD: [G6NKK-8C6DV] end_config: VTY:0x35dd78c0, pending SET-CFG: 0
[398515|mgmtd] done
ZEBRA: [VTVCM-Y2NW3] Configuration Read in Took: 00:00:00
[398516|zebra] done
ZEBRA: [G6NKK-8C6DV] end_config: VTY:0x1ead2840, pending SET-CFG: 0
[398522|bgpd] sending configuration
OSPF: [VTVCM-Y2NW3] Configuration Read in Took: 00:00:00
[398523|isisd] sending configuration
OSPF: [G6NKK-8C6DV] end_config: VTY:0x26031e00, pending SET-CFG: 0
[398519|ospfd] done
[398522|bgpd] done
BGP: [VTVCM-Y2NW3] Configuration Read in Took: 00:00:00
BGP: [G6NKK-8C6DV] end_config: VTY:0x1f155b60, pending SET-CFG: 0
ISIS: [VTVCM-Y2NW3] Configuration Read in Took: 00:00:00
ISIS: [G6NKK-8C6DV] end_config: VTY:0xff70de0, pending SET-CFG: 0
[398523|isisd] done
OSPF6: [VTVCM-Y2NW3] Configuration Read in Took: 00:00:00
OSPF6: [G6NKK-8C6DV] end_config: VTY:0x2ab395a0, pending SET-CFG: 0
[398520|ospf6d] done
[398531|staticd] sending configuration
[398532|bfdd] sending configuration
STATIC: [VTVCM-Y2NW3] Configuration Read in Took: 00:00:00
STATIC: [G6NKK-8C6DV] end_config: VTY:0xa0f9aa0, pending SET-CFG: 0
BFD: [VTVCM-Y2NW3] Configuration Read in Took: 00:00:00
[398531|staticd] done
BFD: [G6NKK-8C6DV] end_config: VTY:0x37c70ec0, pending SET-CFG: 0
[398532|bfdd] done
Waiting for children to finish applying config...
[398536|watchfrr] sending configuration
[398536|watchfrr] done
+ grcli interface del p0
DEBUG: API: accept_conn_cb: new connection fd=26 pid=398539
DEBUG: API: read_cb: pid=398539 id=1 req_type=0xcafe1981 (GR_HELLO) req_len=132 status=0 (Success) resp_len=2
DEBUG: API: api_send: pid=398539 for_id=2 len=316
DEBUG: API: api_send: pid=398539 for_id=2 len=466
DEBUG: API: read_cb: pid=398539 id=2 req_type=0xacdc0004 (GR_IFACE_LIST) req_len=1 status=0 (Success) resp_len=0
DEBUG: API: read_cb: pid=398539 id=3 req_type=0xacdc0003 (GR_IFACE_GET) req_len=18 status=0 (Success) resp_len=466
DEBUG: IFACE: iface_event: iface event [0xacdc1003] PRE_REMOVE triggered for iface p0.
DEBUG: ROUTE: rib4_delete: VRF 1: 172.16.0.2/32
INFO: WORKER: port_unplug: port 0 unplugged
DEBUG: ROUTE: rib4_delete: VRF 1: 172.16.0.0/24
DEBUG: ROUTE: rib6_delete: VRF 1: fe80:2::/64
DEBUG: IFACE: iface_event: iface event [0xacdc1007] STATUS_DOWN triggered for iface p0.
DEBUG: MEMPOOL: gr_pktmbuf_pool_release: release mempool mbuf_-1:0 reserved 512 -> 256 (size 2047)
DEBUG: IFACE: iface_event: iface event [0xacdc1004] REMOVE triggered for iface p0.
DEBUG: MEMPOOL: gr_pktmbuf_pool_release: release mempool mbuf_0:1 reserved 511 -> 0 (size 2047)
DEBUG: MEMPOOL: gr_pktmbuf_pool_release: schedule mempool mbuf_0:1 for deferred free
INFO: PORT: iface_port_fini: port 0 destroyed
DEBUG: API: read_cb: pid=398539 id=4 req_type=0xacdc0002 (GR_IFACE_DEL) req_len=2 status=0 (Success) resp_len=0
DEBUG: API: disconnect_client: client pid=398539 disconnected
> nh del: type=L3 iface=p0 vrf=main origin=zebra family=ipv4 addr=172.16.0.2 state=reachable mac=fe:78:40:7f:f0:3f
> addr4 del: iface=p0 172.16.0.1/24
> route4 del: vrf=main 172.16.0.0/24 origin=link via type=L3 iface=p0 vrf=main origin=INTERNAL family=ipv4 addr=172.16.0.1/24 state=reachable mac=fa:2a:ff:46:d7:2c flags=local link
> addr6 del: iface=p0 fe80::f82a:ffff:fe46:d72c/64
> route6 del: vrf=main fe80:2::/64 origin=link via type=L3 iface=p0 vrf=main origin=INTERNAL family=ipv6 addr=fe80::f82a:ffff:fe46:d72c/64 state=reachable mac=fa:2a:ff:46:d7:2c f
> iface pre del: p0 type=port id=2 mtu=1500
> iface down: p0 type=port id=2 mtu=1500
> iface del: p0 type=port id=2 mtu=1500
ZEBRA: GROUT: dplane_read_notifications: GR_EVENT_IP_ADDR_DEL
ZEBRA: GROUT: grout_interface_addr4_change: del 172.16.0.1/24 iface 2
ZEBRA: GROUT: zebra_read_notifications: GR_EVENT_NEXTHOP_DELETE
ZEBRA: GROUT: grout_nexthop_change: del nh_id 0 origin zebra
ZEBRA: GROUT: grout_neigh_notify: del neigh iface=2 172.16.0.2 fe:78:40:7f:f0:3f
ZEBRA: GROUT: grout_nexthop_change: nexthop without ID, skip
ZEBRA: GROUT: dplane_read_notifications: GR_EVENT_IP6_ADDR_DEL
ZEBRA: GROUT: grout_interface_addr6_change: del fe80::f82a:ffff:fe46:d72c/64 iface 2
ZEBRA: GROUT: dplane_read_notifications: GR_EVENT_IFACE_STATUS_DOWN
ZEBRA: GROUT: grout_link_change: add iface p0
ZEBRA: GROUT: dplane_read_notifications: GR_EVENT_IFACE_REMOVE
ZEBRA: GROUT: grout_link_change: del iface p0
ZEBRA: GROUT: zebra_read_notifications: GR_EVENT_IP_ROUTE_DEL
ZEBRA: GROUT: grout_route4_change: del 172.16.0.0/24 origin link nh_id 0 route_vrf 1 nh_vrf 1
ZEBRA: GROUT: grout_route_change: link route, skip
ZEBRA: GROUT: zebra_read_notifications: GR_EVENT_IP6_ROUTE_DEL
ZEBRA: GROUT: grout_route6_change: del fe80:2::/64 origin link nh_id 0 route_vrf 1 nh_vrf 1
ZEBRA: GROUT: grout_route_change: link route, skip
+ echo 'Teardown complete'
Teardown complete
+ for i in $(seq 1 $iterations)
+ echo '=== Iteration 5/20 ==='
=== Iteration 5/20 ===
+ setup_bgp
+ python3 /home/apanatto/dev/github.com/DPDK/grout/subprojects/frr-frr-10.6.1/tools/frr-reload.py --confdir build//frr_install/etc/frr --bindir build//frr_install/bin --rundir build//frr_install/var/run/frr --reload --debug --stdout /tmp/tmp.kCeOhDfbvG/bgp.conf
ZEBRA: GROUT: grout_add_del_route: del 172.16.0.0/24 origin link nh_id 22 vrf 1
ZEBRA: GROUT: grout_add_del_route: non-frr origin, skip
ZEBRA: GROUT: grout_add_del_route: del 172.16.0.0/24 origin link nh_id 22 vrf 1
ZEBRA: GROUT: grout_add_del_route: non-frr origin, skip
ZEBRA: GROUT: grout_add_del_route: del 172.16.0.1/32 origin link nh_id 22 vrf 1
ZEBRA: GROUT: grout_add_del_route: non-frr origin, skip
ZEBRA: GROUT: grout_add_del_route: del 172.16.0.1/32 origin link nh_id 22 vrf 1
ZEBRA: GROUT: grout_add_del_route: non-frr origin, skip
ZEBRA: GROUT: grout_add_del_route: del fe80::/64 origin link nh_id 21 vrf 1
ZEBRA: GROUT: grout_add_del_route: non-frr origin, skip
ZEBRA: GROUT: grout_add_del_route: del fe80::/64 origin link nh_id 21 vrf 1
ZEBRA: GROUT: grout_add_del_route: non-frr origin, skip
2026-08-24 17:34:14,046  INFO: Called via "Namespace(input=None, reload=True, test=False, debug=True, log_level='info', stdout=True, pathspace=None, filename='/tmp/tmp.kCeOhDfbvG/bgp.conf', overwrite=False, bindir='build//frr_install/bin', confdir='build//frr_install/etc/frr', rundir='build//frr_install/var/run/frr', vty_socket=None, daemon='', test_reset=False, logfmt=False, logfile='/var/log/frr/frr-reload.log')"
2026-08-24 17:34:14,047  INFO: Loading Config object from file /tmp/tmp.kCeOhDfbvG/bgp.conf
2026-08-24 17:34:14,054 DEBUG: LINE hostname grout                                    : single-line context
2026-08-24 17:34:14,055 DEBUG: LINE debug zebra dplane dpdk                           : single-line context
2026-08-24 17:34:14,055 DEBUG: LINE router bgp 64512                                  : enter context router bgp 64512                                  
2026-08-24 17:34:14,055 DEBUG: LINE bgp router-id 172.16.0.1                          : add to current context router bgp 64512                                  
2026-08-24 17:34:14,055 DEBUG: LINE neighbor 172.16.0.2 remote-as 64512               : add to current context router bgp 64512                                  
2026-08-24 17:34:14,055 DEBUG: LINE address-family ipv4 unicast                       : enter context router bgp 64512 address-family ipv4 unicast      
2026-08-24 17:34:14,055 DEBUG: LINE network 172.16.0.0/24                             : add to current context router bgp 64512 address-family ipv4 unicast      
2026-08-24 17:34:14,055 DEBUG: LINE exit-address-family                               : exit context router bgp 64512 address-family ipv4 unicast      
2026-08-24 17:34:14,055 DEBUG: LINE exit                                              : exit context router bgp 64512                                  
2026-08-24 17:34:14,064 DEBUG: New Frr Config
hostname grout
debug zebra dplane dpdk
router bgp 64512
bgp router-id 172.16.0.1
neighbor 172.16.0.2 remote-as 64512
address-family ipv4 unicast
network 172.16.0.0/24
exit-address-family
exit

end

2026-08-24 17:34:14,065  INFO: Loading Config object from vtysh show running
2026-08-24 17:34:14,100 DEBUG: LINE frr version 10.6.1                                : single-line context
2026-08-24 17:34:14,101 DEBUG: LINE frr defaults traditional                          : single-line context
2026-08-24 17:34:14,101 DEBUG: LINE hostname apanatto-thinkpadt14gen5.rmtit.csb       : single-line context
2026-08-24 17:34:14,101 DEBUG: LINE debug zebra dplane dpdk                           : single-line context
2026-08-24 17:34:14,101 DEBUG: LINE vrf main                                          : enter context vrf main                                          
2026-08-24 17:34:14,101 DEBUG: LINE exit-vrf                                          : exit context vrf main                                          
2026-08-24 17:34:14,101 DEBUG: Running Frr Config (Pass #0)
frr version 10.6.1
frr defaults traditional
hostname apanatto-thinkpadt14gen5.rmtit.csb
!
debug zebra dplane dpdk
!
vrf main
exit-vrf
end
!
end
2026-08-24 17:34:14,101  INFO: "frr version 10.6.1" cannot be removed
2026-08-24 17:34:14,101  INFO: "frr defaults traditional" cannot be removed
2026-08-24 17:34:14,107  INFO: Executed "no hostname apanatto-thinkpadt14gen5.rmtit.csb"
2026-08-24 17:34:14,107  INFO: build//frr_install/var/run/frr/reload-HHX4I9.txt content
['hostname grout\n',
 'router bgp 64512\nexit\n',
 'router bgp 64512\n bgp router-id 172.16.0.1\nexit\n',
 'router bgp 64512\n neighbor 172.16.0.2 remote-as 64512\nexit\n',
 'router bgp 64512\n address-family ipv4 unicast\n exit\nexit\n',
 'router bgp 64512\n'
 ' address-family ipv4 unicast\n'
 '  network 172.16.0.0/24 \n'
 ' exit\n'
 'exit\n']
[398550|mgmtd] sending configuration
[398551|zebra] sending configuration
[398554|ospfd] sending configuration
[398555|ospf6d] sending configuration
[398557|bgpd] sending configuration
[398558|isisd] sending configuration
[398554|ospfd] done
OSPF: [VTVCM-Y2NW3] Configuration Read in Took: 00:00:00
OSPF: [G6NKK-8C6DV] end_config: VTY:0x26031e00, pending SET-CFG: 0
[398566|staticd] sending configuration
MGMTD: [VTVCM-Y2NW3] Configuration Read in Took: 00:00:00
MGMTD: [G6NKK-8C6DV] end_config: VTY:0x35df98f0, pending SET-CFG: 0
[398555|ospf6d] done
OSPF6: [VTVCM-Y2NW3] Configuration Read in Took: 00:00:00
OSPF6: [G6NKK-8C6DV] end_config: VTY:0x2ab395a0, pending SET-CFG: 0
ISIS: [VTVCM-Y2NW3] Configuration Read in Took: 00:00:00
ISIS: [G6NKK-8C6DV] end_config: VTY:0xff70dc0, pending SET-CFG: 0
[398567|bfdd] sending configuration
[398550|mgmtd] done
ZEBRA: [VTVCM-Y2NW3] Configuration Read in Took: 00:00:00
[398558|isisd] done
ZEBRA: [G6NKK-8C6DV] end_config: VTY:0x1ead2840, pending SET-CFG: 0
ZEBRA: [WMBNH-V6XN6] Unable to find specified Interface for default
ZEBRA: [WMBNH-V6XN6] Unable to find specified Interface for default
[398551|zebra] done
Waiting for children to finish applying config...
[398571|watchfrr] sending configuration
[398567|bfdd] done
BFD: [VTVCM-Y2NW3] Configuration Read in Took: 00:00:00
BFD: [G6NKK-8C6DV] end_config: VTY:0x37c70ea0, pending SET-CFG: 0
[398571|watchfrr] done
[398557|bgpd] done
STATIC: [VTVCM-Y2NW3] Configuration Read in Took: 00:00:00
STATIC: [G6NKK-8C6DV] end_config: VTY:0xa0f9aa0, pending SET-CFG: 0
[398566|staticd] done
BGP: [VTVCM-Y2NW3] Configuration Read in Took: 00:00:00
BGP: [G6NKK-8C6DV] end_config: VTY:0x1f155b60, pending SET-CFG: 0
2026-08-24 17:34:14,120  INFO: Loading Config object from vtysh show running
2026-08-24 17:34:14,133 DEBUG: LINE frr version 10.6.1                                : single-line context
2026-08-24 17:34:14,133 DEBUG: LINE frr defaults traditional                          : single-line context
2026-08-24 17:34:14,133 DEBUG: LINE hostname apanatto-thinkpadt14gen5.rmtit.csb       : single-line context
2026-08-24 17:34:14,133 DEBUG: LINE debug zebra dplane dpdk                           : single-line context
2026-08-24 17:34:14,133 DEBUG: LINE vrf main                                          : enter context vrf main                                          
2026-08-24 17:34:14,133 DEBUG: LINE exit-vrf                                          : exit context vrf main                                          
2026-08-24 17:34:14,133 DEBUG: LINE router bgp 64512                                  : enter context router bgp 64512                                  
2026-08-24 17:34:14,133 DEBUG: LINE bgp router-id 172.16.0.1                          : add to current context router bgp 64512                                  
2026-08-24 17:34:14,133 DEBUG: LINE neighbor 172.16.0.2 remote-as 64512               : add to current context router bgp 64512                                  
2026-08-24 17:34:14,133 DEBUG: LINE address-family ipv4 unicast                       : enter context router bgp 64512 address-family ipv4 unicast      
2026-08-24 17:34:14,133 DEBUG: LINE network 172.16.0.0/24                             : add to current context router bgp 64512 address-family ipv4 unicast      
2026-08-24 17:34:14,133 DEBUG: LINE exit-address-family                               : exit context router bgp 64512 address-family ipv4 unicast      
2026-08-24 17:34:14,133 DEBUG: LINE exit                                              : exit context router bgp 64512                                  
2026-08-24 17:34:14,133 DEBUG: Running Frr Config (Pass #1)
frr version 10.6.1
frr defaults traditional
hostname apanatto-thinkpadt14gen5.rmtit.csb
!
debug zebra dplane dpdk
!
vrf main
exit-vrf
end
!
router bgp 64512
bgp router-id 172.16.0.1
neighbor 172.16.0.2 remote-as 64512
!
address-family ipv4 unicast
network 172.16.0.0/24
exit-address-family
exit
!
end
2026-08-24 17:34:14,133  INFO: "frr version 10.6.1" cannot be removed
2026-08-24 17:34:14,133  INFO: "frr defaults traditional" cannot be removed
2026-08-24 17:34:14,134  INFO: build//frr_install/var/run/frr/reload-QI79A7.txt content
['hostname grout\n',
 'hostname grout\n',
 'router bgp 64512\nexit\n',
 'router bgp 64512\n bgp router-id 172.16.0.1\nexit\n',
 'router bgp 64512\n neighbor 172.16.0.2 remote-as 64512\nexit\n',
 'router bgp 64512\n address-family ipv4 unicast\n exit\nexit\n',
 'router bgp 64512\n'
 ' address-family ipv4 unicast\n'
 '  network 172.16.0.0/24 \n'
 ' exit\n'
 'exit\n']
[398575|mgmtd] sending configuration
[398576|zebra] sending configuration
[398579|ospfd] sending configuration
[398580|ospf6d] sending configuration
[398583|isisd] sending configuration
[398582|bgpd] sending configuration
[398575|mgmtd] done
[398576|zebra] done
ZEBRA: [VTVCM-Y2NW3] Configuration Read in Took: 00:00:00
ZEBRA: [G6NKK-8C6DV] end_config: VTY:0x1ead2840, pending SET-CFG: 0
MGMTD: [VTVCM-Y2NW3] Configuration Read in Took: 00:00:00
MGMTD: [G6NKK-8C6DV] end_config: VTY:0x35df98f0, pending SET-CFG: 0
ISIS: [VTVCM-Y2NW3] Configuration Read in Took: 00:00:00
[398583|isisd] done
ISIS: [G6NKK-8C6DV] end_config: VTY:0xff70dc0, pending SET-CFG: 0
OSPF: [VTVCM-Y2NW3] Configuration Read in Took: 00:00:00
OSPF: [G6NKK-8C6DV] end_config: VTY:0x26031e00, pending SET-CFG: 0
[398591|staticd] sending configuration
[398579|ospfd] done
[398592|bfdd] sending configuration
Waiting for children to finish applying config...
[398596|watchfrr] sending configuration
BFD: [VTVCM-Y2NW3] Configuration Read in Took: 00:00:00
[398592|bfdd] done
BFD: [G6NKK-8C6DV] end_config: VTY:0x37c70ea0, pending SET-CFG: 0
OSPF6: [VTVCM-Y2NW3] Configuration Read in Took: 00:00:00
[398580|ospf6d] done
OSPF6: [G6NKK-8C6DV] end_config: VTY:0x2ab395a0, pending SET-CFG: 0
STATIC: [VTVCM-Y2NW3] Configuration Read in Took: 00:00:00
STATIC: [G6NKK-8C6DV] end_config: VTY:0xa0f9aa0, pending SET-CFG: 0
[398591|staticd] done
BGP: [VTVCM-Y2NW3] Configuration Read in Took: 00:00:00
[398596|watchfrr] done
BGP: [G6NKK-8C6DV] end_config: VTY:0x1f18bd00, pending SET-CFG: 0
[398582|bgpd] done
+ grcli interface add port p0 devargs net_tap0,remote=veth0
DEBUG: API: accept_conn_cb: new connection fd=26 pid=398599
DEBUG: API: read_cb: pid=398599 id=1 req_type=0xcafe1981 (GR_HELLO) req_len=132 status=0 (Success) resp_len=2
ERR: TAP: tap_nl_dump_ext_ack(): Cannot delete qdisc with handle of zero
DEBUG: MEMPOOL: gr_pktmbuf_pool_get: allocate mempool mbuf_0:0 reserved 511 (size 2047, mbuf_size 2048)
INFO: WORKER: port_plug: port 0 plugged
DEBUG: GRAPH: worker_graph_new: [CPU 6] <- port=0 rxq=0 burst_size=64
DEBUG: GRAPH: worker_graph_new: [CPU 6] -> port 0 txq 0
DEBUG: IFACE: iface_event: iface event [0xacdc1008] MAC_CHANGE triggered for iface p0.
DEBUG: MEMPOOL: gr_pktmbuf_pool_get: reuse mempool mbuf_-1:0 reserved 256 -> 512 (size 2047, mbuf_size 2048)
DEBUG: IFACE: iface_event: iface event [0xacdc1001] ADD triggered for iface p0.
DEBUG: IFACE: iface_event: iface event [0xacdc1002] POST_ADD triggered for iface p0.
INFO: ADDRESS: mcast6_addr_add: p0: joining multicast group ff02::1:ff46:d72c
INFO: ADDRESS: mcast6_addr_add: p0: joining multicast group ff01::1
INFO: ADDRESS: mcast6_addr_add: p0: joining multicast group ff02::1
INFO: ADDRESS: mcast6_addr_add: p0: joining multicast group ff01::2
INFO: ADDRESS: mcast6_addr_add: p0: joining multicast group ff02::2
INFO: ADDRESS: mcast6_addr_add: p0: joining multicast group ff05::2
INFO: ADDRESS: mcast6_addr_add: p0: joining multicast group ff02::5
INFO: ADDRESS: mcast6_addr_add: p0: joining multicast group ff02::6
INFO: ADDRESS: mcast6_addr_add: p0: joining multicast group ff02::8
INFO: ADDRESS: mcast6_addr_add: p0: joining multicast group ff02::16
DEBUG: API: read_cb: pid=398599 id=2 req_type=0xacdc0001 (GR_IFACE_ADD) req_len=466 status=0 (Success) resp_len=2
Created interface 2
> iface mac change: p0 type=port id=2 mtu=0
> iface add: p0 type=port id=2 mtu=0
DEBUG: API: disconnect_client: client pid=398599 disconnected
> route6 add: vrf=main fe80::f82a:ffff:fe46:d72c/64 origin=link via type=L3 iface=p0 vrf=main origin=INTERNAL family=ipv6 addr=fe80::f82a:ffff:fe46:d72c/64 state=reachable mac=fa:2a:ff:46:d7:2c f
> addr6 add: iface=p0 fe80::f82a:ffff:fe46:d72c/64
> iface post add: p0 type=port id=2 mtu=0
ZEBRA: GROUT: zebra_read_notifications: GR_EVENT_IP6_ROUTE_ADD
ZEBRA: GROUT: grout_route6_change: add fe80::f82a:ffff:fe46:d72c/64 origin link nh_id 0 route_vrf 1 nh_vrf 1
ZEBRA: GROUT: grout_route_change: link route, skip
ZEBRA: GROUT: dplane_read_notifications: GR_EVENT_IFACE_MAC_CHANGE
ZEBRA: GROUT: grout_link_change: add iface p0
ZEBRA: GROUT: dplane_read_notifications: GR_EVENT_IFACE_ADD
ZEBRA: GROUT: grout_link_change: add iface p0
ZEBRA: GROUT: dplane_read_notifications: GR_EVENT_IP6_ADDR_ADD
ZEBRA: GROUT: grout_interface_addr6_change: add fe80::f82a:ffff:fe46:d72c/64 iface 2
NOTICE: TRACE: [rx p0] fa:2a:ff:46:d7:2c > 33:33:00:00:00:16 / IPv6 :: > ff02::16 ttl=1 proto=HOPOPT(0) / ICMPv6 type=143 code=0, (pkt_len=90)
NOTICE: TRACE: [drop icmp6_input_unsupported] 1 packets
+ grcli address add 172.16.0.1/24 iface p0
DEBUG: API: accept_conn_cb: new connection fd=26 pid=398600
DEBUG: API: read_cb: pid=398600 id=1 req_type=0xcafe1981 (GR_HELLO) req_len=132 status=0 (Success) resp_len=2
DEBUG: API: api_send: pid=398600 for_id=2 len=316
DEBUG: API: api_send: pid=398600 for_id=2 len=466
DEBUG: API: read_cb: pid=398600 id=2 req_type=0xacdc0004 (GR_IFACE_LIST) req_len=1 status=0 (Success) resp_len=0
DEBUG: API: read_cb: pid=398600 id=3 req_type=0xacdc0003 (GR_IFACE_GET) req_len=18 status=0 (Success) resp_len=466
DEBUG: API: read_cb: pid=398600 id=4 req_type=0xf00d0005 (GR_IP4_ADDR_ADD) req_len=16 status=0 (Success) resp_len=0
DEBUG: API: disconnect_client: client pid=398600 disconnected
> route4 add: vrf=main 172.16.0.1/24 origin=link via type=L3 iface=p0 vrf=main origin=INTERNAL family=ipv4 addr=172.16.0.1/24 state=reachable mac=fa:2a:ff:46:d7:2c flags=local link
> addr4 add: iface=p0 172.16.0.1/24
ZEBRA: GROUT: zebra_read_notifications: GR_EVENT_IP_ROUTE_ADD
ZEBRA: GROUT: grout_route4_change: add 172.16.0.1/24 origin link nh_id 0 route_vrf 1 nh_vrf 1
ZEBRA: GROUT: grout_route_change: link route, skip
ZEBRA: GROUT: dplane_read_notifications: GR_EVENT_IP_ADDR_ADD
ZEBRA: GROUT: grout_interface_addr4_change: add 172.16.0.1/24 iface 2
+ sleep 3
NOTICE: TRACE: [rx p0] fa:2a:ff:46:d7:2c > 33:33:ff:46:d7:2c / IPv6 :: > ff02::1:ff46:d72c ttl=255 proto=ICMPv6(58) / ICMPv6 neigh solicit who has fe80::f82a:ffff:fe46:d72c? / Option type=14 len=8(1), (pkt_len=86)
INFO: PORT: link_event_cb: p0: link status up
DEBUG: IFACE: iface_event: iface event [0xacdc1006] STATUS_UP triggered for iface p0.
DEBUG: MEMPOOL: pending_free_cb: deferred free mempool mbuf_0:1 after 473 ms
NOTICE: TRACE: [tx p0] fa:2a:ff:46:d7:2c > ff:ff:ff:ff:ff:ff / ARP announce 172.16.0.1 is at fa:2a:ff:46:d7:2c, (pkt_len=42)
NOTICE: TRACE: [tx p0] fa:2a:ff:46:d7:2c > 33:33:00:00:00:01 / IPv6 fe80::f82a:ffff:fe46:d72c > ff02::1 ttl=255 proto=ICMPv6(58) / ICMPv6 neigh advert fe80::f82a:ffff:fe46:d72c is at (solicited=0) / Option target_lladdr=fa:2a:ff:46:d7:2c, (pkt_len=86)
> iface up: p0 type=port id=2 mtu=1500
ZEBRA: GROUT: dplane_read_notifications: GR_EVENT_IFACE_STATUS_UP
ZEBRA: GROUT: grout_link_change: add iface p0
ZEBRA: GROUT: grout_add_del_route: add fe80::/64 origin link nh_id 27 vrf 1
ZEBRA: GROUT: grout_add_del_route: non-frr origin, skip
ZEBRA: GROUT: grout_add_del_route: add fe80::/64 origin link nh_id 27 vrf 1
ZEBRA: GROUT: grout_add_del_route: non-frr origin, skip
ZEBRA: GROUT: grout_add_del_route: add 172.16.0.0/24 origin link nh_id 28 vrf 1
ZEBRA: GROUT: grout_add_del_route: non-frr origin, skip
ZEBRA: GROUT: grout_add_del_route: add 172.16.0.0/24 origin link nh_id 28 vrf 1
ZEBRA: GROUT: grout_add_del_route: non-frr origin, skip
ZEBRA: GROUT: grout_add_del_route: add 172.16.0.1/32 origin link nh_id 28 vrf 1
ZEBRA: GROUT: grout_add_del_route: non-frr origin, skip
ZEBRA: GROUT: grout_add_del_route: add 172.16.0.1/32 origin link nh_id 28 vrf 1
ZEBRA: GROUT: grout_add_del_route: non-frr origin, skip
NOTICE: TRACE: [rx p0] fe:78:40:7f:f0:3f > fa:2a:ff:46:d7:2c / IP 172.16.0.2 > 172.16.0.1 ttl=255 proto=TCP(6) / TCP 45604 > 179 flags=S, (pkt_len=74)
NOTICE: TRACE: [cp tx p0] fa:2a:ff:46:d7:2c > fa:2a:ff:46:d7:2c / IP 172.16.0.2 > 172.16.0.1 ttl=255 proto=TCP(6) / TCP 45604 > 179 flags=S, (pkt_len=74)
NOTICE: TRACE: [tx p0] fa:2a:ff:46:d7:2c > ff:ff:ff:ff:ff:ff / ARP request who has 172.16.0.2? tell 172.16.0.1, (pkt_len=42)
NOTICE: TRACE: [rx p0] fe:78:40:7f:f0:3f > fa:2a:ff:46:d7:2c / ARP reply 172.16.0.2 is at fe:78:40:7f:f0:3f, (pkt_len=42)
> nh new: type=L3 iface=p0 vrf=main origin=learn family=ipv4 addr=172.16.0.2 state=new flags=neigh
NOTICE: TRACE: [tx p0] fa:2a:ff:46:d7:2c > fe:78:40:7f:f0:3f / IP 172.16.0.1 > 172.16.0.2 ttl=255 proto=TCP(6) / TCP 179 > 45604 flags=SA, (pkt_len=74)
> nh update: type=L3 iface=p0 vrf=main origin=learn family=ipv4 addr=172.16.0.2 state=reachable mac=fe:78:40:7f:f0:3f flags=neigh
ZEBRA: GROUT: zebra_read_notifications: GR_EVENT_NEXTHOP_NEW
NOTICE: TRACE: [rx p0] fe:78:40:7f:f0:3f > fa:2a:ff:46:d7:2c / IP 172.16.0.2 > 172.16.0.1 ttl=255 proto=TCP(6) / TCP 45604 > 179 flags=A, (pkt_len=66)
ZEBRA: GROUT: grout_nexthop_change: add nh_id 0 origin learn
ZEBRA: GROUT: grout_nexthop_change: dynamic neighbor learn, skip
NOTICE: TRACE: [rx p0] fe:78:40:7f:f0:3f > fa:2a:ff:46:d7:2c / IP 172.16.0.2 > 172.16.0.1 ttl=255 proto=TCP(6) / TCP 45604 > 179 flags=PA, (pkt_len=197)
ZEBRA: GROUT: zebra_read_notifications: GR_EVENT_NEXTHOP_UPDATE
NOTICE: TRACE: [cp tx p0] fa:2a:ff:46:d7:2c > fa:2a:ff:46:d7:2c / IP 172.16.0.2 > 172.16.0.1 ttl=255 proto=TCP(6) / TCP 45604 > 179 flags=A, (pkt_len=66)
ZEBRA: GROUT: grout_nexthop_change: add nh_id 0 origin learn
NOTICE: TRACE: [cp tx p0] fa:2a:ff:46:d7:2c > fa:2a:ff:46:d7:2c / IP 172.16.0.2 > 172.16.0.1 ttl=255 proto=TCP(6) / TCP 45604 > 179 flags=PA, (pkt_len=197)
ZEBRA: GROUT: grout_neigh_notify: add neigh iface=2 172.16.0.2 fe:78:40:7f:f0:3f
NOTICE: TRACE: [tx p0] fa:2a:ff:46:d7:2c > fe:78:40:7f:f0:3f / IP 172.16.0.1 > 172.16.0.2 ttl=255 proto=TCP(6) / TCP 179 > 45604 flags=A, (pkt_len=66)
ZEBRA: GROUT: grout_nexthop_change: dynamic neighbor learn, skip
NOTICE: TRACE: [tx p0] fa:2a:ff:46:d7:2c > fe:78:40:7f:f0:3f / IP 172.16.0.1 > 172.16.0.2 ttl=255 proto=TCP(6) / TCP 179 > 45604 flags=RA, (pkt_len=66)
[bgp-peer] BGP: [H4B4J-DCW2R][EC 33554455] 172.16.0.1 [Error] bgp_read_packet error: Connection reset by peer
NOTICE: TRACE: [rx p0] fa:2a:ff:46:d7:2c > 33:33:00:00:00:16 / IPv6 :: > ff02::16 ttl=1 proto=HOPOPT(0) / ICMPv6 type=143 code=0, (pkt_len=90)
NOTICE: TRACE: [drop icmp6_input_unsupported] 1 packets
NOTICE: TRACE: [tx p0] fa:2a:ff:46:d7:2c > fe:78:40:7f:f0:3f / IP 172.16.0.1 > 172.16.0.2 ttl=255 proto=TCP(6) / TCP 57606 > 179 flags=S, (pkt_len=74)
NOTICE: TRACE: [rx p0] fe:78:40:7f:f0:3f > fa:2a:ff:46:d7:2c / IP 172.16.0.2 > 172.16.0.1 ttl=255 proto=TCP(6) / TCP 179 > 57606 flags=SA, (pkt_len=74)
NOTICE: TRACE: [cp tx p0] fa:2a:ff:46:d7:2c > fa:2a:ff:46:d7:2c / IP 172.16.0.2 > 172.16.0.1 ttl=255 proto=TCP(6) / TCP 179 > 57606 flags=SA, (pkt_len=74)
NOTICE: TRACE: [tx p0] fa:2a:ff:46:d7:2c > fe:78:40:7f:f0:3f / IP 172.16.0.1 > 172.16.0.2 ttl=255 proto=TCP(6) / TCP 57606 > 179 flags=A, (pkt_len=66)
NOTICE: TRACE: [tx p0] fa:2a:ff:46:d7:2c > fe:78:40:7f:f0:3f / IP 172.16.0.1 > 172.16.0.2 ttl=255 proto=TCP(6) / TCP 57606 > 179 flags=PA, (pkt_len=197)
NOTICE: TRACE: [rx p0] fe:78:40:7f:f0:3f > fa:2a:ff:46:d7:2c / IP 172.16.0.2 > 172.16.0.1 ttl=255 proto=TCP(6) / TCP 179 > 57606 flags=A, (pkt_len=66)
NOTICE: TRACE: [cp tx p0] fa:2a:ff:46:d7:2c > fa:2a:ff:46:d7:2c / IP 172.16.0.2 > 172.16.0.1 ttl=255 proto=TCP(6) / TCP 179 > 57606 flags=A, (pkt_len=66)
NOTICE: TRACE: [rx p0] fe:78:40:7f:f0:3f > fa:2a:ff:46:d7:2c / IP 172.16.0.2 > 172.16.0.1 ttl=255 proto=TCP(6) / TCP 179 > 57606 flags=PA, (pkt_len=197)
NOTICE: TRACE: [cp tx p0] fa:2a:ff:46:d7:2c > fa:2a:ff:46:d7:2c / IP 172.16.0.2 > 172.16.0.1 ttl=255 proto=TCP(6) / TCP 179 > 57606 flags=PA, (pkt_len=197)
NOTICE: TRACE: [tx p0] fa:2a:ff:46:d7:2c > fe:78:40:7f:f0:3f / IP 172.16.0.1 > 172.16.0.2 ttl=255 proto=TCP(6) / TCP 57606 > 179 flags=A, (pkt_len=66)
NOTICE: TRACE: [rx p0] fe:78:40:7f:f0:3f > fa:2a:ff:46:d7:2c / IP 172.16.0.2 > 172.16.0.1 ttl=255 proto=TCP(6) / TCP 179 > 57606 flags=PA, (pkt_len=85)
NOTICE: TRACE: [cp tx p0] fa:2a:ff:46:d7:2c > fa:2a:ff:46:d7:2c / IP 172.16.0.2 > 172.16.0.1 ttl=255 proto=TCP(6) / TCP 179 > 57606 flags=PA, (pkt_len=85)
NOTICE: TRACE: [tx p0] fa:2a:ff:46:d7:2c > fe:78:40:7f:f0:3f / IP 172.16.0.1 > 172.16.0.2 ttl=255 proto=TCP(6) / TCP 57606 > 179 flags=A, (pkt_len=66)
NOTICE: TRACE: [tx p0] fa:2a:ff:46:d7:2c > fe:78:40:7f:f0:3f / IP 172.16.0.1 > 172.16.0.2 ttl=255 proto=TCP(6) / TCP 57606 > 179 flags=PA, (pkt_len=85)
NOTICE: TRACE: [rx p0] fe:78:40:7f:f0:3f > fa:2a:ff:46:d7:2c / IP 172.16.0.2 > 172.16.0.1 ttl=255 proto=TCP(6) / TCP 179 > 57606 flags=A, (pkt_len=66)
NOTICE: TRACE: [cp tx p0] fa:2a:ff:46:d7:2c > fa:2a:ff:46:d7:2c / IP 172.16.0.2 > 172.16.0.1 ttl=255 proto=TCP(6) / TCP 179 > 57606 flags=A, (pkt_len=66)
NOTICE: TRACE: [tx p0] fa:2a:ff:46:d7:2c > fe:78:40:7f:f0:3f / IP 172.16.0.1 > 172.16.0.2 ttl=255 proto=TCP(6) / TCP 57606 > 179 flags=PA, (pkt_len=145)
NOTICE: TRACE: [rx p0] fe:78:40:7f:f0:3f > fa:2a:ff:46:d7:2c / IP 172.16.0.2 > 172.16.0.1 ttl=255 proto=TCP(6) / TCP 179 > 57606 flags=A, (pkt_len=66)
NOTICE: TRACE: [cp tx p0] fa:2a:ff:46:d7:2c > fa:2a:ff:46:d7:2c / IP 172.16.0.2 > 172.16.0.1 ttl=255 proto=TCP(6) / TCP 179 > 57606 flags=A, (pkt_len=66)
[bgp-peer] BGP: [M59KS-A3ZXZ] bgp_update_receive_eor: rcvd End-of-RIB for IPv4 Unicast from 172.16.0.1 in vrf default
NOTICE: TRACE: [rx p0] fe:78:40:7f:f0:3f > fa:2a:ff:46:d7:2c / IP 172.16.0.2 > 172.16.0.1 ttl=255 proto=TCP(6) / TCP 179 > 57606 flags=PA, (pkt_len=149)
NOTICE: TRACE: [cp tx p0] fa:2a:ff:46:d7:2c > fa:2a:ff:46:d7:2c / IP 172.16.0.2 > 172.16.0.1 ttl=255 proto=TCP(6) / TCP 179 > 57606 flags=PA, (pkt_len=149)
BGP: [M59KS-A3ZXZ] bgp_update_receive_eor: rcvd End-of-RIB for IPv4 Unicast from 172.16.0.2 in vrf default
NOTICE: TRACE: [tx p0] fa:2a:ff:46:d7:2c > fe:78:40:7f:f0:3f / IP 172.16.0.1 > 172.16.0.2 ttl=255 proto=TCP(6) / TCP 57606 > 179 flags=A, (pkt_len=66)
DEBUG: API: read_cb: pid=397682 id=45 req_type=0xacdc2003 (GR_NH_ADD) req_len=44 status=0 (Success) resp_len=0
DEBUG: API: read_cb: pid=397682 id=46 req_type=0xf00d0001 (GR_IP4_ROUTE_ADD) req_len=24 status=0 (Success) resp_len=0
> nh update: type=L3 id=30 iface=p0 vrf=main origin=zebra family=ipv4 addr=172.16.0.2 state=reachable mac=fe:78:40:7f:f0:3f
> route4 add: vrf=main 16.0.0.0/24 origin=bgp via type=L3 id=30 iface=p0 vrf=main origin=zebra family=ipv4 addr=172.16.0.2 state=reachable mac=fe:78:40:7f:f0:3f
ZEBRA: GROUT: grout_add_del_nexthop: add nh_id 30 origin zebra
ZEBRA: GROUT: grout_add_nexthop: nh_id 30 type L3
ZEBRA: GROUT: grout_client_send_recv: GR_NH_ADD: success
ZEBRA: GROUT: grout_add_del_route: add 16.0.0.0/24 origin bgp nh_id 30 vrf 1
ZEBRA: GROUT: grout_client_send_recv: GR_IP4_ROUTE_ADD: success
+ wait_bgp_established 30
+ local timeout=30
+ local elapsed=0
+ '[' 0 -lt 30 ']'
+ vtysh -c 'show bgp summary json'
+ jq -e '.ipv4Unicast.peers."172.16.0.2".state == "Established"'
+ return 0
+ teardown_bgp
+ python3 /home/apanatto/dev/github.com/DPDK/grout/subprojects/frr-frr-10.6.1/tools/frr-reload.py --confdir build//frr_install/etc/frr --bindir build//frr_install/bin --rundir build//frr_install/var/run/frr --reload --debug --stdout /tmp/tmp.kCeOhDfbvG/base.conf
2026-08-24 17:34:17,261  INFO: Called via "Namespace(input=None, reload=True, test=False, debug=True, log_level='info', stdout=True, pathspace=None, filename='/tmp/tmp.kCeOhDfbvG/base.conf', overwrite=False, bindir='build//frr_install/bin', confdir='build//frr_install/etc/frr', rundir='build//frr_install/var/run/frr', vty_socket=None, daemon='', test_reset=False, logfmt=False, logfile='/var/log/frr/frr-reload.log')"
2026-08-24 17:34:17,261  INFO: Loading Config object from file /tmp/tmp.kCeOhDfbvG/base.conf
2026-08-24 17:34:17,265 DEBUG: LINE hostname grout                                    : single-line context
2026-08-24 17:34:17,265 DEBUG: LINE debug zebra dplane dpdk                           : single-line context
2026-08-24 17:34:17,272 DEBUG: New Frr Config
hostname grout
debug zebra dplane dpdk

end

2026-08-24 17:34:17,272  INFO: Loading Config object from vtysh show running
2026-08-24 17:34:17,287 DEBUG: LINE frr version 10.6.1                                : single-line context
2026-08-24 17:34:17,287 DEBUG: LINE frr defaults traditional                          : single-line context
2026-08-24 17:34:17,287 DEBUG: LINE hostname apanatto-thinkpadt14gen5.rmtit.csb       : single-line context
2026-08-24 17:34:17,287 DEBUG: LINE debug zebra dplane dpdk                           : single-line context
2026-08-24 17:34:17,287 DEBUG: LINE vrf main                                          : enter context vrf main                                          
2026-08-24 17:34:17,287 DEBUG: LINE exit-vrf                                          : exit context vrf main                                          
2026-08-24 17:34:17,287 DEBUG: LINE router bgp 64512                                  : enter context router bgp 64512                                  
2026-08-24 17:34:17,287 DEBUG: LINE bgp router-id 172.16.0.1                          : add to current context router bgp 64512                                  
2026-08-24 17:34:17,287 DEBUG: LINE neighbor 172.16.0.2 remote-as 64512               : add to current context router bgp 64512                                  
2026-08-24 17:34:17,287 DEBUG: LINE address-family ipv4 unicast                       : enter context router bgp 64512 address-family ipv4 unicast      
2026-08-24 17:34:17,287 DEBUG: LINE network 172.16.0.0/24                             : add to current context router bgp 64512 address-family ipv4 unicast      
2026-08-24 17:34:17,287 DEBUG: LINE exit-address-family                               : exit context router bgp 64512 address-family ipv4 unicast      
2026-08-24 17:34:17,287 DEBUG: LINE exit                                              : exit context router bgp 64512                                  
2026-08-24 17:34:17,288 DEBUG: Running Frr Config (Pass #0)
frr version 10.6.1
frr defaults traditional
hostname apanatto-thinkpadt14gen5.rmtit.csb
!
debug zebra dplane dpdk
!
vrf main
exit-vrf
end
!
router bgp 64512
bgp router-id 172.16.0.1
neighbor 172.16.0.2 remote-as 64512
!
address-family ipv4 unicast
network 172.16.0.0/24
exit-address-family
exit
!
end
2026-08-24 17:34:17,288  INFO: "frr version 10.6.1" cannot be removed
2026-08-24 17:34:17,288  INFO: "frr defaults traditional" cannot be removed
2026-08-24 17:34:17,296  INFO: Executed "no hostname apanatto-thinkpadt14gen5.rmtit.csb"
ZEBRA: [WMBNH-V6XN6] Unable to find specified Interface for default
ZEBRA: [WMBNH-V6XN6] Unable to find specified Interface for default
NOTICE: TRACE: [tx p0] fa:2a:ff:46:d7:2c > fe:78:40:7f:f0:3f / IP 172.16.0.1 > 172.16.0.2 ttl=255 proto=TCP(6) / TCP 57606 > 179 flags=FA, (pkt_len=66)
NOTICE: TRACE: [rx p0] fe:78:40:7f:f0:3f > fa:2a:ff:46:d7:2c / IP 172.16.0.2 > 172.16.0.1 ttl=255 proto=TCP(6) / TCP 179 > 57606 flags=FA, (pkt_len=66)
2026-08-24 17:34:17,304  INFO: Executed "no router bgp 64512"
NOTICE: TRACE: [cp tx p0] fa:2a:ff:46:d7:2c > fa:2a:ff:46:d7:2c / IP 172.16.0.2 > 172.16.0.1 ttl=255 proto=TCP(6) / TCP 179 > 57606 flags=FA, (pkt_len=66)
NOTICE: TRACE: [tx p0] fa:2a:ff:46:d7:2c > fe:78:40:7f:f0:3f / IP 172.16.0.1 > 172.16.0.2 ttl=255 proto=TCP(6) / TCP 57606 > 179 flags=A, (pkt_len=66)
2026-08-24 17:34:17,305  INFO: build//frr_install/var/run/frr/reload-Q2519Z.txt content
['hostname grout\n']
[398664|mgmtd] sending configuration
[398665|zebra] sending configuration
[398669|ospf6d] sending configuration
MGMTD: [VTVCM-Y2NW3] Configuration Read in Took: 00:00:00
[398664|mgmtd] done
MGMTD: [G6NKK-8C6DV] end_config: VTY:0x35df98f0, pending SET-CFG: 0
[398671|bgpd] sending configuration
[398668|ospfd] sending configuration
ZEBRA: [VTVCM-Y2NW3] Configuration Read in Took: 00:00:00
ZEBRA: [G6NKK-8C6DV] end_config: VTY:0x1ead2840, pending SET-CFG: 0
[398665|zebra] done
OSPF6: [VTVCM-Y2NW3] Configuration Read in Took: 00:00:00
OSPF6: [G6NKK-8C6DV] end_config: VTY:0x2ab395a0, pending SET-CFG: 0
[398669|ospf6d] done
[398672|isisd] sending configuration
BGP: [VTVCM-Y2NW3] Configuration Read in Took: 00:00:00
BGP: [G6NKK-8C6DV] end_config: VTY:0x1f18bd00, pending SET-CFG: 0
[398671|bgpd] done
OSPF: [VTVCM-Y2NW3] Configuration Read in Took: 00:00:00
OSPF: [G6NKK-8C6DV] end_config: VTY:0x26031e00, pending SET-CFG: 0
[398668|ospfd] done
ISIS: [VTVCM-Y2NW3] Configuration Read in Took: 00:00:00
ISIS: [G6NKK-8C6DV] end_config: VTY:0xff70de0, pending SET-CFG: 0
[398672|isisd] done
[398680|staticd] sending configuration
[398681|bfdd] sending configuration
Waiting for children to finish applying config...
[398681|bfdd] done
[398685|watchfrr] sending configuration
[398680|staticd] done
BFD: [VTVCM-Y2NW3] Configuration Read in Took: 00:00:00
BFD: [G6NKK-8C6DV] end_config: VTY:0x37c70ec0, pending SET-CFG: 0
STATIC: [VTVCM-Y2NW3] Configuration Read in Took: 00:00:00
STATIC: [G6NKK-8C6DV] end_config: VTY:0xa0f9aa0, pending SET-CFG: 0
[398685|watchfrr] done
DEBUG: ROUTE: rib4_delete: VRF 1: 16.0.0.0/24
DEBUG: API: read_cb: pid=397682 id=47 req_type=0xf00d0002 (GR_IP4_ROUTE_DEL) req_len=16 status=0 (Success) resp_len=0
> route4 del: vrf=main 16.0.0.0/24 origin=bgp via type=L3 id=30 iface=p0 vrf=main origin=zebra family=ipv4 addr=172.16.0.2 state=reachable mac=fe:78:40:7f:f0:3f
ZEBRA: GROUT: grout_add_del_route: del 16.0.0.0/24 origin bgp nh_id 30 vrf 1
ZEBRA: GROUT: grout_client_send_recv: GR_IP4_ROUTE_DEL: success
2026-08-24 17:34:17,315  INFO: Loading Config object from vtysh show running
2026-08-24 17:34:17,322 DEBUG: LINE frr version 10.6.1                                : single-line context
2026-08-24 17:34:17,323 DEBUG: LINE frr defaults traditional                          : single-line context
2026-08-24 17:34:17,323 DEBUG: LINE hostname apanatto-thinkpadt14gen5.rmtit.csb       : single-line context
2026-08-24 17:34:17,323 DEBUG: LINE debug zebra dplane dpdk                           : single-line context
2026-08-24 17:34:17,323 DEBUG: LINE vrf main                                          : enter context vrf main                                          
2026-08-24 17:34:17,323 DEBUG: LINE exit-vrf                                          : exit context vrf main                                          
2026-08-24 17:34:17,323 DEBUG: Running Frr Config (Pass #1)
frr version 10.6.1
frr defaults traditional
hostname apanatto-thinkpadt14gen5.rmtit.csb
!
debug zebra dplane dpdk
!
vrf main
exit-vrf
end
!
end
2026-08-24 17:34:17,323  INFO: "frr version 10.6.1" cannot be removed
2026-08-24 17:34:17,323  INFO: "frr defaults traditional" cannot be removed
2026-08-24 17:34:17,323  INFO: build//frr_install/var/run/frr/reload-TMMNNF.txt content
['hostname grout\n', 'hostname grout\n']
[398689|mgmtd] sending configuration
[398690|zebra] sending configuration
[398693|ospfd] sending configuration
MGMTD: [VTVCM-Y2NW3] Configuration Read in Took: 00:00:00
[398694|ospf6d] sending configuration
MGMTD: [G6NKK-8C6DV] end_config: VTY:0x35df98f0, pending SET-CFG: 0
[398689|mgmtd] done
ZEBRA: [VTVCM-Y2NW3] Configuration Read in Took: 00:00:00
ZEBRA: [G6NKK-8C6DV] end_config: VTY:0x1ead2840, pending SET-CFG: 0
[398690|zebra] done
[398696|bgpd] sending configuration
[398697|isisd] sending configuration
OSPF: [VTVCM-Y2NW3] Configuration Read in Took: 00:00:00
OSPF: [G6NKK-8C6DV] end_config: VTY:0x26031e00, pending SET-CFG: 0
[398693|ospfd] done
OSPF6: [VTVCM-Y2NW3] Configuration Read in Took: 00:00:00
OSPF6: [G6NKK-8C6DV] end_config: VTY:0x2ab46640, pending SET-CFG: 0
[398694|ospf6d] done
BGP: [VTVCM-Y2NW3] Configuration Read in Took: 00:00:00
BGP: [G6NKK-8C6DV] end_config: VTY:0x1f155b60, pending SET-CFG: 0
ISIS: [VTVCM-Y2NW3] Configuration Read in Took: 00:00:00
[398696|bgpd] done
[398697|isisd] done
ISIS: [G6NKK-8C6DV] end_config: VTY:0xff70de0, pending SET-CFG: 0
[398705|staticd] sending configuration
[398706|bfdd] sending configuration
STATIC: [VTVCM-Y2NW3] Configuration Read in Took: 00:00:00
STATIC: [G6NKK-8C6DV] end_config: VTY:0xa0f9aa0, pending SET-CFG: 0
[398705|staticd] done
Waiting for children to finish applying config...
[398710|watchfrr] sending configuration
BFD: [VTVCM-Y2NW3] Configuration Read in Took: 00:00:00
BFD: [G6NKK-8C6DV] end_config: VTY:0x37c70ec0, pending SET-CFG: 0
[398706|bfdd] done
[398710|watchfrr] done
+ grcli interface del p0
DEBUG: API: accept_conn_cb: new connection fd=26 pid=398713
DEBUG: API: read_cb: pid=398713 id=1 req_type=0xcafe1981 (GR_HELLO) req_len=132 status=0 (Success) resp_len=2
DEBUG: API: api_send: pid=398713 for_id=2 len=316
DEBUG: API: api_send: pid=398713 for_id=2 len=466
DEBUG: API: read_cb: pid=398713 id=2 req_type=0xacdc0004 (GR_IFACE_LIST) req_len=1 status=0 (Success) resp_len=0
DEBUG: API: read_cb: pid=398713 id=3 req_type=0xacdc0003 (GR_IFACE_GET) req_len=18 status=0 (Success) resp_len=466
DEBUG: IFACE: iface_event: iface event [0xacdc1003] PRE_REMOVE triggered for iface p0.
DEBUG: ROUTE: rib4_delete: VRF 1: 172.16.0.2/32
INFO: WORKER: port_unplug: port 0 unplugged
DEBUG: ROUTE: rib4_delete: VRF 1: 172.16.0.0/24
DEBUG: ROUTE: rib6_delete: VRF 1: fe80:2::/64
DEBUG: IFACE: iface_event: iface event [0xacdc1007] STATUS_DOWN triggered for iface p0.
DEBUG: MEMPOOL: gr_pktmbuf_pool_release: release mempool mbuf_-1:0 reserved 512 -> 256 (size 2047)
DEBUG: IFACE: iface_event: iface event [0xacdc1004] REMOVE triggered for iface p0.
DEBUG: MEMPOOL: gr_pktmbuf_pool_release: release mempool mbuf_0:0 reserved 511 -> 0 (size 2047)
DEBUG: MEMPOOL: gr_pktmbuf_pool_release: schedule mempool mbuf_0:0 for deferred free
INFO: PORT: iface_port_fini: port 0 destroyed
DEBUG: API: read_cb: pid=398713 id=4 req_type=0xacdc0002 (GR_IFACE_DEL) req_len=2 status=0 (Success) resp_len=0
DEBUG: API: disconnect_client: client pid=398713 disconnected
> nh del: type=L3 iface=p0 vrf=main origin=zebra family=ipv4 addr=172.16.0.2 state=reachable mac=fe:78:40:7f:f0:3f
> addr4 del: iface=p0 172.16.0.1/24
> route4 del: vrf=main 172.16.0.0/24 origin=link via type=L3 iface=p0 vrf=main origin=INTERNAL family=ipv4 addr=172.16.0.1/24 state=reachable mac=fa:2a:ff:46:d7:2c flags=local link
> addr6 del: iface=p0 fe80::f82a:ffff:fe46:d72c/64
> route6 del: vrf=main fe80:2::/64 origin=link via type=L3 iface=p0 vrf=main origin=INTERNAL family=ipv6 addr=fe80::f82a:ffff:fe46:d72c/64 state=reachable mac=fa:2a:ff:46:d7:2c f
> iface pre del: p0 type=port id=2 mtu=1500
> iface down: p0 type=port id=2 mtu=1500
> iface del: p0 type=port id=2 mtu=1500
ZEBRA: GROUT: dplane_read_notifications: GR_EVENT_IP_ADDR_DEL
ZEBRA: GROUT: grout_interface_addr4_change: del 172.16.0.1/24 iface 2
ZEBRA: GROUT: zebra_read_notifications: GR_EVENT_NEXTHOP_DELETE
ZEBRA: GROUT: grout_nexthop_change: del nh_id 0 origin zebra
ZEBRA: GROUT: grout_neigh_notify: del neigh iface=2 172.16.0.2 fe:78:40:7f:f0:3f
ZEBRA: GROUT: grout_nexthop_change: nexthop without ID, skip
ZEBRA: GROUT: dplane_read_notifications: GR_EVENT_IP6_ADDR_DEL
ZEBRA: GROUT: grout_interface_addr6_change: del fe80::f82a:ffff:fe46:d72c/64 iface 2
ZEBRA: GROUT: dplane_read_notifications: GR_EVENT_IFACE_STATUS_DOWN
ZEBRA: GROUT: grout_link_change: add iface p0
ZEBRA: GROUT: dplane_read_notifications: GR_EVENT_IFACE_REMOVE
ZEBRA: GROUT: grout_link_change: del iface p0
ZEBRA: GROUT: zebra_read_notifications: GR_EVENT_IP_ROUTE_DEL
ZEBRA: GROUT: grout_route4_change: del 172.16.0.0/24 origin link nh_id 0 route_vrf 1 nh_vrf 1
ZEBRA: GROUT: grout_route_change: link route, skip
ZEBRA: GROUT: zebra_read_notifications: GR_EVENT_IP6_ROUTE_DEL
ZEBRA: GROUT: grout_route6_change: del fe80:2::/64 origin link nh_id 0 route_vrf 1 nh_vrf 1
ZEBRA: GROUT: grout_route_change: link route, skip
+ echo 'Teardown complete'
Teardown complete
+ for i in $(seq 1 $iterations)
+ echo '=== Iteration 6/20 ==='
=== Iteration 6/20 ===
+ setup_bgp
+ python3 /home/apanatto/dev/github.com/DPDK/grout/subprojects/frr-frr-10.6.1/tools/frr-reload.py --confdir build//frr_install/etc/frr --bindir build//frr_install/bin --rundir build//frr_install/var/run/frr --reload --debug --stdout /tmp/tmp.kCeOhDfbvG/bgp.conf
ZEBRA: GROUT: grout_add_del_route: del 172.16.0.0/24 origin link nh_id 28 vrf 1
ZEBRA: GROUT: grout_add_del_route: non-frr origin, skip
ZEBRA: GROUT: grout_add_del_route: del 172.16.0.0/24 origin link nh_id 28 vrf 1
ZEBRA: GROUT: grout_add_del_route: non-frr origin, skip
ZEBRA: GROUT: grout_add_del_route: del 172.16.0.1/32 origin link nh_id 28 vrf 1
ZEBRA: GROUT: grout_add_del_route: non-frr origin, skip
ZEBRA: GROUT: grout_add_del_route: del 172.16.0.1/32 origin link nh_id 28 vrf 1
ZEBRA: GROUT: grout_add_del_route: non-frr origin, skip
ZEBRA: GROUT: grout_add_del_route: del fe80::/64 origin link nh_id 27 vrf 1
ZEBRA: GROUT: grout_add_del_route: non-frr origin, skip
ZEBRA: GROUT: grout_add_del_route: del fe80::/64 origin link nh_id 27 vrf 1
ZEBRA: GROUT: grout_add_del_route: non-frr origin, skip
DEBUG: MEMPOOL: pending_free_cb: deferred free mempool mbuf_0:0 after 49 ms
2026-08-24 17:34:17,446  INFO: Called via "Namespace(input=None, reload=True, test=False, debug=True, log_level='info', stdout=True, pathspace=None, filename='/tmp/tmp.kCeOhDfbvG/bgp.conf', overwrite=False, bindir='build//frr_install/bin', confdir='build//frr_install/etc/frr', rundir='build//frr_install/var/run/frr', vty_socket=None, daemon='', test_reset=False, logfmt=False, logfile='/var/log/frr/frr-reload.log')"
2026-08-24 17:34:17,446  INFO: Loading Config object from file /tmp/tmp.kCeOhDfbvG/bgp.conf
2026-08-24 17:34:17,451 DEBUG: LINE hostname grout                                    : single-line context
2026-08-24 17:34:17,452 DEBUG: LINE debug zebra dplane dpdk                           : single-line context
2026-08-24 17:34:17,452 DEBUG: LINE router bgp 64512                                  : enter context router bgp 64512                                  
2026-08-24 17:34:17,452 DEBUG: LINE bgp router-id 172.16.0.1                          : add to current context router bgp 64512                                  
2026-08-24 17:34:17,452 DEBUG: LINE neighbor 172.16.0.2 remote-as 64512               : add to current context router bgp 64512                                  
2026-08-24 17:34:17,452 DEBUG: LINE address-family ipv4 unicast                       : enter context router bgp 64512 address-family ipv4 unicast      
2026-08-24 17:34:17,452 DEBUG: LINE network 172.16.0.0/24                             : add to current context router bgp 64512 address-family ipv4 unicast      
2026-08-24 17:34:17,452 DEBUG: LINE exit-address-family                               : exit context router bgp 64512 address-family ipv4 unicast      
2026-08-24 17:34:17,452 DEBUG: LINE exit                                              : exit context router bgp 64512                                  
2026-08-24 17:34:17,461 DEBUG: New Frr Config
hostname grout
debug zebra dplane dpdk
router bgp 64512
bgp router-id 172.16.0.1
neighbor 172.16.0.2 remote-as 64512
address-family ipv4 unicast
network 172.16.0.0/24
exit-address-family
exit

end

2026-08-24 17:34:17,461  INFO: Loading Config object from vtysh show running
2026-08-24 17:34:17,497 DEBUG: LINE frr version 10.6.1                                : single-line context
2026-08-24 17:34:17,497 DEBUG: LINE frr defaults traditional                          : single-line context
2026-08-24 17:34:17,497 DEBUG: LINE hostname apanatto-thinkpadt14gen5.rmtit.csb       : single-line context
2026-08-24 17:34:17,497 DEBUG: LINE debug zebra dplane dpdk                           : single-line context
2026-08-24 17:34:17,497 DEBUG: LINE vrf main                                          : enter context vrf main                                          
2026-08-24 17:34:17,497 DEBUG: LINE exit-vrf                                          : exit context vrf main                                          
2026-08-24 17:34:17,497 DEBUG: Running Frr Config (Pass #0)
frr version 10.6.1
frr defaults traditional
hostname apanatto-thinkpadt14gen5.rmtit.csb
!
debug zebra dplane dpdk
!
vrf main
exit-vrf
end
!
end
2026-08-24 17:34:17,498  INFO: "frr version 10.6.1" cannot be removed
2026-08-24 17:34:17,498  INFO: "frr defaults traditional" cannot be removed
2026-08-24 17:34:17,505  INFO: Executed "no hostname apanatto-thinkpadt14gen5.rmtit.csb"
2026-08-24 17:34:17,506  INFO: build//frr_install/var/run/frr/reload-WGCYMX.txt content
['hostname grout\n',
 'router bgp 64512\nexit\n',
 'router bgp 64512\n bgp router-id 172.16.0.1\nexit\n',
 'router bgp 64512\n neighbor 172.16.0.2 remote-as 64512\nexit\n',
 'router bgp 64512\n address-family ipv4 unicast\n exit\nexit\n',
 'router bgp 64512\n'
 ' address-family ipv4 unicast\n'
 '  network 172.16.0.0/24 \n'
 ' exit\n'
 'exit\n']
[398721|mgmtd] sending configuration
[398722|zebra] sending configuration
[398725|ospfd] sending configuration
[398726|ospf6d] sending configuration
[398728|bgpd] sending configuration
[398729|isisd] sending configuration
MGMTD: [VTVCM-Y2NW3] Configuration Read in Took: 00:00:00
MGMTD: [G6NKK-8C6DV] end_config: VTY:0x35dd78c0, pending SET-CFG: 0
ZEBRA: [VTVCM-Y2NW3] Configuration Read in Took: 00:00:00
[398722|zebra] done
ZEBRA: [G6NKK-8C6DV] end_config: VTY:0x1ead2840, pending SET-CFG: 0
[398721|mgmtd] done
OSPF: [VTVCM-Y2NW3] Configuration Read in Took: 00:00:00
OSPF: [G6NKK-8C6DV] end_config: VTY:0x26031e00, pending SET-CFG: 0
[398725|ospfd] done
OSPF6: [VTVCM-Y2NW3] Configuration Read in Took: 00:00:00
OSPF6: [G6NKK-8C6DV] end_config: VTY:0x2ab395a0, pending SET-CFG: 0
[398726|ospf6d] done
[398737|staticd] sending configuration
[398738|bfdd] sending configuration
ZEBRA: [WMBNH-V6XN6] Unable to find specified Interface for default
ZEBRA: [WMBNH-V6XN6] Unable to find specified Interface for default
ISIS: [VTVCM-Y2NW3] Configuration Read in Took: 00:00:00
[398729|isisd] done
ISIS: [G6NKK-8C6DV] end_config: VTY:0xff70dc0, pending SET-CFG: 0
Waiting for children to finish applying config...
[398742|watchfrr] sending configuration
STATIC: [VTVCM-Y2NW3] Configuration Read in Took: 00:00:00
[398737|staticd] done
STATIC: [G6NKK-8C6DV] end_config: VTY:0xa0f9aa0, pending SET-CFG: 0
BFD: [VTVCM-Y2NW3] Configuration Read in Took: 00:00:00
BFD: [G6NKK-8C6DV] end_config: VTY:0x37c70ea0, pending SET-CFG: 0
[398738|bfdd] done
BGP: [VTVCM-Y2NW3] Configuration Read in Took: 00:00:00
BGP: [G6NKK-8C6DV] end_config: VTY:0x1f155b60, pending SET-CFG: 0
[398728|bgpd] done
[398742|watchfrr] done
2026-08-24 17:34:17,515  INFO: Loading Config object from vtysh show running
2026-08-24 17:34:17,528 DEBUG: LINE frr version 10.6.1                                : single-line context
2026-08-24 17:34:17,528 DEBUG: LINE frr defaults traditional                          : single-line context
2026-08-24 17:34:17,528 DEBUG: LINE hostname apanatto-thinkpadt14gen5.rmtit.csb       : single-line context
2026-08-24 17:34:17,528 DEBUG: LINE debug zebra dplane dpdk                           : single-line context
2026-08-24 17:34:17,528 DEBUG: LINE vrf main                                          : enter context vrf main                                          
2026-08-24 17:34:17,528 DEBUG: LINE exit-vrf                                          : exit context vrf main                                          
2026-08-24 17:34:17,529 DEBUG: LINE router bgp 64512                                  : enter context router bgp 64512                                  
2026-08-24 17:34:17,529 DEBUG: LINE bgp router-id 172.16.0.1                          : add to current context router bgp 64512                                  
2026-08-24 17:34:17,529 DEBUG: LINE neighbor 172.16.0.2 remote-as 64512               : add to current context router bgp 64512                                  
2026-08-24 17:34:17,529 DEBUG: LINE address-family ipv4 unicast                       : enter context router bgp 64512 address-family ipv4 unicast      
2026-08-24 17:34:17,529 DEBUG: LINE network 172.16.0.0/24                             : add to current context router bgp 64512 address-family ipv4 unicast      
2026-08-24 17:34:17,529 DEBUG: LINE exit-address-family                               : exit context router bgp 64512 address-family ipv4 unicast      
2026-08-24 17:34:17,529 DEBUG: LINE exit                                              : exit context router bgp 64512                                  
2026-08-24 17:34:17,529 DEBUG: Running Frr Config (Pass #1)
frr version 10.6.1
frr defaults traditional
hostname apanatto-thinkpadt14gen5.rmtit.csb
!
debug zebra dplane dpdk
!
vrf main
exit-vrf
end
!
router bgp 64512
bgp router-id 172.16.0.1
neighbor 172.16.0.2 remote-as 64512
!
address-family ipv4 unicast
network 172.16.0.0/24
exit-address-family
exit
!
end
2026-08-24 17:34:17,529  INFO: "frr version 10.6.1" cannot be removed
2026-08-24 17:34:17,529  INFO: "frr defaults traditional" cannot be removed
2026-08-24 17:34:17,529  INFO: build//frr_install/var/run/frr/reload-QZEAG2.txt content
['hostname grout\n',
 'hostname grout\n',
 'router bgp 64512\nexit\n',
 'router bgp 64512\n bgp router-id 172.16.0.1\nexit\n',
 'router bgp 64512\n neighbor 172.16.0.2 remote-as 64512\nexit\n',
 'router bgp 64512\n address-family ipv4 unicast\n exit\nexit\n',
 'router bgp 64512\n'
 ' address-family ipv4 unicast\n'
 '  network 172.16.0.0/24 \n'
 ' exit\n'
 'exit\n']
[398746|mgmtd] sending configuration
[398747|zebra] sending configuration
[398750|ospfd] sending configuration
[398751|ospf6d] sending configuration
[398754|isisd] sending configuration
[398753|bgpd] sending configuration
MGMTD: [VTVCM-Y2NW3] Configuration Read in Took: 00:00:00
MGMTD: [G6NKK-8C6DV] end_config: VTY:0x35dd78c0, pending SET-CFG: 0
ZEBRA: [VTVCM-Y2NW3] Configuration Read in Took: 00:00:00
ZEBRA: [G6NKK-8C6DV] end_config: VTY:0x1ead2840, pending SET-CFG: 0
OSPF: [VTVCM-Y2NW3] Configuration Read in Took: 00:00:00
OSPF: [G6NKK-8C6DV] end_config: VTY:0x26031e00, pending SET-CFG: 0
OSPF6: [VTVCM-Y2NW3] Configuration Read in Took: 00:00:00
[398750|ospfd] done
OSPF6: [G6NKK-8C6DV] end_config: VTY:0x2ab395a0, pending SET-CFG: 0
[398747|zebra] done
[398762|staticd] sending configuration
[398754|isisd] done
[398763|bfdd] sending configuration
[398751|ospf6d] done
[398746|mgmtd] done
ISIS: [VTVCM-Y2NW3] Configuration Read in Took: 00:00:00
Waiting for children to finish applying config...
ISIS: [G6NKK-8C6DV] end_config: VTY:0xff70dc0, pending SET-CFG: 0
[398767|watchfrr] sending configuration
STATIC: [VTVCM-Y2NW3] Configuration Read in Took: 00:00:00
STATIC: [G6NKK-8C6DV] end_config: VTY:0xa0f9aa0, pending SET-CFG: 0
[398762|staticd] done
BFD: [VTVCM-Y2NW3] Configuration Read in Took: 00:00:00
BFD: [G6NKK-8C6DV] end_config: VTY:0x37c70ea0, pending SET-CFG: 0
[398763|bfdd] done
[398767|watchfrr] done
BGP: [VTVCM-Y2NW3] Configuration Read in Took: 00:00:00
[398753|bgpd] done
BGP: [G6NKK-8C6DV] end_config: VTY:0x1f18bd00, pending SET-CFG: 0
+ grcli interface add port p0 devargs net_tap0,remote=veth0
DEBUG: API: accept_conn_cb: new connection fd=26 pid=398770
DEBUG: API: read_cb: pid=398770 id=1 req_type=0xcafe1981 (GR_HELLO) req_len=132 status=0 (Success) resp_len=2
ERR: TAP: tap_nl_dump_ext_ack(): Cannot delete qdisc with handle of zero
DEBUG: MEMPOOL: gr_pktmbuf_pool_get: allocate mempool mbuf_0:0 reserved 511 (size 2047, mbuf_size 2048)
INFO: WORKER: port_plug: port 0 plugged
DEBUG: GRAPH: worker_graph_new: [CPU 6] <- port=0 rxq=0 burst_size=64
DEBUG: GRAPH: worker_graph_new: [CPU 6] -> port 0 txq 0
DEBUG: IFACE: iface_event: iface event [0xacdc1008] MAC_CHANGE triggered for iface p0.
DEBUG: MEMPOOL: gr_pktmbuf_pool_get: reuse mempool mbuf_-1:0 reserved 256 -> 512 (size 2047, mbuf_size 2048)
DEBUG: IFACE: iface_event: iface event [0xacdc1001] ADD triggered for iface p0.
DEBUG: IFACE: iface_event: iface event [0xacdc1002] POST_ADD triggered for iface p0.
INFO: ADDRESS: mcast6_addr_add: p0: joining multicast group ff02::1:ff46:d72c
INFO: ADDRESS: mcast6_addr_add: p0: joining multicast group ff01::1
INFO: ADDRESS: mcast6_addr_add: p0: joining multicast group ff02::1
INFO: ADDRESS: mcast6_addr_add: p0: joining multicast group ff01::2
INFO: ADDRESS: mcast6_addr_add: p0: joining multicast group ff02::2
INFO: ADDRESS: mcast6_addr_add: p0: joining multicast group ff05::2
INFO: ADDRESS: mcast6_addr_add: p0: joining multicast group ff02::5
INFO: ADDRESS: mcast6_addr_add: p0: joining multicast group ff02::6
INFO: ADDRESS: mcast6_addr_add: p0: joining multicast group ff02::8
INFO: ADDRESS: mcast6_addr_add: p0: joining multicast group ff02::16
DEBUG: API: read_cb: pid=398770 id=2 req_type=0xacdc0001 (GR_IFACE_ADD) req_len=466 status=0 (Success) resp_len=2
Created interface 2
DEBUG: API: disconnect_client: client pid=398770 disconnected
> iface mac change: p0 type=port id=2 mtu=0
> iface add: p0 type=port id=2 mtu=0
> route6 add: vrf=main fe80::f82a:ffff:fe46:d72c/64 origin=link via type=L3 iface=p0 vrf=main origin=INTERNAL family=ipv6 addr=fe80::f82a:ffff:fe46:d72c/64 state=reachable mac=fa:2a:ff:46:d7:2c f
> addr6 add: iface=p0 fe80::f82a:ffff:fe46:d72c/64
> iface post add: p0 type=port id=2 mtu=0
ZEBRA: GROUT: zebra_read_notifications: GR_EVENT_IP6_ROUTE_ADD
ZEBRA: GROUT: grout_route6_change: add fe80::f82a:ffff:fe46:d72c/64 origin link nh_id 0 route_vrf 1 nh_vrf 1
ZEBRA: GROUT: grout_route_change: link route, skip
ZEBRA: GROUT: dplane_read_notifications: GR_EVENT_IFACE_MAC_CHANGE
ZEBRA: GROUT: grout_link_change: add iface p0
ZEBRA: GROUT: dplane_read_notifications: GR_EVENT_IFACE_ADD
ZEBRA: GROUT: grout_link_change: add iface p0
ZEBRA: GROUT: dplane_read_notifications: GR_EVENT_IP6_ADDR_ADD
ZEBRA: GROUT: grout_interface_addr6_change: add fe80::f82a:ffff:fe46:d72c/64 iface 2
+ grcli address add 172.16.0.1/24 iface p0
NOTICE: TRACE: [rx p0] fa:2a:ff:46:d7:2c > 33:33:00:00:00:16 / IPv6 :: > ff02::16 ttl=1 proto=HOPOPT(0) / ICMPv6 type=143 code=0, (pkt_len=90)
NOTICE: TRACE: [drop icmp6_input_unsupported] 1 packets
DEBUG: API: accept_conn_cb: new connection fd=26 pid=398771
DEBUG: API: read_cb: pid=398771 id=1 req_type=0xcafe1981 (GR_HELLO) req_len=132 status=0 (Success) resp_len=2
DEBUG: API: api_send: pid=398771 for_id=2 len=316
DEBUG: API: api_send: pid=398771 for_id=2 len=466
DEBUG: API: read_cb: pid=398771 id=2 req_type=0xacdc0004 (GR_IFACE_LIST) req_len=1 status=0 (Success) resp_len=0
DEBUG: API: read_cb: pid=398771 id=3 req_type=0xacdc0003 (GR_IFACE_GET) req_len=18 status=0 (Success) resp_len=466
DEBUG: API: read_cb: pid=398771 id=4 req_type=0xf00d0005 (GR_IP4_ADDR_ADD) req_len=16 status=0 (Success) resp_len=0
DEBUG: API: disconnect_client: client pid=398771 disconnected
> route4 add: vrf=main 172.16.0.1/24 origin=link via type=L3 iface=p0 vrf=main origin=INTERNAL family=ipv4 addr=172.16.0.1/24 state=reachable mac=fa:2a:ff:46:d7:2c flags=local link
> addr4 add: iface=p0 172.16.0.1/24
ZEBRA: GROUT: zebra_read_notifications: GR_EVENT_IP_ROUTE_ADD
ZEBRA: GROUT: grout_route4_change: add 172.16.0.1/24 origin link nh_id 0 route_vrf 1 nh_vrf 1
ZEBRA: GROUT: grout_route_change: link route, skip
ZEBRA: GROUT: dplane_read_notifications: GR_EVENT_IP_ADDR_ADD
ZEBRA: GROUT: grout_interface_addr4_change: add 172.16.0.1/24 iface 2
+ sleep 3
NOTICE: TRACE: [rx p0] fa:2a:ff:46:d7:2c > 33:33:ff:46:d7:2c / IPv6 :: > ff02::1:ff46:d72c ttl=255 proto=ICMPv6(58) / ICMPv6 neigh solicit who has fe80::f82a:ffff:fe46:d72c? / Option type=14 len=8(1), (pkt_len=86)
NOTICE: TRACE: [rx p0] fa:2a:ff:46:d7:2c > 33:33:00:00:00:16 / IPv6 :: > ff02::16 ttl=1 proto=HOPOPT(0) / ICMPv6 type=143 code=0, (pkt_len=90)
NOTICE: TRACE: [drop icmp6_input_unsupported] 1 packets
NOTICE: TRACE: [rx p0] fe:78:40:7f:f0:3f > fa:2a:ff:46:d7:2c / IP 172.16.0.2 > 172.16.0.1 ttl=255 proto=TCP(6) / TCP 45620 > 179 flags=S, (pkt_len=74)
ERR: CTLPLANE: iface_cp_tx: write to tap device failed Input/output error
NOTICE: TRACE: [cp tx p0] fa:2a:ff:46:d7:2c > fa:2a:ff:46:d7:2c / IP 172.16.0.2 > 172.16.0.1 ttl=255 proto=TCP(6) / TCP 45620 > 179 flags=S, (pkt_len=74)
INFO: PORT: link_event_cb: p0: link status up
DEBUG: IFACE: iface_event: iface event [0xacdc1006] STATUS_UP triggered for iface p0.
NOTICE: TRACE: [tx p0] fa:2a:ff:46:d7:2c > ff:ff:ff:ff:ff:ff / ARP announce 172.16.0.1 is at fa:2a:ff:46:d7:2c, (pkt_len=42)
> iface up: p0 type=port id=2 mtu=1500
NOTICE: TRACE: [tx p0] fa:2a:ff:46:d7:2c > 33:33:00:00:00:01 / IPv6 fe80::f82a:ffff:fe46:d72c > ff02::1 ttl=255 proto=ICMPv6(58) / ICMPv6 neigh advert fe80::f82a:ffff:fe46:d72c is at (solicited=0) / Option target_lladdr=fa:2a:ff:46:d7:2c, (pkt_len=86)
ZEBRA: GROUT: dplane_read_notifications: GR_EVENT_IFACE_STATUS_UP
ZEBRA: GROUT: grout_link_change: add iface p0
ZEBRA: GROUT: grout_add_del_route: add fe80::/64 origin link nh_id 33 vrf 1
ZEBRA: GROUT: grout_add_del_route: non-frr origin, skip
ZEBRA: GROUT: grout_add_del_route: add fe80::/64 origin link nh_id 33 vrf 1
ZEBRA: GROUT: grout_add_del_route: non-frr origin, skip
ZEBRA: GROUT: grout_add_del_route: add 172.16.0.0/24 origin link nh_id 34 vrf 1
ZEBRA: GROUT: grout_add_del_route: non-frr origin, skip
ZEBRA: GROUT: grout_add_del_route: add 172.16.0.0/24 origin link nh_id 34 vrf 1
ZEBRA: GROUT: grout_add_del_route: non-frr origin, skip
ZEBRA: GROUT: grout_add_del_route: add 172.16.0.1/32 origin link nh_id 34 vrf 1
ZEBRA: GROUT: grout_add_del_route: non-frr origin, skip
ZEBRA: GROUT: grout_add_del_route: add 172.16.0.1/32 origin link nh_id 34 vrf 1
ZEBRA: GROUT: grout_add_del_route: non-frr origin, skip
NOTICE: TRACE: [tx p0] fa:2a:ff:46:d7:2c > ff:ff:ff:ff:ff:ff / ARP request who has 172.16.0.2? tell 172.16.0.1, (pkt_len=42)
> nh new: type=L3 iface=p0 vrf=main origin=learn family=ipv4 addr=172.16.0.2 state=new flags=neigh
NOTICE: TRACE: [rx p0] fe:78:40:7f:f0:3f > fa:2a:ff:46:d7:2c / ARP reply 172.16.0.2 is at fe:78:40:7f:f0:3f, (pkt_len=42)
NOTICE: TRACE: [tx p0] fa:2a:ff:46:d7:2c > fe:78:40:7f:f0:3f / IP 172.16.0.1 > 172.16.0.2 ttl=255 proto=TCP(6) / TCP 57608 > 179 flags=S, (pkt_len=74)
> nh update: type=L3 iface=p0 vrf=main origin=learn family=ipv4 addr=172.16.0.2 state=reachable mac=fe:78:40:7f:f0:3f flags=neigh
ZEBRA: GROUT: zebra_read_notifications: GR_EVENT_NEXTHOP_NEW
NOTICE: TRACE: [rx p0] fe:78:40:7f:f0:3f > fa:2a:ff:46:d7:2c / IP 172.16.0.2 > 172.16.0.1 ttl=255 proto=TCP(6) / TCP 179 > 57608 flags=SA, (pkt_len=74)
ZEBRA: GROUT: grout_nexthop_change: add nh_id 0 origin learn
ZEBRA: GROUT: grout_nexthop_change: dynamic neighbor learn, skip
NOTICE: TRACE: [cp tx p0] fa:2a:ff:46:d7:2c > fa:2a:ff:46:d7:2c / IP 172.16.0.2 > 172.16.0.1 ttl=255 proto=TCP(6) / TCP 179 > 57608 flags=SA, (pkt_len=74)
NOTICE: TRACE: [tx p0] fa:2a:ff:46:d7:2c > fe:78:40:7f:f0:3f / IP 172.16.0.1 > 172.16.0.2 ttl=255 proto=TCP(6) / TCP 57608 > 179 flags=A, (pkt_len=66)
ZEBRA: GROUT: zebra_read_notifications: GR_EVENT_NEXTHOP_UPDATE
ZEBRA: GROUT: grout_nexthop_change: add nh_id 0 origin learn
ZEBRA: GROUT: grout_neigh_notify: add neigh iface=2 172.16.0.2 fe:78:40:7f:f0:3f
ZEBRA: GROUT: grout_nexthop_change: dynamic neighbor learn, skip
NOTICE: TRACE: [tx p0] fa:2a:ff:46:d7:2c > fe:78:40:7f:f0:3f / IP 172.16.0.1 > 172.16.0.2 ttl=255 proto=TCP(6) / TCP 57608 > 179 flags=PA, (pkt_len=197)
NOTICE: TRACE: [rx p0] fe:78:40:7f:f0:3f > fa:2a:ff:46:d7:2c / IP 172.16.0.2 > 172.16.0.1 ttl=255 proto=TCP(6) / TCP 179 > 57608 flags=PA, (pkt_len=197)
NOTICE: TRACE: [rx p0] fe:78:40:7f:f0:3f > fa:2a:ff:46:d7:2c / IP 172.16.0.2 > 172.16.0.1 ttl=255 proto=TCP(6) / TCP 179 > 57608 flags=A, (pkt_len=66)
NOTICE: TRACE: [cp tx p0] fa:2a:ff:46:d7:2c > fa:2a:ff:46:d7:2c / IP 172.16.0.2 > 172.16.0.1 ttl=255 proto=TCP(6) / TCP 179 > 57608 flags=PA, (pkt_len=197)
NOTICE: TRACE: [cp tx p0] fa:2a:ff:46:d7:2c > fa:2a:ff:46:d7:2c / IP 172.16.0.2 > 172.16.0.1 ttl=255 proto=TCP(6) / TCP 179 > 57608 flags=A, (pkt_len=66)
NOTICE: TRACE: [tx p0] fa:2a:ff:46:d7:2c > fe:78:40:7f:f0:3f / IP 172.16.0.1 > 172.16.0.2 ttl=255 proto=TCP(6) / TCP 57608 > 179 flags=A, (pkt_len=66)
NOTICE: TRACE: [tx p0] fa:2a:ff:46:d7:2c > fe:78:40:7f:f0:3f / IP 172.16.0.1 > 172.16.0.2 ttl=255 proto=TCP(6) / TCP 57608 > 179 flags=PA, (pkt_len=85)
NOTICE: TRACE: [rx p0] fe:78:40:7f:f0:3f > fa:2a:ff:46:d7:2c / IP 172.16.0.2 > 172.16.0.1 ttl=255 proto=TCP(6) / TCP 179 > 57608 flags=PA, (pkt_len=85)
NOTICE: TRACE: [cp tx p0] fa:2a:ff:46:d7:2c > fa:2a:ff:46:d7:2c / IP 172.16.0.2 > 172.16.0.1 ttl=255 proto=TCP(6) / TCP 179 > 57608 flags=PA, (pkt_len=85)
NOTICE: TRACE: [rx p0] fe:78:40:7f:f0:3f > fa:2a:ff:46:d7:2c / IP 172.16.0.2 > 172.16.0.1 ttl=255 proto=TCP(6) / TCP 179 > 57608 flags=A, (pkt_len=66)
NOTICE: TRACE: [tx p0] fa:2a:ff:46:d7:2c > fe:78:40:7f:f0:3f / IP 172.16.0.1 > 172.16.0.2 ttl=255 proto=TCP(6) / TCP 57608 > 179 flags=A, (pkt_len=66)
NOTICE: TRACE: [cp tx p0] fa:2a:ff:46:d7:2c > fa:2a:ff:46:d7:2c / IP 172.16.0.2 > 172.16.0.1 ttl=255 proto=TCP(6) / TCP 179 > 57608 flags=A, (pkt_len=66)
NOTICE: TRACE: [tx p0] fa:2a:ff:46:d7:2c > fe:78:40:7f:f0:3f / IP 172.16.0.1 > 172.16.0.2 ttl=255 proto=TCP(6) / TCP 57608 > 179 flags=PA, (pkt_len=145)
NOTICE: TRACE: [rx p0] fe:78:40:7f:f0:3f > fa:2a:ff:46:d7:2c / IP 172.16.0.2 > 172.16.0.1 ttl=255 proto=TCP(6) / TCP 179 > 57608 flags=A, (pkt_len=66)
[bgp-peer] BGP: [M59KS-A3ZXZ] bgp_update_receive_eor: rcvd End-of-RIB for IPv4 Unicast from 172.16.0.1 in vrf default
NOTICE: TRACE: [cp tx p0] fa:2a:ff:46:d7:2c > fa:2a:ff:46:d7:2c / IP 172.16.0.2 > 172.16.0.1 ttl=255 proto=TCP(6) / TCP 179 > 57608 flags=A, (pkt_len=66)
NOTICE: TRACE: [rx p0] fe:78:40:7f:f0:3f > fa:2a:ff:46:d7:2c / IP 172.16.0.2 > 172.16.0.1 ttl=255 proto=TCP(6) / TCP 179 > 57608 flags=PA, (pkt_len=149)
NOTICE: TRACE: [cp tx p0] fa:2a:ff:46:d7:2c > fa:2a:ff:46:d7:2c / IP 172.16.0.2 > 172.16.0.1 ttl=255 proto=TCP(6) / TCP 179 > 57608 flags=PA, (pkt_len=149)
NOTICE: TRACE: [tx p0] fa:2a:ff:46:d7:2c > fe:78:40:7f:f0:3f / IP 172.16.0.1 > 172.16.0.2 ttl=255 proto=TCP(6) / TCP 57608 > 179 flags=A, (pkt_len=66)
BGP: [M59KS-A3ZXZ] bgp_update_receive_eor: rcvd End-of-RIB for IPv4 Unicast from 172.16.0.2 in vrf default
DEBUG: API: read_cb: pid=397682 id=48 req_type=0xacdc2003 (GR_NH_ADD) req_len=44 status=0 (Success) resp_len=0
DEBUG: API: read_cb: pid=397682 id=49 req_type=0xf00d0001 (GR_IP4_ROUTE_ADD) req_len=24 status=0 (Success) resp_len=0
> nh update: type=L3 id=36 iface=p0 vrf=main origin=zebra family=ipv4 addr=172.16.0.2 state=reachable mac=fe:78:40:7f:f0:3f
> route4 add: vrf=main 16.0.0.0/24 origin=bgp via type=L3 id=36 iface=p0 vrf=main origin=zebra family=ipv4 addr=172.16.0.2 state=reachable mac=fe:78:40:7f:f0:3f
ZEBRA: GROUT: grout_add_del_nexthop: add nh_id 36 origin zebra
ZEBRA: GROUT: grout_add_nexthop: nh_id 36 type L3
ZEBRA: GROUT: grout_client_send_recv: GR_NH_ADD: success
ZEBRA: GROUT: grout_add_del_route: add 16.0.0.0/24 origin bgp nh_id 36 vrf 1
ZEBRA: GROUT: grout_client_send_recv: GR_IP4_ROUTE_ADD: success
+ wait_bgp_established 30
+ local timeout=30
+ local elapsed=0
+ '[' 0 -lt 30 ']'
+ vtysh -c 'show bgp summary json'
+ jq -e '.ipv4Unicast.peers."172.16.0.2".state == "Established"'
+ return 0
+ teardown_bgp
+ python3 /home/apanatto/dev/github.com/DPDK/grout/subprojects/frr-frr-10.6.1/tools/frr-reload.py --confdir build//frr_install/etc/frr --bindir build//frr_install/bin --rundir build//frr_install/var/run/frr --reload --debug --stdout /tmp/tmp.kCeOhDfbvG/base.conf
2026-08-24 17:34:20,659  INFO: Called via "Namespace(input=None, reload=True, test=False, debug=True, log_level='info', stdout=True, pathspace=None, filename='/tmp/tmp.kCeOhDfbvG/base.conf', overwrite=False, bindir='build//frr_install/bin', confdir='build//frr_install/etc/frr', rundir='build//frr_install/var/run/frr', vty_socket=None, daemon='', test_reset=False, logfmt=False, logfile='/var/log/frr/frr-reload.log')"
2026-08-24 17:34:20,659  INFO: Loading Config object from file /tmp/tmp.kCeOhDfbvG/base.conf
2026-08-24 17:34:20,665 DEBUG: LINE hostname grout                                    : single-line context
2026-08-24 17:34:20,665 DEBUG: LINE debug zebra dplane dpdk                           : single-line context
2026-08-24 17:34:20,672 DEBUG: New Frr Config
hostname grout
debug zebra dplane dpdk

end

2026-08-24 17:34:20,672  INFO: Loading Config object from vtysh show running
2026-08-24 17:34:20,684 DEBUG: LINE frr version 10.6.1                                : single-line context
2026-08-24 17:34:20,684 DEBUG: LINE frr defaults traditional                          : single-line context
2026-08-24 17:34:20,684 DEBUG: LINE hostname apanatto-thinkpadt14gen5.rmtit.csb       : single-line context
2026-08-24 17:34:20,684 DEBUG: LINE debug zebra dplane dpdk                           : single-line context
2026-08-24 17:34:20,684 DEBUG: LINE vrf main                                          : enter context vrf main                                          
2026-08-24 17:34:20,684 DEBUG: LINE exit-vrf                                          : exit context vrf main                                          
2026-08-24 17:34:20,684 DEBUG: LINE router bgp 64512                                  : enter context router bgp 64512                                  
2026-08-24 17:34:20,684 DEBUG: LINE bgp router-id 172.16.0.1                          : add to current context router bgp 64512                                  
2026-08-24 17:34:20,684 DEBUG: LINE neighbor 172.16.0.2 remote-as 64512               : add to current context router bgp 64512                                  
2026-08-24 17:34:20,684 DEBUG: LINE address-family ipv4 unicast                       : enter context router bgp 64512 address-family ipv4 unicast      
2026-08-24 17:34:20,684 DEBUG: LINE network 172.16.0.0/24                             : add to current context router bgp 64512 address-family ipv4 unicast      
2026-08-24 17:34:20,684 DEBUG: LINE exit-address-family                               : exit context router bgp 64512 address-family ipv4 unicast      
2026-08-24 17:34:20,684 DEBUG: LINE exit                                              : exit context router bgp 64512                                  
2026-08-24 17:34:20,684 DEBUG: Running Frr Config (Pass #0)
frr version 10.6.1
frr defaults traditional
hostname apanatto-thinkpadt14gen5.rmtit.csb
!
debug zebra dplane dpdk
!
vrf main
exit-vrf
end
!
router bgp 64512
bgp router-id 172.16.0.1
neighbor 172.16.0.2 remote-as 64512
!
address-family ipv4 unicast
network 172.16.0.0/24
exit-address-family
exit
!
end
2026-08-24 17:34:20,684  INFO: "frr version 10.6.1" cannot be removed
2026-08-24 17:34:20,684  INFO: "frr defaults traditional" cannot be removed
2026-08-24 17:34:20,692  INFO: Executed "no hostname apanatto-thinkpadt14gen5.rmtit.csb"
ZEBRA: [WMBNH-V6XN6] Unable to find specified Interface for default
ZEBRA: [WMBNH-V6XN6] Unable to find specified Interface for default
NOTICE: TRACE: [tx p0] fa:2a:ff:46:d7:2c > fe:78:40:7f:f0:3f / IP 172.16.0.1 > 172.16.0.2 ttl=255 proto=TCP(6) / TCP 57608 > 179 flags=FA, (pkt_len=66)
NOTICE: TRACE: [rx p0] fe:78:40:7f:f0:3f > fa:2a:ff:46:d7:2c / IP 172.16.0.2 > 172.16.0.1 ttl=255 proto=TCP(6) / TCP 179 > 57608 flags=FA, (pkt_len=66)
NOTICE: TRACE: [cp tx p0] fa:2a:ff:46:d7:2c > fa:2a:ff:46:d7:2c / IP 172.16.0.2 > 172.16.0.1 ttl=255 proto=TCP(6) / TCP 179 > 57608 flags=FA, (pkt_len=66)
NOTICE: TRACE: [tx p0] fa:2a:ff:46:d7:2c > fe:78:40:7f:f0:3f / IP 172.16.0.1 > 172.16.0.2 ttl=255 proto=TCP(6) / TCP 57608 > 179 flags=A, (pkt_len=66)
2026-08-24 17:34:20,699  INFO: Executed "no router bgp 64512"
2026-08-24 17:34:20,699  INFO: build//frr_install/var/run/frr/reload-34Z5XO.txt content
['hostname grout\n']
[398826|mgmtd] sending configuration
[398827|zebra] sending configuration
[398830|ospfd] sending configuration
[398826|mgmtd] done
MGMTD: [VTVCM-Y2NW3] Configuration Read in Took: 00:00:00
MGMTD: [G6NKK-8C6DV] end_config: VTY:0x35dd78c0, pending SET-CFG: 0
ZEBRA: [VTVCM-Y2NW3] Configuration Read in Took: 00:00:00
[398827|zebra] done
ZEBRA: [G6NKK-8C6DV] end_config: VTY:0x1ead2840, pending SET-CFG: 0
[398831|ospf6d] sending configuration
[398833|bgpd] sending configuration
OSPF6: [VTVCM-Y2NW3] Configuration Read in Took: 00:00:00
OSPF6: [G6NKK-8C6DV] end_config: VTY:0x2ab395a0, pending SET-CFG: 0
[398831|ospf6d] done
[398834|isisd] sending configuration
BGP: [VTVCM-Y2NW3] Configuration Read in Took: 00:00:00
BGP: [G6NKK-8C6DV] end_config: VTY:0x1f18bd00, pending SET-CFG: 0
[398833|bgpd] done
OSPF: [VTVCM-Y2NW3] Configuration Read in Took: 00:00:00
OSPF: [G6NKK-8C6DV] end_config: VTY:0x26031e00, pending SET-CFG: 0
[398830|ospfd] done
ISIS: [VTVCM-Y2NW3] Configuration Read in Took: 00:00:00
[398834|isisd] done
ISIS: [G6NKK-8C6DV] end_config: VTY:0xff70de0, pending SET-CFG: 0
[398842|staticd] sending configuration
[398843|bfdd] sending configuration
Waiting for children to finish applying config...
STATIC: [VTVCM-Y2NW3] Configuration Read in Took: 00:00:00
[398847|watchfrr] sending configuration
STATIC: [G6NKK-8C6DV] end_config: VTY:0xa0f9aa0, pending SET-CFG: 0
[398842|staticd] done
BFD: [VTVCM-Y2NW3] Configuration Read in Took: 00:00:00
[398843|bfdd] done
BFD: [G6NKK-8C6DV] end_config: VTY:0x37c70ec0, pending SET-CFG: 0
[398847|watchfrr] done
2026-08-24 17:34:20,709  INFO: Loading Config object from vtysh show running
DEBUG: ROUTE: rib4_delete: VRF 1: 16.0.0.0/24
DEBUG: API: read_cb: pid=397682 id=50 req_type=0xf00d0002 (GR_IP4_ROUTE_DEL) req_len=16 status=0 (Success) resp_len=0
> route4 del: vrf=main 16.0.0.0/24 origin=bgp via type=L3 id=36 iface=p0 vrf=main origin=zebra family=ipv4 addr=172.16.0.2 state=reachable mac=fe:78:40:7f:f0:3f
ZEBRA: GROUT: grout_add_del_route: del 16.0.0.0/24 origin bgp nh_id 36 vrf 1
ZEBRA: GROUT: grout_client_send_recv: GR_IP4_ROUTE_DEL: success
2026-08-24 17:34:20,717 DEBUG: LINE frr version 10.6.1                                : single-line context
2026-08-24 17:34:20,717 DEBUG: LINE frr defaults traditional                          : single-line context
2026-08-24 17:34:20,717 DEBUG: LINE hostname apanatto-thinkpadt14gen5.rmtit.csb       : single-line context
2026-08-24 17:34:20,717 DEBUG: LINE debug zebra dplane dpdk                           : single-line context
2026-08-24 17:34:20,717 DEBUG: LINE vrf main                                          : enter context vrf main                                          
2026-08-24 17:34:20,717 DEBUG: LINE exit-vrf                                          : exit context vrf main                                          
2026-08-24 17:34:20,717 DEBUG: Running Frr Config (Pass #1)
frr version 10.6.1
frr defaults traditional
hostname apanatto-thinkpadt14gen5.rmtit.csb
!
debug zebra dplane dpdk
!
vrf main
exit-vrf
end
!
end
2026-08-24 17:34:20,717  INFO: "frr version 10.6.1" cannot be removed
2026-08-24 17:34:20,717  INFO: "frr defaults traditional" cannot be removed
2026-08-24 17:34:20,718  INFO: build//frr_install/var/run/frr/reload-2F4CU3.txt content
['hostname grout\n', 'hostname grout\n']
[398851|mgmtd] sending configuration
[398852|zebra] sending configuration
[398855|ospfd] sending configuration
MGMTD: [VTVCM-Y2NW3] Configuration Read in Took: 00:00:00
[398856|ospf6d] sending configuration
MGMTD: [G6NKK-8C6DV] end_config: VTY:0x35dd78c0, pending SET-CFG: 0
ZEBRA: [VTVCM-Y2NW3] Configuration Read in Took: 00:00:00
[398851|mgmtd] done
ZEBRA: [G6NKK-8C6DV] end_config: VTY:0x1ead2840, pending SET-CFG: 0
[398852|zebra] done
[398858|bgpd] sending configuration
[398859|isisd] sending configuration
OSPF: [VTVCM-Y2NW3] Configuration Read in Took: 00:00:00
OSPF: [G6NKK-8C6DV] end_config: VTY:0x26031e00, pending SET-CFG: 0
OSPF6: [VTVCM-Y2NW3] Configuration Read in Took: 00:00:00
[398855|ospfd] done
OSPF6: [G6NKK-8C6DV] end_config: VTY:0x2ab395a0, pending SET-CFG: 0
[398856|ospf6d] done
BGP: [VTVCM-Y2NW3] Configuration Read in Took: 00:00:00
BGP: [G6NKK-8C6DV] end_config: VTY:0x1f155b60, pending SET-CFG: 0
[398858|bgpd] done
[398859|isisd] done
ISIS: [VTVCM-Y2NW3] Configuration Read in Took: 00:00:00
ISIS: [G6NKK-8C6DV] end_config: VTY:0xff70de0, pending SET-CFG: 0
[398867|staticd] sending configuration
[398868|bfdd] sending configuration
Waiting for children to finish applying config...
STATIC: [VTVCM-Y2NW3] Configuration Read in Took: 00:00:00
STATIC: [G6NKK-8C6DV] end_config: VTY:0xa0f9aa0, pending SET-CFG: 0
[398872|watchfrr] sending configuration
[398867|staticd] done
BFD: [VTVCM-Y2NW3] Configuration Read in Took: 00:00:00
BFD: [G6NKK-8C6DV] end_config: VTY:0x37c70ec0, pending SET-CFG: 0
[398872|watchfrr] done
[398868|bfdd] done
+ grcli interface del p0
DEBUG: API: accept_conn_cb: new connection fd=26 pid=398875
DEBUG: API: read_cb: pid=398875 id=1 req_type=0xcafe1981 (GR_HELLO) req_len=132 status=0 (Success) resp_len=2
DEBUG: API: api_send: pid=398875 for_id=2 len=316
DEBUG: API: api_send: pid=398875 for_id=2 len=466
DEBUG: API: read_cb: pid=398875 id=2 req_type=0xacdc0004 (GR_IFACE_LIST) req_len=1 status=0 (Success) resp_len=0
DEBUG: API: read_cb: pid=398875 id=3 req_type=0xacdc0003 (GR_IFACE_GET) req_len=18 status=0 (Success) resp_len=466
DEBUG: IFACE: iface_event: iface event [0xacdc1003] PRE_REMOVE triggered for iface p0.
DEBUG: ROUTE: rib4_delete: VRF 1: 172.16.0.2/32
INFO: WORKER: port_unplug: port 0 unplugged
DEBUG: ROUTE: rib4_delete: VRF 1: 172.16.0.0/24
DEBUG: ROUTE: rib6_delete: VRF 1: fe80:2::/64
DEBUG: IFACE: iface_event: iface event [0xacdc1007] STATUS_DOWN triggered for iface p0.
DEBUG: MEMPOOL: gr_pktmbuf_pool_release: release mempool mbuf_-1:0 reserved 512 -> 256 (size 2047)
DEBUG: IFACE: iface_event: iface event [0xacdc1004] REMOVE triggered for iface p0.
DEBUG: MEMPOOL: gr_pktmbuf_pool_release: release mempool mbuf_0:0 reserved 511 -> 0 (size 2047)
DEBUG: MEMPOOL: gr_pktmbuf_pool_release: schedule mempool mbuf_0:0 for deferred free
INFO: PORT: iface_port_fini: port 0 destroyed
DEBUG: API: read_cb: pid=398875 id=4 req_type=0xacdc0002 (GR_IFACE_DEL) req_len=2 status=0 (Success) resp_len=0
DEBUG: API: disconnect_client: client pid=398875 disconnected
> nh del: type=L3 iface=p0 vrf=main origin=zebra family=ipv4 addr=172.16.0.2 state=reachable mac=fe:78:40:7f:f0:3f
> addr4 del: iface=p0 172.16.0.1/24
> route4 del: vrf=main 172.16.0.0/24 origin=link via type=L3 iface=p0 vrf=main origin=INTERNAL family=ipv4 addr=172.16.0.1/24 state=reachable mac=fa:2a:ff:46:d7:2c flags=local link
> addr6 del: iface=p0 fe80::f82a:ffff:fe46:d72c/64
> route6 del: vrf=main fe80:2::/64 origin=link via type=L3 iface=p0 vrf=main origin=INTERNAL family=ipv6 addr=fe80::f82a:ffff:fe46:d72c/64 state=reachable mac=fa:2a:ff:46:d7:2c f
> iface pre del: p0 type=port id=2 mtu=1500
> iface down: p0 type=port id=2 mtu=1500
> iface del: p0 type=port id=2 mtu=1500
ZEBRA: GROUT: zebra_read_notifications: GR_EVENT_NEXTHOP_DELETE
ZEBRA: GROUT: grout_nexthop_change: del nh_id 0 origin zebra
ZEBRA: GROUT: grout_neigh_notify: del neigh iface=2 172.16.0.2 fe:78:40:7f:f0:3f
ZEBRA: GROUT: grout_nexthop_change: nexthop without ID, skip
ZEBRA: GROUT: dplane_read_notifications: GR_EVENT_IP_ADDR_DEL
ZEBRA: GROUT: grout_interface_addr4_change: del 172.16.0.1/24 iface 2
ZEBRA: GROUT: dplane_read_notifications: GR_EVENT_IP6_ADDR_DEL
ZEBRA: GROUT: grout_interface_addr6_change: del fe80::f82a:ffff:fe46:d72c/64 iface 2
ZEBRA: GROUT: dplane_read_notifications: GR_EVENT_IFACE_STATUS_DOWN
ZEBRA: GROUT: grout_link_change: add iface p0
ZEBRA: GROUT: dplane_read_notifications: GR_EVENT_IFACE_REMOVE
ZEBRA: GROUT: grout_link_change: del iface p0
ZEBRA: GROUT: zebra_read_notifications: GR_EVENT_IP_ROUTE_DEL
ZEBRA: GROUT: grout_route4_change: del 172.16.0.0/24 origin link nh_id 0 route_vrf 1 nh_vrf 1
ZEBRA: GROUT: grout_route_change: link route, skip
ZEBRA: GROUT: zebra_read_notifications: GR_EVENT_IP6_ROUTE_DEL
ZEBRA: GROUT: grout_route6_change: del fe80:2::/64 origin link nh_id 0 route_vrf 1 nh_vrf 1
ZEBRA: GROUT: grout_route_change: link route, skip
+ echo 'Teardown complete'
Teardown complete
+ for i in $(seq 1 $iterations)
+ echo '=== Iteration 7/20 ==='
=== Iteration 7/20 ===
+ setup_bgp
+ python3 /home/apanatto/dev/github.com/DPDK/grout/subprojects/frr-frr-10.6.1/tools/frr-reload.py --confdir build//frr_install/etc/frr --bindir build//frr_install/bin --rundir build//frr_install/var/run/frr --reload --debug --stdout /tmp/tmp.kCeOhDfbvG/bgp.conf
ZEBRA: GROUT: grout_add_del_route: del 172.16.0.0/24 origin link nh_id 34 vrf 1
ZEBRA: GROUT: grout_add_del_route: non-frr origin, skip
ZEBRA: GROUT: grout_add_del_route: del 172.16.0.0/24 origin link nh_id 34 vrf 1
ZEBRA: GROUT: grout_add_del_route: non-frr origin, skip
ZEBRA: GROUT: grout_add_del_route: del 172.16.0.1/32 origin link nh_id 34 vrf 1
ZEBRA: GROUT: grout_add_del_route: non-frr origin, skip
ZEBRA: GROUT: grout_add_del_route: del 172.16.0.1/32 origin link nh_id 34 vrf 1
ZEBRA: GROUT: grout_add_del_route: non-frr origin, skip
ZEBRA: GROUT: grout_add_del_route: del fe80::/64 origin link nh_id 33 vrf 1
ZEBRA: GROUT: grout_add_del_route: non-frr origin, skip
ZEBRA: GROUT: grout_add_del_route: del fe80::/64 origin link nh_id 33 vrf 1
ZEBRA: GROUT: grout_add_del_route: non-frr origin, skip
2026-08-24 17:34:20,863  INFO: Called via "Namespace(input=None, reload=True, test=False, debug=True, log_level='info', stdout=True, pathspace=None, filename='/tmp/tmp.kCeOhDfbvG/bgp.conf', overwrite=False, bindir='build//frr_install/bin', confdir='build//frr_install/etc/frr', rundir='build//frr_install/var/run/frr', vty_socket=None, daemon='', test_reset=False, logfmt=False, logfile='/var/log/frr/frr-reload.log')"
2026-08-24 17:34:20,863  INFO: Loading Config object from file /tmp/tmp.kCeOhDfbvG/bgp.conf
2026-08-24 17:34:20,868 DEBUG: LINE hostname grout                                    : single-line context
2026-08-24 17:34:20,868 DEBUG: LINE debug zebra dplane dpdk                           : single-line context
2026-08-24 17:34:20,868 DEBUG: LINE router bgp 64512                                  : enter context router bgp 64512                                  
2026-08-24 17:34:20,868 DEBUG: LINE bgp router-id 172.16.0.1                          : add to current context router bgp 64512                                  
2026-08-24 17:34:20,868 DEBUG: LINE neighbor 172.16.0.2 remote-as 64512               : add to current context router bgp 64512                                  
2026-08-24 17:34:20,869 DEBUG: LINE address-family ipv4 unicast                       : enter context router bgp 64512 address-family ipv4 unicast      
2026-08-24 17:34:20,869 DEBUG: LINE network 172.16.0.0/24                             : add to current context router bgp 64512 address-family ipv4 unicast      
2026-08-24 17:34:20,869 DEBUG: LINE exit-address-family                               : exit context router bgp 64512 address-family ipv4 unicast      
2026-08-24 17:34:20,869 DEBUG: LINE exit                                              : exit context router bgp 64512                                  
2026-08-24 17:34:20,876 DEBUG: New Frr Config
hostname grout
debug zebra dplane dpdk
router bgp 64512
bgp router-id 172.16.0.1
neighbor 172.16.0.2 remote-as 64512
address-family ipv4 unicast
network 172.16.0.0/24
exit-address-family
exit

end

2026-08-24 17:34:20,876  INFO: Loading Config object from vtysh show running
2026-08-24 17:34:20,912 DEBUG: LINE frr version 10.6.1                                : single-line context
2026-08-24 17:34:20,913 DEBUG: LINE frr defaults traditional                          : single-line context
2026-08-24 17:34:20,913 DEBUG: LINE hostname apanatto-thinkpadt14gen5.rmtit.csb       : single-line context
2026-08-24 17:34:20,913 DEBUG: LINE debug zebra dplane dpdk                           : single-line context
2026-08-24 17:34:20,913 DEBUG: LINE vrf main                                          : enter context vrf main                                          
2026-08-24 17:34:20,913 DEBUG: LINE exit-vrf                                          : exit context vrf main                                          
2026-08-24 17:34:20,913 DEBUG: Running Frr Config (Pass #0)
frr version 10.6.1
frr defaults traditional
hostname apanatto-thinkpadt14gen5.rmtit.csb
!
debug zebra dplane dpdk
!
vrf main
exit-vrf
end
!
end
2026-08-24 17:34:20,913  INFO: "frr version 10.6.1" cannot be removed
2026-08-24 17:34:20,913  INFO: "frr defaults traditional" cannot be removed
2026-08-24 17:34:20,942  INFO: Executed "no hostname apanatto-thinkpadt14gen5.rmtit.csb"
2026-08-24 17:34:20,942  INFO: build//frr_install/var/run/frr/reload-L88NX7.txt content
['hostname grout\n',
 'router bgp 64512\nexit\n',
 'router bgp 64512\n bgp router-id 172.16.0.1\nexit\n',
 'router bgp 64512\n neighbor 172.16.0.2 remote-as 64512\nexit\n',
 'router bgp 64512\n address-family ipv4 unicast\n exit\nexit\n',
 'router bgp 64512\n'
 ' address-family ipv4 unicast\n'
 '  network 172.16.0.0/24 \n'
 ' exit\n'
 'exit\n']
[398883|mgmtd] sending configuration
[398884|zebra] sending configuration
[398887|ospfd] sending configuration
[398888|ospf6d] sending configuration
[398890|bgpd] sending configuration
[398891|isisd] sending configuration
ZEBRA: [VTVCM-Y2NW3] Configuration Read in Took: 00:00:00
ZEBRA: [G6NKK-8C6DV] end_config: VTY:0x1ead2840, pending SET-CFG: 0
MGMTD: [VTVCM-Y2NW3] Configuration Read in Took: 00:00:00
[398883|mgmtd] done
MGMTD: [G6NKK-8C6DV] end_config: VTY:0x35df98f0, pending SET-CFG: 0
[398884|zebra] done
OSPF: [VTVCM-Y2NW3] Configuration Read in Took: 00:00:00
OSPF: [G6NKK-8C6DV] end_config: VTY:0x26031e00, pending SET-CFG: 0
[398887|ospfd] done
[398900|bfdd] sending configuration
ZEBRA: [WMBNH-V6XN6] Unable to find specified Interface for default
ZEBRA: [WMBNH-V6XN6] Unable to find specified Interface for default
[398899|staticd] sending configuration
Waiting for children to finish applying config...
OSPF6: [VTVCM-Y2NW3] Configuration Read in Took: 00:00:00
[398904|watchfrr] sending configuration
OSPF6: [G6NKK-8C6DV] end_config: VTY:0x2ab395a0, pending SET-CFG: 0
ISIS: [VTVCM-Y2NW3] Configuration Read in Took: 00:00:00
ISIS: [G6NKK-8C6DV] end_config: VTY:0xff70dc0, pending SET-CFG: 0
[398891|isisd] done
[398888|ospf6d] done
BFD: [VTVCM-Y2NW3] Configuration Read in Took: 00:00:00
BFD: [G6NKK-8C6DV] end_config: VTY:0x37c70ea0, pending SET-CFG: 0
STATIC: [VTVCM-Y2NW3] Configuration Read in Took: 00:00:00
STATIC: [G6NKK-8C6DV] end_config: VTY:0xa0f9aa0, pending SET-CFG: 0
[398900|bfdd] done
[398899|staticd] done
BGP: [VTVCM-Y2NW3] Configuration Read in Took: 00:00:00
BGP: [G6NKK-8C6DV] end_config: VTY:0x1f155b60, pending SET-CFG: 0
[398890|bgpd] done
[398904|watchfrr] done
2026-08-24 17:34:20,953  INFO: Loading Config object from vtysh show running
2026-08-24 17:34:20,961 DEBUG: LINE frr version 10.6.1                                : single-line context
2026-08-24 17:34:20,961 DEBUG: LINE frr defaults traditional                          : single-line context
2026-08-24 17:34:20,961 DEBUG: LINE hostname apanatto-thinkpadt14gen5.rmtit.csb       : single-line context
2026-08-24 17:34:20,961 DEBUG: LINE debug zebra dplane dpdk                           : single-line context
2026-08-24 17:34:20,961 DEBUG: LINE vrf main                                          : enter context vrf main                                          
2026-08-24 17:34:20,961 DEBUG: LINE exit-vrf                                          : exit context vrf main                                          
2026-08-24 17:34:20,961 DEBUG: LINE router bgp 64512                                  : enter context router bgp 64512                                  
2026-08-24 17:34:20,961 DEBUG: LINE bgp router-id 172.16.0.1                          : add to current context router bgp 64512                                  
2026-08-24 17:34:20,961 DEBUG: LINE neighbor 172.16.0.2 remote-as 64512               : add to current context router bgp 64512                                  
2026-08-24 17:34:20,961 DEBUG: LINE address-family ipv4 unicast                       : enter context router bgp 64512 address-family ipv4 unicast      
2026-08-24 17:34:20,961 DEBUG: LINE network 172.16.0.0/24                             : add to current context router bgp 64512 address-family ipv4 unicast      
2026-08-24 17:34:20,961 DEBUG: LINE exit-address-family                               : exit context router bgp 64512 address-family ipv4 unicast      
2026-08-24 17:34:20,961 DEBUG: LINE exit                                              : exit context router bgp 64512                                  
2026-08-24 17:34:20,961 DEBUG: Running Frr Config (Pass #1)
frr version 10.6.1
frr defaults traditional
hostname apanatto-thinkpadt14gen5.rmtit.csb
!
debug zebra dplane dpdk
!
vrf main
exit-vrf
end
!
router bgp 64512
bgp router-id 172.16.0.1
neighbor 172.16.0.2 remote-as 64512
!
address-family ipv4 unicast
network 172.16.0.0/24
exit-address-family
exit
!
end
2026-08-24 17:34:20,961  INFO: "frr version 10.6.1" cannot be removed
2026-08-24 17:34:20,962  INFO: "frr defaults traditional" cannot be removed
2026-08-24 17:34:20,962  INFO: build//frr_install/var/run/frr/reload-2USY0K.txt content
['hostname grout\n',
 'hostname grout\n',
 'router bgp 64512\nexit\n',
 'router bgp 64512\n bgp router-id 172.16.0.1\nexit\n',
 'router bgp 64512\n neighbor 172.16.0.2 remote-as 64512\nexit\n',
 'router bgp 64512\n address-family ipv4 unicast\n exit\nexit\n',
 'router bgp 64512\n'
 ' address-family ipv4 unicast\n'
 '  network 172.16.0.0/24 \n'
 ' exit\n'
 'exit\n']
[398908|mgmtd] sending configuration
[398909|zebra] sending configuration
[398912|ospfd] sending configuration
[398913|ospf6d] sending configuration
[398915|bgpd] sending configuration
[398916|isisd] sending configuration
ZEBRA: [VTVCM-Y2NW3] Configuration Read in Took: 00:00:00
[398909|zebra] done
ZEBRA: [G6NKK-8C6DV] end_config: VTY:0x1ead2840, pending SET-CFG: 0
MGMTD: [VTVCM-Y2NW3] Configuration Read in Took: 00:00:00
MGMTD: [G6NKK-8C6DV] end_config: VTY:0x35df98f0, pending SET-CFG: 0
[398908|mgmtd] done
OSPF6: [VTVCM-Y2NW3] Configuration Read in Took: 00:00:00
OSPF6: [G6NKK-8C6DV] end_config: VTY:0x2ab395a0, pending SET-CFG: 0
[398913|ospf6d] done
[398924|staticd] sending configuration
OSPF: [VTVCM-Y2NW3] Configuration Read in Took: 00:00:00
OSPF: [G6NKK-8C6DV] end_config: VTY:0x26031e00, pending SET-CFG: 0
[398925|bfdd] sending configuration
ISIS: [VTVCM-Y2NW3] Configuration Read in Took: 00:00:00
ISIS: [G6NKK-8C6DV] end_config: VTY:0xff70dc0, pending SET-CFG: 0
[398916|isisd] done
[398912|ospfd] done
Waiting for children to finish applying config...
[398929|watchfrr] sending configuration
BGP: [VTVCM-Y2NW3] Configuration Read in Took: 00:00:00
[398915|bgpd] done
BGP: [G6NKK-8C6DV] end_config: VTY:0x1f18bd00, pending SET-CFG: 0
BFD: [VTVCM-Y2NW3] Configuration Read in Took: 00:00:00
[398925|bfdd] done
BFD: [G6NKK-8C6DV] end_config: VTY:0x37c70ea0, pending SET-CFG: 0
STATIC: [VTVCM-Y2NW3] Configuration Read in Took: 00:00:00
STATIC: [G6NKK-8C6DV] end_config: VTY:0xa0f9aa0, pending SET-CFG: 0
[398929|watchfrr] done
[398924|staticd] done
+ grcli interface add port p0 devargs net_tap0,remote=veth0
DEBUG: API: accept_conn_cb: new connection fd=26 pid=398932
DEBUG: API: read_cb: pid=398932 id=1 req_type=0xcafe1981 (GR_HELLO) req_len=132 status=0 (Success) resp_len=2
ERR: TAP: tap_nl_dump_ext_ack(): Cannot delete qdisc with handle of zero
DEBUG: MEMPOOL: gr_pktmbuf_pool_get: allocate mempool mbuf_0:1 reserved 511 (size 2047, mbuf_size 2048)
INFO: WORKER: port_plug: port 0 plugged
DEBUG: GRAPH: worker_graph_new: [CPU 6] <- port=0 rxq=0 burst_size=64
DEBUG: GRAPH: worker_graph_new: [CPU 6] -> port 0 txq 0
DEBUG: IFACE: iface_event: iface event [0xacdc1008] MAC_CHANGE triggered for iface p0.
DEBUG: MEMPOOL: gr_pktmbuf_pool_get: reuse mempool mbuf_-1:0 reserved 256 -> 512 (size 2047, mbuf_size 2048)
DEBUG: IFACE: iface_event: iface event [0xacdc1001] ADD triggered for iface p0.
DEBUG: IFACE: iface_event: iface event [0xacdc1002] POST_ADD triggered for iface p0.
INFO: ADDRESS: mcast6_addr_add: p0: joining multicast group ff02::1:ff46:d72c
INFO: ADDRESS: mcast6_addr_add: p0: joining multicast group ff01::1
INFO: ADDRESS: mcast6_addr_add: p0: joining multicast group ff02::1
INFO: ADDRESS: mcast6_addr_add: p0: joining multicast group ff01::2
INFO: ADDRESS: mcast6_addr_add: p0: joining multicast group ff02::2
INFO: ADDRESS: mcast6_addr_add: p0: joining multicast group ff05::2
INFO: ADDRESS: mcast6_addr_add: p0: joining multicast group ff02::5
INFO: ADDRESS: mcast6_addr_add: p0: joining multicast group ff02::6
INFO: ADDRESS: mcast6_addr_add: p0: joining multicast group ff02::8
INFO: ADDRESS: mcast6_addr_add: p0: joining multicast group ff02::16
DEBUG: API: read_cb: pid=398932 id=2 req_type=0xacdc0001 (GR_IFACE_ADD) req_len=466 status=0 (Success) resp_len=2
Created interface 2
> iface mac change: p0 type=port id=2 mtu=0
> iface add: p0 type=port id=2 mtu=0
> route6 add: vrf=main fe80::f82a:ffff:fe46:d72c/64 origin=link via type=L3 iface=p0 vrf=main origin=INTERNAL family=ipv6 addr=fe80::f82a:ffff:fe46:d72c/64 state=reachable mac=fa:2a:ff:46:d7:2c f
> addr6 add: iface=p0 fe80::f82a:ffff:fe46:d72c/64
> iface post add: p0 type=port id=2 mtu=0
DEBUG: API: disconnect_client: client pid=398932 disconnected
ZEBRA: GROUT: zebra_read_notifications: GR_EVENT_IP6_ROUTE_ADD
ZEBRA: GROUT: grout_route6_change: add fe80::f82a:ffff:fe46:d72c/64 origin link nh_id 0 route_vrf 1 nh_vrf 1
ZEBRA: GROUT: grout_route_change: link route, skip
ZEBRA: GROUT: dplane_read_notifications: GR_EVENT_IFACE_MAC_CHANGE
ZEBRA: GROUT: grout_link_change: add iface p0
ZEBRA: GROUT: dplane_read_notifications: GR_EVENT_IFACE_ADD
ZEBRA: GROUT: grout_link_change: add iface p0
ZEBRA: GROUT: dplane_read_notifications: GR_EVENT_IP6_ADDR_ADD
ZEBRA: GROUT: grout_interface_addr6_change: add fe80::f82a:ffff:fe46:d72c/64 iface 2
NOTICE: TRACE: [rx p0] fa:2a:ff:46:d7:2c > 33:33:00:00:00:16 / IPv6 :: > ff02::16 ttl=1 proto=HOPOPT(0) / ICMPv6 type=143 code=0, (pkt_len=90)
NOTICE: TRACE: [drop icmp6_input_unsupported] 1 packets
+ grcli address add 172.16.0.1/24 iface p0
DEBUG: API: accept_conn_cb: new connection fd=26 pid=398933
DEBUG: API: read_cb: pid=398933 id=1 req_type=0xcafe1981 (GR_HELLO) req_len=132 status=0 (Success) resp_len=2
DEBUG: API: api_send: pid=398933 for_id=2 len=316
DEBUG: API: api_send: pid=398933 for_id=2 len=466
DEBUG: API: read_cb: pid=398933 id=2 req_type=0xacdc0004 (GR_IFACE_LIST) req_len=1 status=0 (Success) resp_len=0
DEBUG: API: read_cb: pid=398933 id=3 req_type=0xacdc0003 (GR_IFACE_GET) req_len=18 status=0 (Success) resp_len=466
DEBUG: API: read_cb: pid=398933 id=4 req_type=0xf00d0005 (GR_IP4_ADDR_ADD) req_len=16 status=0 (Success) resp_len=0
DEBUG: API: disconnect_client: client pid=398933 disconnected
> route4 add: vrf=main 172.16.0.1/24 origin=link via type=L3 iface=p0 vrf=main origin=INTERNAL family=ipv4 addr=172.16.0.1/24 state=reachable mac=fa:2a:ff:46:d7:2c flags=local link
> addr4 add: iface=p0 172.16.0.1/24
ZEBRA: GROUT: zebra_read_notifications: GR_EVENT_IP_ROUTE_ADD
ZEBRA: GROUT: grout_route4_change: add 172.16.0.1/24 origin link nh_id 0 route_vrf 1 nh_vrf 1
ZEBRA: GROUT: grout_route_change: link route, skip
ZEBRA: GROUT: dplane_read_notifications: GR_EVENT_IP_ADDR_ADD
ZEBRA: GROUT: grout_interface_addr4_change: add 172.16.0.1/24 iface 2
+ sleep 3
NOTICE: TRACE: [rx p0] fa:2a:ff:46:d7:2c > 33:33:00:00:00:16 / IPv6 :: > ff02::16 ttl=1 proto=HOPOPT(0) / ICMPv6 type=143 code=0, (pkt_len=90)
NOTICE: TRACE: [drop icmp6_input_unsupported] 1 packets
NOTICE: TRACE: [rx p0] fa:2a:ff:46:d7:2c > 33:33:ff:46:d7:2c / IPv6 :: > ff02::1:ff46:d72c ttl=255 proto=ICMPv6(58) / ICMPv6 neigh solicit who has fe80::f82a:ffff:fe46:d72c? / Option type=14 len=8(1), (pkt_len=86)
DEBUG: MEMPOOL: pending_free_cb: deferred free mempool mbuf_0:0 after 655 ms
INFO: PORT: link_event_cb: p0: link status up
DEBUG: IFACE: iface_event: iface event [0xacdc1006] STATUS_UP triggered for iface p0.
NOTICE: TRACE: [tx p0] fa:2a:ff:46:d7:2c > ff:ff:ff:ff:ff:ff / ARP announce 172.16.0.1 is at fa:2a:ff:46:d7:2c, (pkt_len=42)
> iface up: p0 type=port id=2 mtu=1500
NOTICE: TRACE: [tx p0] fa:2a:ff:46:d7:2c > 33:33:00:00:00:01 / IPv6 fe80::f82a:ffff:fe46:d72c > ff02::1 ttl=255 proto=ICMPv6(58) / ICMPv6 neigh advert fe80::f82a:ffff:fe46:d72c is at (solicited=0) / Option target_lladdr=fa:2a:ff:46:d7:2c, (pkt_len=86)
ZEBRA: GROUT: dplane_read_notifications: GR_EVENT_IFACE_STATUS_UP
ZEBRA: GROUT: grout_link_change: add iface p0
ZEBRA: GROUT: grout_add_del_route: add fe80::/64 origin link nh_id 39 vrf 1
ZEBRA: GROUT: grout_add_del_route: non-frr origin, skip
ZEBRA: GROUT: grout_add_del_route: add fe80::/64 origin link nh_id 39 vrf 1
ZEBRA: GROUT: grout_add_del_route: non-frr origin, skip
ZEBRA: GROUT: grout_add_del_route: add 172.16.0.0/24 origin link nh_id 40 vrf 1
ZEBRA: GROUT: grout_add_del_route: non-frr origin, skip
ZEBRA: GROUT: grout_add_del_route: add 172.16.0.0/24 origin link nh_id 40 vrf 1
ZEBRA: GROUT: grout_add_del_route: non-frr origin, skip
ZEBRA: GROUT: grout_add_del_route: add 172.16.0.1/32 origin link nh_id 40 vrf 1
ZEBRA: GROUT: grout_add_del_route: non-frr origin, skip
ZEBRA: GROUT: grout_add_del_route: add 172.16.0.1/32 origin link nh_id 40 vrf 1
ZEBRA: GROUT: grout_add_del_route: non-frr origin, skip
NOTICE: TRACE: [rx p0] fe:78:40:7f:f0:3f > fa:2a:ff:46:d7:2c / IP 172.16.0.2 > 172.16.0.1 ttl=255 proto=TCP(6) / TCP 45632 > 179 flags=S, (pkt_len=74)
NOTICE: TRACE: [cp tx p0] fa:2a:ff:46:d7:2c > fa:2a:ff:46:d7:2c / IP 172.16.0.2 > 172.16.0.1 ttl=255 proto=TCP(6) / TCP 45632 > 179 flags=S, (pkt_len=74)
NOTICE: TRACE: [tx p0] fa:2a:ff:46:d7:2c > ff:ff:ff:ff:ff:ff / ARP request who has 172.16.0.2? tell 172.16.0.1, (pkt_len=42)
NOTICE: TRACE: [rx p0] fe:78:40:7f:f0:3f > fa:2a:ff:46:d7:2c / ARP reply 172.16.0.2 is at fe:78:40:7f:f0:3f, (pkt_len=42)
> nh new: type=L3 iface=p0 vrf=main origin=learn family=ipv4 addr=172.16.0.2 state=new flags=neigh
NOTICE: TRACE: [tx p0] fa:2a:ff:46:d7:2c > fe:78:40:7f:f0:3f / IP 172.16.0.1 > 172.16.0.2 ttl=255 proto=TCP(6) / TCP 179 > 45632 flags=SA, (pkt_len=74)
> nh update: type=L3 iface=p0 vrf=main origin=learn family=ipv4 addr=172.16.0.2 state=reachable mac=fe:78:40:7f:f0:3f flags=neigh
NOTICE: TRACE: [rx p0] fe:78:40:7f:f0:3f > fa:2a:ff:46:d7:2c / IP 172.16.0.2 > 172.16.0.1 ttl=255 proto=TCP(6) / TCP 45632 > 179 flags=A, (pkt_len=66)
ZEBRA: GROUT: zebra_read_notifications: GR_EVENT_NEXTHOP_NEW
NOTICE: TRACE: [cp tx p0] fa:2a:ff:46:d7:2c > fa:2a:ff:46:d7:2c / IP 172.16.0.2 > 172.16.0.1 ttl=255 proto=TCP(6) / TCP 45632 > 179 flags=A, (pkt_len=66)
ZEBRA: GROUT: grout_nexthop_change: add nh_id 0 origin learn
ZEBRA: GROUT: grout_nexthop_change: dynamic neighbor learn, skip
ZEBRA: GROUT: zebra_read_notifications: GR_EVENT_NEXTHOP_UPDATE
ZEBRA: GROUT: grout_nexthop_change: add nh_id 0 origin learn
NOTICE: TRACE: [rx p0] fe:78:40:7f:f0:3f > fa:2a:ff:46:d7:2c / IP 172.16.0.2 > 172.16.0.1 ttl=255 proto=TCP(6) / TCP 45632 > 179 flags=PA, (pkt_len=197)
ZEBRA: GROUT: grout_neigh_notify: add neigh iface=2 172.16.0.2 fe:78:40:7f:f0:3f
NOTICE: TRACE: [tx p0] fa:2a:ff:46:d7:2c > fe:78:40:7f:f0:3f / IP 172.16.0.1 > 172.16.0.2 ttl=255 proto=TCP(6) / TCP 179 > 45632 flags=FA, (pkt_len=66)
ZEBRA: GROUT: grout_nexthop_change: dynamic neighbor learn, skip
NOTICE: TRACE: [cp tx p0] fa:2a:ff:46:d7:2c > fa:2a:ff:46:d7:2c / IP 172.16.0.2 > 172.16.0.1 ttl=255 proto=TCP(6) / TCP 45632 > 179 flags=PA, (pkt_len=197)
NOTICE: TRACE: [tx p0] fa:2a:ff:46:d7:2c > fe:78:40:7f:f0:3f / IP 172.16.0.1 > 172.16.0.2 ttl=64 proto=TCP(6) / TCP 179 > 45632 flags=R, (pkt_len=54)
NOTICE: TRACE: [tx p0] fa:2a:ff:46:d7:2c > fe:78:40:7f:f0:3f / IP 172.16.0.1 > 172.16.0.2 ttl=255 proto=TCP(6) / TCP 57614 > 179 flags=S, (pkt_len=74)
NOTICE: TRACE: [rx p0] fe:78:40:7f:f0:3f > fa:2a:ff:46:d7:2c / IP 172.16.0.2 > 172.16.0.1 ttl=255 proto=TCP(6) / TCP 179 > 57614 flags=SA, (pkt_len=74)
NOTICE: TRACE: [cp tx p0] fa:2a:ff:46:d7:2c > fa:2a:ff:46:d7:2c / IP 172.16.0.2 > 172.16.0.1 ttl=255 proto=TCP(6) / TCP 179 > 57614 flags=SA, (pkt_len=74)
NOTICE: TRACE: [tx p0] fa:2a:ff:46:d7:2c > fe:78:40:7f:f0:3f / IP 172.16.0.1 > 172.16.0.2 ttl=255 proto=TCP(6) / TCP 57614 > 179 flags=A, (pkt_len=66)
NOTICE: TRACE: [tx p0] fa:2a:ff:46:d7:2c > fe:78:40:7f:f0:3f / IP 172.16.0.1 > 172.16.0.2 ttl=255 proto=TCP(6) / TCP 57614 > 179 flags=PA, (pkt_len=197)
NOTICE: TRACE: [rx p0] fe:78:40:7f:f0:3f > fa:2a:ff:46:d7:2c / IP 172.16.0.2 > 172.16.0.1 ttl=255 proto=TCP(6) / TCP 179 > 57614 flags=PA, (pkt_len=197)
NOTICE: TRACE: [rx p0] fe:78:40:7f:f0:3f > fa:2a:ff:46:d7:2c / IP 172.16.0.2 > 172.16.0.1 ttl=255 proto=TCP(6) / TCP 179 > 57614 flags=A, (pkt_len=66)
NOTICE: TRACE: [cp tx p0] fa:2a:ff:46:d7:2c > fa:2a:ff:46:d7:2c / IP 172.16.0.2 > 172.16.0.1 ttl=255 proto=TCP(6) / TCP 179 > 57614 flags=PA, (pkt_len=197)
NOTICE: TRACE: [cp tx p0] fa:2a:ff:46:d7:2c > fa:2a:ff:46:d7:2c / IP 172.16.0.2 > 172.16.0.1 ttl=255 proto=TCP(6) / TCP 179 > 57614 flags=A, (pkt_len=66)
NOTICE: TRACE: [tx p0] fa:2a:ff:46:d7:2c > fe:78:40:7f:f0:3f / IP 172.16.0.1 > 172.16.0.2 ttl=255 proto=TCP(6) / TCP 57614 > 179 flags=A, (pkt_len=66)
NOTICE: TRACE: [rx p0] fe:78:40:7f:f0:3f > fa:2a:ff:46:d7:2c / IP 172.16.0.2 > 172.16.0.1 ttl=255 proto=TCP(6) / TCP 179 > 57614 flags=PA, (pkt_len=85)
NOTICE: TRACE: [tx p0] fa:2a:ff:46:d7:2c > fe:78:40:7f:f0:3f / IP 172.16.0.1 > 172.16.0.2 ttl=255 proto=TCP(6) / TCP 57614 > 179 flags=PA, (pkt_len=85)
NOTICE: TRACE: [cp tx p0] fa:2a:ff:46:d7:2c > fa:2a:ff:46:d7:2c / IP 172.16.0.2 > 172.16.0.1 ttl=255 proto=TCP(6) / TCP 179 > 57614 flags=PA, (pkt_len=85)
NOTICE: TRACE: [rx p0] fe:78:40:7f:f0:3f > fa:2a:ff:46:d7:2c / IP 172.16.0.2 > 172.16.0.1 ttl=255 proto=TCP(6) / TCP 179 > 57614 flags=A, (pkt_len=66)
NOTICE: TRACE: [tx p0] fa:2a:ff:46:d7:2c > fe:78:40:7f:f0:3f / IP 172.16.0.1 > 172.16.0.2 ttl=255 proto=TCP(6) / TCP 57614 > 179 flags=A, (pkt_len=66)
NOTICE: TRACE: [cp tx p0] fa:2a:ff:46:d7:2c > fa:2a:ff:46:d7:2c / IP 172.16.0.2 > 172.16.0.1 ttl=255 proto=TCP(6) / TCP 179 > 57614 flags=A, (pkt_len=66)
NOTICE: TRACE: [tx p0] fa:2a:ff:46:d7:2c > fe:78:40:7f:f0:3f / IP 172.16.0.1 > 172.16.0.2 ttl=255 proto=TCP(6) / TCP 57614 > 179 flags=PA, (pkt_len=145)
NOTICE: TRACE: [rx p0] fe:78:40:7f:f0:3f > fa:2a:ff:46:d7:2c / IP 172.16.0.2 > 172.16.0.1 ttl=255 proto=TCP(6) / TCP 179 > 57614 flags=A, (pkt_len=66)
NOTICE: TRACE: [cp tx p0] fa:2a:ff:46:d7:2c > fa:2a:ff:46:d7:2c / IP 172.16.0.2 > 172.16.0.1 ttl=255 proto=TCP(6) / TCP 179 > 57614 flags=A, (pkt_len=66)
[bgp-peer] BGP: [M59KS-A3ZXZ] bgp_update_receive_eor: rcvd End-of-RIB for IPv4 Unicast from 172.16.0.1 in vrf default
NOTICE: TRACE: [rx p0] fe:78:40:7f:f0:3f > fa:2a:ff:46:d7:2c / IP 172.16.0.2 > 172.16.0.1 ttl=255 proto=TCP(6) / TCP 179 > 57614 flags=PA, (pkt_len=149)
NOTICE: TRACE: [cp tx p0] fa:2a:ff:46:d7:2c > fa:2a:ff:46:d7:2c / IP 172.16.0.2 > 172.16.0.1 ttl=255 proto=TCP(6) / TCP 179 > 57614 flags=PA, (pkt_len=149)
NOTICE: TRACE: [tx p0] fa:2a:ff:46:d7:2c > fe:78:40:7f:f0:3f / IP 172.16.0.1 > 172.16.0.2 ttl=255 proto=TCP(6) / TCP 57614 > 179 flags=A, (pkt_len=66)
BGP: [M59KS-A3ZXZ] bgp_update_receive_eor: rcvd End-of-RIB for IPv4 Unicast from 172.16.0.2 in vrf default
DEBUG: API: read_cb: pid=397682 id=51 req_type=0xacdc2003 (GR_NH_ADD) req_len=44 status=0 (Success) resp_len=0
DEBUG: API: read_cb: pid=397682 id=52 req_type=0xf00d0001 (GR_IP4_ROUTE_ADD) req_len=24 status=0 (Success) resp_len=0
> nh update: type=L3 id=42 iface=p0 vrf=main origin=zebra family=ipv4 addr=172.16.0.2 state=reachable mac=fe:78:40:7f:f0:3f
> route4 add: vrf=main 16.0.0.0/24 origin=bgp via type=L3 id=42 iface=p0 vrf=main origin=zebra family=ipv4 addr=172.16.0.2 state=reachable mac=fe:78:40:7f:f0:3f
ZEBRA: GROUT: grout_add_del_nexthop: add nh_id 42 origin zebra
ZEBRA: GROUT: grout_add_nexthop: nh_id 42 type L3
ZEBRA: GROUT: grout_client_send_recv: GR_NH_ADD: success
ZEBRA: GROUT: grout_add_del_route: add 16.0.0.0/24 origin bgp nh_id 42 vrf 1
ZEBRA: GROUT: grout_client_send_recv: GR_IP4_ROUTE_ADD: success
+ wait_bgp_established 30
+ local timeout=30
+ local elapsed=0
+ '[' 0 -lt 30 ']'
+ vtysh -c 'show bgp summary json'
+ jq -e '.ipv4Unicast.peers."172.16.0.2".state == "Established"'
+ return 0
+ teardown_bgp
+ python3 /home/apanatto/dev/github.com/DPDK/grout/subprojects/frr-frr-10.6.1/tools/frr-reload.py --confdir build//frr_install/etc/frr --bindir build//frr_install/bin --rundir build//frr_install/var/run/frr --reload --debug --stdout /tmp/tmp.kCeOhDfbvG/base.conf
2026-08-24 17:34:24,097  INFO: Called via "Namespace(input=None, reload=True, test=False, debug=True, log_level='info', stdout=True, pathspace=None, filename='/tmp/tmp.kCeOhDfbvG/base.conf', overwrite=False, bindir='build//frr_install/bin', confdir='build//frr_install/etc/frr', rundir='build//frr_install/var/run/frr', vty_socket=None, daemon='', test_reset=False, logfmt=False, logfile='/var/log/frr/frr-reload.log')"
2026-08-24 17:34:24,097  INFO: Loading Config object from file /tmp/tmp.kCeOhDfbvG/base.conf
2026-08-24 17:34:24,101 DEBUG: LINE hostname grout                                    : single-line context
2026-08-24 17:34:24,102 DEBUG: LINE debug zebra dplane dpdk                           : single-line context
2026-08-24 17:34:24,108 DEBUG: New Frr Config
hostname grout
debug zebra dplane dpdk

end

2026-08-24 17:34:24,108  INFO: Loading Config object from vtysh show running
2026-08-24 17:34:24,115 DEBUG: LINE frr version 10.6.1                                : single-line context
2026-08-24 17:34:24,115 DEBUG: LINE frr defaults traditional                          : single-line context
2026-08-24 17:34:24,115 DEBUG: LINE hostname apanatto-thinkpadt14gen5.rmtit.csb       : single-line context
2026-08-24 17:34:24,115 DEBUG: LINE debug zebra dplane dpdk                           : single-line context
2026-08-24 17:34:24,115 DEBUG: LINE vrf main                                          : enter context vrf main                                          
2026-08-24 17:34:24,115 DEBUG: LINE exit-vrf                                          : exit context vrf main                                          
2026-08-24 17:34:24,115 DEBUG: LINE router bgp 64512                                  : enter context router bgp 64512                                  
2026-08-24 17:34:24,115 DEBUG: LINE bgp router-id 172.16.0.1                          : add to current context router bgp 64512                                  
2026-08-24 17:34:24,115 DEBUG: LINE neighbor 172.16.0.2 remote-as 64512               : add to current context router bgp 64512                                  
2026-08-24 17:34:24,115 DEBUG: LINE address-family ipv4 unicast                       : enter context router bgp 64512 address-family ipv4 unicast      
2026-08-24 17:34:24,115 DEBUG: LINE network 172.16.0.0/24                             : add to current context router bgp 64512 address-family ipv4 unicast      
2026-08-24 17:34:24,115 DEBUG: LINE exit-address-family                               : exit context router bgp 64512 address-family ipv4 unicast      
2026-08-24 17:34:24,116 DEBUG: LINE exit                                              : exit context router bgp 64512                                  
2026-08-24 17:34:24,116 DEBUG: Running Frr Config (Pass #0)
frr version 10.6.1
frr defaults traditional
hostname apanatto-thinkpadt14gen5.rmtit.csb
!
debug zebra dplane dpdk
!
vrf main
exit-vrf
end
!
router bgp 64512
bgp router-id 172.16.0.1
neighbor 172.16.0.2 remote-as 64512
!
address-family ipv4 unicast
network 172.16.0.0/24
exit-address-family
exit
!
end
2026-08-24 17:34:24,116  INFO: "frr version 10.6.1" cannot be removed
2026-08-24 17:34:24,116  INFO: "frr defaults traditional" cannot be removed
2026-08-24 17:34:24,124  INFO: Executed "no hostname apanatto-thinkpadt14gen5.rmtit.csb"
ZEBRA: [WMBNH-V6XN6] Unable to find specified Interface for default
ZEBRA: [WMBNH-V6XN6] Unable to find specified Interface for default
NOTICE: TRACE: [tx p0] fa:2a:ff:46:d7:2c > fe:78:40:7f:f0:3f / IP 172.16.0.1 > 172.16.0.2 ttl=255 proto=TCP(6) / TCP 57614 > 179 flags=FA, (pkt_len=66)
NOTICE: TRACE: [rx p0] fe:78:40:7f:f0:3f > fa:2a:ff:46:d7:2c / IP 172.16.0.2 > 172.16.0.1 ttl=255 proto=TCP(6) / TCP 179 > 57614 flags=FA, (pkt_len=66)
NOTICE: TRACE: [cp tx p0] fa:2a:ff:46:d7:2c > fa:2a:ff:46:d7:2c / IP 172.16.0.2 > 172.16.0.1 ttl=255 proto=TCP(6) / TCP 179 > 57614 flags=FA, (pkt_len=66)
NOTICE: TRACE: [tx p0] fa:2a:ff:46:d7:2c > fe:78:40:7f:f0:3f / IP 172.16.0.1 > 172.16.0.2 ttl=255 proto=TCP(6) / TCP 57614 > 179 flags=A, (pkt_len=66)
2026-08-24 17:34:24,133  INFO: Executed "no router bgp 64512"
2026-08-24 17:34:24,133  INFO: build//frr_install/var/run/frr/reload-VWMQ5I.txt content
['hostname grout\n']
[399022|mgmtd] sending configuration
[399023|zebra] sending configuration
[399026|ospfd] sending configuration
MGMTD: [VTVCM-Y2NW3] Configuration Read in Took: 00:00:00
[399027|ospf6d] sending configuration
MGMTD: [G6NKK-8C6DV] end_config: VTY:0x35df98f0, pending SET-CFG: 0
ZEBRA: [VTVCM-Y2NW3] Configuration Read in Took: 00:00:00
ZEBRA: [G6NKK-8C6DV] end_config: VTY:0x1ead2840, pending SET-CFG: 0
[399023|zebra] done
[399022|mgmtd] done
OSPF: [VTVCM-Y2NW3] Configuration Read in Took: 00:00:00
[399026|ospfd] done
[399029|bgpd] sending configuration
OSPF: [G6NKK-8C6DV] end_config: VTY:0x26031e00, pending SET-CFG: 0
[399030|isisd] sending configuration
OSPF6: [VTVCM-Y2NW3] Configuration Read in Took: 00:00:00
[399027|ospf6d] done
OSPF6: [G6NKK-8C6DV] end_config: VTY:0x2ab395a0, pending SET-CFG: 0
ISIS: [VTVCM-Y2NW3] Configuration Read in Took: 00:00:00
ISIS: [G6NKK-8C6DV] end_config: VTY:0xff70de0, pending SET-CFG: 0
[399030|isisd] done
[399038|staticd] sending configuration
BGP: [VTVCM-Y2NW3] Configuration Read in Took: 00:00:00
BGP: [G6NKK-8C6DV] end_config: VTY:0x1f18bd00, pending SET-CFG: 0
[399029|bgpd] done
[399039|bfdd] sending configuration
STATIC: [VTVCM-Y2NW3] Configuration Read in Took: 00:00:00
[399038|staticd] done
STATIC: [G6NKK-8C6DV] end_config: VTY:0xa0f9aa0, pending SET-CFG: 0
Waiting for children to finish applying config...
BFD: [VTVCM-Y2NW3] Configuration Read in Took: 00:00:00
[399043|watchfrr] sending configuration
BFD: [G6NKK-8C6DV] end_config: VTY:0x37c70ec0, pending SET-CFG: 0
[399039|bfdd] done
[399043|watchfrr] done
DEBUG: ROUTE: rib4_delete: VRF 1: 16.0.0.0/24
DEBUG: API: read_cb: pid=397682 id=53 req_type=0xf00d0002 (GR_IP4_ROUTE_DEL) req_len=16 status=0 (Success) resp_len=0
2026-08-24 17:34:24,142  INFO: Loading Config object from vtysh show running
> route4 del: vrf=main 16.0.0.0/24 origin=bgp via type=L3 id=42 iface=p0 vrf=main origin=zebra family=ipv4 addr=172.16.0.2 state=reachable mac=fe:78:40:7f:f0:3f
ZEBRA: GROUT: grout_add_del_route: del 16.0.0.0/24 origin bgp nh_id 42 vrf 1
ZEBRA: GROUT: grout_client_send_recv: GR_IP4_ROUTE_DEL: success
2026-08-24 17:34:24,151 DEBUG: LINE frr version 10.6.1                                : single-line context
2026-08-24 17:34:24,151 DEBUG: LINE frr defaults traditional                          : single-line context
2026-08-24 17:34:24,151 DEBUG: LINE hostname apanatto-thinkpadt14gen5.rmtit.csb       : single-line context
2026-08-24 17:34:24,151 DEBUG: LINE debug zebra dplane dpdk                           : single-line context
2026-08-24 17:34:24,151 DEBUG: LINE vrf main                                          : enter context vrf main                                          
2026-08-24 17:34:24,151 DEBUG: LINE exit-vrf                                          : exit context vrf main                                          
2026-08-24 17:34:24,151 DEBUG: Running Frr Config (Pass #1)
frr version 10.6.1
frr defaults traditional
hostname apanatto-thinkpadt14gen5.rmtit.csb
!
debug zebra dplane dpdk
!
vrf main
exit-vrf
end
!
end
2026-08-24 17:34:24,151  INFO: "frr version 10.6.1" cannot be removed
2026-08-24 17:34:24,151  INFO: "frr defaults traditional" cannot be removed
2026-08-24 17:34:24,151  INFO: build//frr_install/var/run/frr/reload-UI7L9B.txt content
['hostname grout\n', 'hostname grout\n']
[399047|mgmtd] sending configuration
[399048|zebra] sending configuration
[399051|ospfd] sending configuration
[399052|ospf6d] sending configuration
[399054|bgpd] sending configuration
MGMTD: [VTVCM-Y2NW3] Configuration Read in Took: 00:00:00
MGMTD: [G6NKK-8C6DV] end_config: VTY:0x35df98f0, pending SET-CFG: 0
[399055|isisd] sending configuration
ZEBRA: [VTVCM-Y2NW3] Configuration Read in Took: 00:00:00
[399047|mgmtd] done
ZEBRA: [G6NKK-8C6DV] end_config: VTY:0x1ead2840, pending SET-CFG: 0
[399048|zebra] done
OSPF: [VTVCM-Y2NW3] Configuration Read in Took: 00:00:00
OSPF: [G6NKK-8C6DV] end_config: VTY:0x26031e00, pending SET-CFG: 0
OSPF6: [VTVCM-Y2NW3] Configuration Read in Took: 00:00:00
[399051|ospfd] done
[399052|ospf6d] done
OSPF6: [G6NKK-8C6DV] end_config: VTY:0x2ab395a0, pending SET-CFG: 0
ISIS: [VTVCM-Y2NW3] Configuration Read in Took: 00:00:00
[399055|isisd] done
ISIS: [G6NKK-8C6DV] end_config: VTY:0xff70de0, pending SET-CFG: 0
[399054|bgpd] done
BGP: [VTVCM-Y2NW3] Configuration Read in Took: 00:00:00
BGP: [G6NKK-8C6DV] end_config: VTY:0x1f155b60, pending SET-CFG: 0
[399063|staticd] sending configuration
[399064|bfdd] sending configuration
Waiting for children to finish applying config...
[399068|watchfrr] sending configuration
STATIC: [VTVCM-Y2NW3] Configuration Read in Took: 00:00:00
STATIC: [G6NKK-8C6DV] end_config: VTY:0xa0f9aa0, pending SET-CFG: 0
[399063|staticd] done
[399068|watchfrr] done
BFD: [VTVCM-Y2NW3] Configuration Read in Took: 00:00:00
[399064|bfdd] done
BFD: [G6NKK-8C6DV] end_config: VTY:0x37c70ec0, pending SET-CFG: 0
+ grcli interface del p0
DEBUG: API: accept_conn_cb: new connection fd=26 pid=399071
DEBUG: API: read_cb: pid=399071 id=1 req_type=0xcafe1981 (GR_HELLO) req_len=132 status=0 (Success) resp_len=2
DEBUG: API: api_send: pid=399071 for_id=2 len=316
DEBUG: API: api_send: pid=399071 for_id=2 len=466
DEBUG: API: read_cb: pid=399071 id=2 req_type=0xacdc0004 (GR_IFACE_LIST) req_len=1 status=0 (Success) resp_len=0
DEBUG: API: read_cb: pid=399071 id=3 req_type=0xacdc0003 (GR_IFACE_GET) req_len=18 status=0 (Success) resp_len=466
DEBUG: IFACE: iface_event: iface event [0xacdc1003] PRE_REMOVE triggered for iface p0.
DEBUG: ROUTE: rib4_delete: VRF 1: 172.16.0.2/32
INFO: WORKER: port_unplug: port 0 unplugged
DEBUG: ROUTE: rib4_delete: VRF 1: 172.16.0.0/24
DEBUG: ROUTE: rib6_delete: VRF 1: fe80:2::/64
DEBUG: IFACE: iface_event: iface event [0xacdc1007] STATUS_DOWN triggered for iface p0.
DEBUG: MEMPOOL: gr_pktmbuf_pool_release: release mempool mbuf_-1:0 reserved 512 -> 256 (size 2047)
DEBUG: IFACE: iface_event: iface event [0xacdc1004] REMOVE triggered for iface p0.
DEBUG: MEMPOOL: gr_pktmbuf_pool_release: release mempool mbuf_0:1 reserved 511 -> 0 (size 2047)
DEBUG: MEMPOOL: gr_pktmbuf_pool_release: schedule mempool mbuf_0:1 for deferred free
INFO: PORT: iface_port_fini: port 0 destroyed
DEBUG: API: read_cb: pid=399071 id=4 req_type=0xacdc0002 (GR_IFACE_DEL) req_len=2 status=0 (Success) resp_len=0
DEBUG: API: disconnect_client: client pid=399071 disconnected
> nh del: type=L3 iface=p0 vrf=main origin=zebra family=ipv4 addr=172.16.0.2 state=reachable mac=fe:78:40:7f:f0:3f
> addr4 del: iface=p0 172.16.0.1/24
> route4 del: vrf=main 172.16.0.0/24 origin=link via type=L3 iface=p0 vrf=main origin=INTERNAL family=ipv4 addr=172.16.0.1/24 state=reachable mac=fa:2a:ff:46:d7:2c flags=local link
> addr6 del: iface=p0 fe80::f82a:ffff:fe46:d72c/64
> route6 del: vrf=main fe80:2::/64 origin=link via type=L3 iface=p0 vrf=main origin=INTERNAL family=ipv6 addr=fe80::f82a:ffff:fe46:d72c/64 state=reachable mac=fa:2a:ff:46:d7:2c f
> iface pre del: p0 type=port id=2 mtu=1500
> iface down: p0 type=port id=2 mtu=1500
> iface del: p0 type=port id=2 mtu=1500
ZEBRA: GROUT: zebra_read_notifications: GR_EVENT_NEXTHOP_DELETE
ZEBRA: GROUT: grout_nexthop_change: del nh_id 0 origin zebra
ZEBRA: GROUT: grout_neigh_notify: del neigh iface=2 172.16.0.2 fe:78:40:7f:f0:3f
ZEBRA: GROUT: grout_nexthop_change: nexthop without ID, skip
ZEBRA: GROUT: dplane_read_notifications: GR_EVENT_IP_ADDR_DEL
ZEBRA: GROUT: grout_interface_addr4_change: del 172.16.0.1/24 iface 2
ZEBRA: GROUT: dplane_read_notifications: GR_EVENT_IP6_ADDR_DEL
ZEBRA: GROUT: grout_interface_addr6_change: del fe80::f82a:ffff:fe46:d72c/64 iface 2
ZEBRA: GROUT: dplane_read_notifications: GR_EVENT_IFACE_STATUS_DOWN
ZEBRA: GROUT: grout_link_change: add iface p0
ZEBRA: GROUT: dplane_read_notifications: GR_EVENT_IFACE_REMOVE
ZEBRA: GROUT: grout_link_change: del iface p0
ZEBRA: GROUT: zebra_read_notifications: GR_EVENT_IP_ROUTE_DEL
ZEBRA: GROUT: grout_route4_change: del 172.16.0.0/24 origin link nh_id 0 route_vrf 1 nh_vrf 1
ZEBRA: GROUT: grout_route_change: link route, skip
ZEBRA: GROUT: zebra_read_notifications: GR_EVENT_IP6_ROUTE_DEL
ZEBRA: GROUT: grout_route6_change: del fe80:2::/64 origin link nh_id 0 route_vrf 1 nh_vrf 1
ZEBRA: GROUT: grout_route_change: link route, skip
+ echo 'Teardown complete'
Teardown complete
+ for i in $(seq 1 $iterations)
+ echo '=== Iteration 8/20 ==='
=== Iteration 8/20 ===
+ setup_bgp
+ python3 /home/apanatto/dev/github.com/DPDK/grout/subprojects/frr-frr-10.6.1/tools/frr-reload.py --confdir build//frr_install/etc/frr --bindir build//frr_install/bin --rundir build//frr_install/var/run/frr --reload --debug --stdout /tmp/tmp.kCeOhDfbvG/bgp.conf
ZEBRA: GROUT: grout_add_del_route: del 172.16.0.0/24 origin link nh_id 40 vrf 1
ZEBRA: GROUT: grout_add_del_route: non-frr origin, skip
ZEBRA: GROUT: grout_add_del_route: del 172.16.0.0/24 origin link nh_id 40 vrf 1
ZEBRA: GROUT: grout_add_del_route: non-frr origin, skip
ZEBRA: GROUT: grout_add_del_route: del 172.16.0.1/32 origin link nh_id 40 vrf 1
ZEBRA: GROUT: grout_add_del_route: non-frr origin, skip
ZEBRA: GROUT: grout_add_del_route: del 172.16.0.1/32 origin link nh_id 40 vrf 1
ZEBRA: GROUT: grout_add_del_route: non-frr origin, skip
ZEBRA: GROUT: grout_add_del_route: del fe80::/64 origin link nh_id 39 vrf 1
ZEBRA: GROUT: grout_add_del_route: non-frr origin, skip
ZEBRA: GROUT: grout_add_del_route: del fe80::/64 origin link nh_id 39 vrf 1
ZEBRA: GROUT: grout_add_del_route: non-frr origin, skip
2026-08-24 17:34:24,278  INFO: Called via "Namespace(input=None, reload=True, test=False, debug=True, log_level='info', stdout=True, pathspace=None, filename='/tmp/tmp.kCeOhDfbvG/bgp.conf', overwrite=False, bindir='build//frr_install/bin', confdir='build//frr_install/etc/frr', rundir='build//frr_install/var/run/frr', vty_socket=None, daemon='', test_reset=False, logfmt=False, logfile='/var/log/frr/frr-reload.log')"
2026-08-24 17:34:24,278  INFO: Loading Config object from file /tmp/tmp.kCeOhDfbvG/bgp.conf
2026-08-24 17:34:24,284 DEBUG: LINE hostname grout                                    : single-line context
2026-08-24 17:34:24,284 DEBUG: LINE debug zebra dplane dpdk                           : single-line context
2026-08-24 17:34:24,284 DEBUG: LINE router bgp 64512                                  : enter context router bgp 64512                                  
2026-08-24 17:34:24,284 DEBUG: LINE bgp router-id 172.16.0.1                          : add to current context router bgp 64512                                  
2026-08-24 17:34:24,284 DEBUG: LINE neighbor 172.16.0.2 remote-as 64512               : add to current context router bgp 64512                                  
2026-08-24 17:34:24,285 DEBUG: LINE address-family ipv4 unicast                       : enter context router bgp 64512 address-family ipv4 unicast      
2026-08-24 17:34:24,285 DEBUG: LINE network 172.16.0.0/24                             : add to current context router bgp 64512 address-family ipv4 unicast      
2026-08-24 17:34:24,285 DEBUG: LINE exit-address-family                               : exit context router bgp 64512 address-family ipv4 unicast      
2026-08-24 17:34:24,285 DEBUG: LINE exit                                              : exit context router bgp 64512                                  
2026-08-24 17:34:24,293 DEBUG: New Frr Config
hostname grout
debug zebra dplane dpdk
router bgp 64512
bgp router-id 172.16.0.1
neighbor 172.16.0.2 remote-as 64512
address-family ipv4 unicast
network 172.16.0.0/24
exit-address-family
exit

end

2026-08-24 17:34:24,293  INFO: Loading Config object from vtysh show running
2026-08-24 17:34:24,330 DEBUG: LINE frr version 10.6.1                                : single-line context
2026-08-24 17:34:24,330 DEBUG: LINE frr defaults traditional                          : single-line context
2026-08-24 17:34:24,330 DEBUG: LINE hostname apanatto-thinkpadt14gen5.rmtit.csb       : single-line context
2026-08-24 17:34:24,330 DEBUG: LINE debug zebra dplane dpdk                           : single-line context
2026-08-24 17:34:24,330 DEBUG: LINE vrf main                                          : enter context vrf main                                          
2026-08-24 17:34:24,330 DEBUG: LINE exit-vrf                                          : exit context vrf main                                          
2026-08-24 17:34:24,330 DEBUG: Running Frr Config (Pass #0)
frr version 10.6.1
frr defaults traditional
hostname apanatto-thinkpadt14gen5.rmtit.csb
!
debug zebra dplane dpdk
!
vrf main
exit-vrf
end
!
end
2026-08-24 17:34:24,331  INFO: "frr version 10.6.1" cannot be removed
2026-08-24 17:34:24,331  INFO: "frr defaults traditional" cannot be removed
2026-08-24 17:34:24,359  INFO: Executed "no hostname apanatto-thinkpadt14gen5.rmtit.csb"
2026-08-24 17:34:24,360  INFO: build//frr_install/var/run/frr/reload-X042KS.txt content
['hostname grout\n',
 'router bgp 64512\nexit\n',
 'router bgp 64512\n bgp router-id 172.16.0.1\nexit\n',
 'router bgp 64512\n neighbor 172.16.0.2 remote-as 64512\nexit\n',
 'router bgp 64512\n address-family ipv4 unicast\n exit\nexit\n',
 'router bgp 64512\n'
 ' address-family ipv4 unicast\n'
 '  network 172.16.0.0/24 \n'
 ' exit\n'
 'exit\n']
[399079|mgmtd] sending configuration
[399080|zebra] sending configuration
[399083|ospfd] sending configuration
[399084|ospf6d] sending configuration
[399086|bgpd] sending configuration
[399087|isisd] sending configuration
MGMTD: [VTVCM-Y2NW3] Configuration Read in Took: 00:00:00
MGMTD: [G6NKK-8C6DV] end_config: VTY:0x35dd78c0, pending SET-CFG: 0
[399079|mgmtd] done
OSPF: [VTVCM-Y2NW3] Configuration Read in Took: 00:00:00
OSPF: [G6NKK-8C6DV] end_config: VTY:0x26031e00, pending SET-CFG: 0
[399084|ospf6d] done
OSPF6: [VTVCM-Y2NW3] Configuration Read in Took: 00:00:00
OSPF6: [G6NKK-8C6DV] end_config: VTY:0x2ab395a0, pending SET-CFG: 0
ZEBRA: [WMBNH-V6XN6] Unable to find specified Interface for default
[399083|ospfd] done
ZEBRA: [WMBNH-V6XN6] Unable to find specified Interface for default
ISIS: [VTVCM-Y2NW3] Configuration Read in Took: 00:00:00
ISIS: [G6NKK-8C6DV] end_config: VTY:0xff70dc0, pending SET-CFG: 0
[399095|staticd] sending configuration
[399087|isisd] done
[399096|bfdd] sending configuration
ZEBRA: [VTVCM-Y2NW3] Configuration Read in Took: 00:00:00
ZEBRA: [G6NKK-8C6DV] end_config: VTY:0x1ead2840, pending SET-CFG: 0
[399080|zebra] done
Waiting for children to finish applying config...
[399100|watchfrr] sending configuration
STATIC: [VTVCM-Y2NW3] Configuration Read in Took: 00:00:00
STATIC: [G6NKK-8C6DV] end_config: VTY:0xa0f9aa0, pending SET-CFG: 0
BGP: [VTVCM-Y2NW3] Configuration Read in Took: 00:00:00
[399095|staticd] done
[399086|bgpd] done
BGP: [G6NKK-8C6DV] end_config: VTY:0x1f155b60, pending SET-CFG: 0
BFD: [VTVCM-Y2NW3] Configuration Read in Took: 00:00:00
BFD: [G6NKK-8C6DV] end_config: VTY:0x37c70ea0, pending SET-CFG: 0
[399096|bfdd] done
[399100|watchfrr] done
2026-08-24 17:34:24,371  INFO: Loading Config object from vtysh show running
2026-08-24 17:34:24,379 DEBUG: LINE frr version 10.6.1                                : single-line context
2026-08-24 17:34:24,380 DEBUG: LINE frr defaults traditional                          : single-line context
2026-08-24 17:34:24,380 DEBUG: LINE hostname apanatto-thinkpadt14gen5.rmtit.csb       : single-line context
2026-08-24 17:34:24,380 DEBUG: LINE debug zebra dplane dpdk                           : single-line context
2026-08-24 17:34:24,380 DEBUG: LINE vrf main                                          : enter context vrf main                                          
2026-08-24 17:34:24,380 DEBUG: LINE exit-vrf                                          : exit context vrf main                                          
2026-08-24 17:34:24,380 DEBUG: LINE router bgp 64512                                  : enter context router bgp 64512                                  
2026-08-24 17:34:24,380 DEBUG: LINE bgp router-id 172.16.0.1                          : add to current context router bgp 64512                                  
2026-08-24 17:34:24,380 DEBUG: LINE neighbor 172.16.0.2 remote-as 64512               : add to current context router bgp 64512                                  
2026-08-24 17:34:24,380 DEBUG: LINE address-family ipv4 unicast                       : enter context router bgp 64512 address-family ipv4 unicast      
2026-08-24 17:34:24,380 DEBUG: LINE network 172.16.0.0/24                             : add to current context router bgp 64512 address-family ipv4 unicast      
2026-08-24 17:34:24,380 DEBUG: LINE exit-address-family                               : exit context router bgp 64512 address-family ipv4 unicast      
2026-08-24 17:34:24,380 DEBUG: LINE exit                                              : exit context router bgp 64512                                  
2026-08-24 17:34:24,380 DEBUG: Running Frr Config (Pass #1)
frr version 10.6.1
frr defaults traditional
hostname apanatto-thinkpadt14gen5.rmtit.csb
!
debug zebra dplane dpdk
!
vrf main
exit-vrf
end
!
router bgp 64512
bgp router-id 172.16.0.1
neighbor 172.16.0.2 remote-as 64512
!
address-family ipv4 unicast
network 172.16.0.0/24
exit-address-family
exit
!
end
2026-08-24 17:34:24,380  INFO: "frr version 10.6.1" cannot be removed
2026-08-24 17:34:24,380  INFO: "frr defaults traditional" cannot be removed
2026-08-24 17:34:24,380  INFO: build//frr_install/var/run/frr/reload-H8AN1P.txt content
['hostname grout\n',
 'hostname grout\n',
 'router bgp 64512\nexit\n',
 'router bgp 64512\n bgp router-id 172.16.0.1\nexit\n',
 'router bgp 64512\n neighbor 172.16.0.2 remote-as 64512\nexit\n',
 'router bgp 64512\n address-family ipv4 unicast\n exit\nexit\n',
 'router bgp 64512\n'
 ' address-family ipv4 unicast\n'
 '  network 172.16.0.0/24 \n'
 ' exit\n'
 'exit\n']
[399104|mgmtd] sending configuration
[399105|zebra] sending configuration
[399108|ospfd] sending configuration
[399109|ospf6d] sending configuration
[399111|bgpd] sending configuration
[399112|isisd] sending configuration
MGMTD: [VTVCM-Y2NW3] Configuration Read in Took: 00:00:00
[399104|mgmtd] done
MGMTD: [G6NKK-8C6DV] end_config: VTY:0x35dd78c0, pending SET-CFG: 0
ZEBRA: [VTVCM-Y2NW3] Configuration Read in Took: 00:00:00
[399105|zebra] done
ZEBRA: [G6NKK-8C6DV] end_config: VTY:0x1ead2840, pending SET-CFG: 0
OSPF6: [VTVCM-Y2NW3] Configuration Read in Took: 00:00:00
OSPF6: [G6NKK-8C6DV] end_config: VTY:0x2ab395a0, pending SET-CFG: 0
OSPF: [VTVCM-Y2NW3] Configuration Read in Took: 00:00:00
OSPF: [G6NKK-8C6DV] end_config: VTY:0x26031e00, pending SET-CFG: 0
[399108|ospfd] done
[399109|ospf6d] done
ISIS: [VTVCM-Y2NW3] Configuration Read in Took: 00:00:00
ISIS: [G6NKK-8C6DV] end_config: VTY:0xff70dc0, pending SET-CFG: 0
[399120|staticd] sending configuration
[399112|isisd] done
[399121|bfdd] sending configuration
Waiting for children to finish applying config...
[399125|watchfrr] sending configuration
BFD: [VTVCM-Y2NW3] Configuration Read in Took: 00:00:00
[399121|bfdd] done
BFD: [G6NKK-8C6DV] end_config: VTY:0x37c70ea0, pending SET-CFG: 0
STATIC: [VTVCM-Y2NW3] Configuration Read in Took: 00:00:00
STATIC: [G6NKK-8C6DV] end_config: VTY:0xa0f9aa0, pending SET-CFG: 0
[399120|staticd] done
BGP: [VTVCM-Y2NW3] Configuration Read in Took: 00:00:00
BGP: [G6NKK-8C6DV] end_config: VTY:0x1f18bd00, pending SET-CFG: 0
[399111|bgpd] done
[399125|watchfrr] done
+ grcli interface add port p0 devargs net_tap0,remote=veth0
DEBUG: API: accept_conn_cb: new connection fd=26 pid=399128
DEBUG: API: read_cb: pid=399128 id=1 req_type=0xcafe1981 (GR_HELLO) req_len=132 status=0 (Success) resp_len=2
ERR: TAP: tap_nl_dump_ext_ack(): Cannot delete qdisc with handle of zero
DEBUG: MEMPOOL: gr_pktmbuf_pool_get: allocate mempool mbuf_0:0 reserved 511 (size 2047, mbuf_size 2048)
INFO: WORKER: port_plug: port 0 plugged
DEBUG: GRAPH: worker_graph_new: [CPU 6] <- port=0 rxq=0 burst_size=64
DEBUG: GRAPH: worker_graph_new: [CPU 6] -> port 0 txq 0
DEBUG: IFACE: iface_event: iface event [0xacdc1008] MAC_CHANGE triggered for iface p0.
DEBUG: MEMPOOL: gr_pktmbuf_pool_get: reuse mempool mbuf_-1:0 reserved 256 -> 512 (size 2047, mbuf_size 2048)
DEBUG: IFACE: iface_event: iface event [0xacdc1001] ADD triggered for iface p0.
DEBUG: IFACE: iface_event: iface event [0xacdc1002] POST_ADD triggered for iface p0.
INFO: ADDRESS: mcast6_addr_add: p0: joining multicast group ff02::1:ff46:d72c
INFO: ADDRESS: mcast6_addr_add: p0: joining multicast group ff01::1
INFO: ADDRESS: mcast6_addr_add: p0: joining multicast group ff02::1
INFO: ADDRESS: mcast6_addr_add: p0: joining multicast group ff01::2
INFO: ADDRESS: mcast6_addr_add: p0: joining multicast group ff02::2
INFO: ADDRESS: mcast6_addr_add: p0: joining multicast group ff05::2
INFO: ADDRESS: mcast6_addr_add: p0: joining multicast group ff02::5
INFO: ADDRESS: mcast6_addr_add: p0: joining multicast group ff02::6
INFO: ADDRESS: mcast6_addr_add: p0: joining multicast group ff02::8
INFO: ADDRESS: mcast6_addr_add: p0: joining multicast group ff02::16
DEBUG: API: read_cb: pid=399128 id=2 req_type=0xacdc0001 (GR_IFACE_ADD) req_len=466 status=0 (Success) resp_len=2
Created interface 2
> iface mac change: p0 type=port id=2 mtu=0
> iface add: p0 type=port id=2 mtu=0
> route6 add: vrf=main fe80::f82a:ffff:fe46:d72c/64 origin=link via type=L3 iface=p0 vrf=main origin=INTERNAL family=ipv6 addr=fe80::f82a:ffff:fe46:d72c/64 state=reachable mac=fa:2a:ff:46:d7:2c f
> addr6 add: iface=p0 fe80::f82a:ffff:fe46:d72c/64
> iface post add: p0 type=port id=2 mtu=0
DEBUG: API: disconnect_client: client pid=399128 disconnected
ZEBRA: GROUT: zebra_read_notifications: GR_EVENT_IP6_ROUTE_ADD
ZEBRA: GROUT: grout_route6_change: add fe80::f82a:ffff:fe46:d72c/64 origin link nh_id 0 route_vrf 1 nh_vrf 1
ZEBRA: GROUT: grout_route_change: link route, skip
ZEBRA: GROUT: dplane_read_notifications: GR_EVENT_IFACE_MAC_CHANGE
ZEBRA: GROUT: grout_link_change: add iface p0
ZEBRA: GROUT: dplane_read_notifications: GR_EVENT_IFACE_ADD
ZEBRA: GROUT: grout_link_change: add iface p0
ZEBRA: GROUT: dplane_read_notifications: GR_EVENT_IP6_ADDR_ADD
ZEBRA: GROUT: grout_interface_addr6_change: add fe80::f82a:ffff:fe46:d72c/64 iface 2
NOTICE: TRACE: [rx p0] fa:2a:ff:46:d7:2c > 33:33:00:00:00:16 / IPv6 :: > ff02::16 ttl=1 proto=HOPOPT(0) / ICMPv6 type=143 code=0, (pkt_len=90)
NOTICE: TRACE: [drop icmp6_input_unsupported] 1 packets
+ grcli address add 172.16.0.1/24 iface p0
DEBUG: MEMPOOL: pending_free_cb: deferred free mempool mbuf_0:1 after 217 ms
INFO: PORT: link_event_cb: p0: link status up
DEBUG: IFACE: iface_event: iface event [0xacdc1006] STATUS_UP triggered for iface p0.
NOTICE: TRACE: [tx p0] fa:2a:ff:46:d7:2c > 33:33:00:00:00:01 / IPv6 fe80::f82a:ffff:fe46:d72c > ff02::1 ttl=255 proto=ICMPv6(58) / ICMPv6 neigh advert fe80::f82a:ffff:fe46:d72c is at (solicited=0) / Option target_lladdr=fa:2a:ff:46:d7:2c, (pkt_len=86)
> iface up: p0 type=port id=2 mtu=1500
ZEBRA: GROUT: dplane_read_notifications: GR_EVENT_IFACE_STATUS_UP
ZEBRA: GROUT: grout_link_change: add iface p0
DEBUG: API: accept_conn_cb: new connection fd=26 pid=399129
DEBUG: API: read_cb: pid=399129 id=1 req_type=0xcafe1981 (GR_HELLO) req_len=132 status=0 (Success) resp_len=2
DEBUG: API: api_send: pid=399129 for_id=2 len=316
DEBUG: API: api_send: pid=399129 for_id=2 len=466
DEBUG: API: read_cb: pid=399129 id=2 req_type=0xacdc0004 (GR_IFACE_LIST) req_len=1 status=0 (Success) resp_len=0
DEBUG: API: read_cb: pid=399129 id=3 req_type=0xacdc0003 (GR_IFACE_GET) req_len=18 status=0 (Success) resp_len=466
DEBUG: API: read_cb: pid=399129 id=4 req_type=0xf00d0005 (GR_IP4_ADDR_ADD) req_len=16 status=0 (Success) resp_len=0
DEBUG: API: disconnect_client: client pid=399129 disconnected
> route4 add: vrf=main 172.16.0.1/24 origin=link via type=L3 iface=p0 vrf=main origin=INTERNAL family=ipv4 addr=172.16.0.1/24 state=reachable mac=fa:2a:ff:46:d7:2c flags=local link
> addr4 add: iface=p0 172.16.0.1/24
ZEBRA: GROUT: dplane_read_notifications: GR_EVENT_IP_ADDR_ADD
ZEBRA: GROUT: grout_interface_addr4_change: add 172.16.0.1/24 iface 2
ZEBRA: GROUT: zebra_read_notifications: GR_EVENT_IP_ROUTE_ADD
ZEBRA: GROUT: grout_route4_change: add 172.16.0.1/24 origin link nh_id 0 route_vrf 1 nh_vrf 1
ZEBRA: GROUT: grout_route_change: link route, skip
ZEBRA: GROUT: grout_add_del_route: add fe80::/64 origin link nh_id 45 vrf 1
ZEBRA: GROUT: grout_add_del_route: non-frr origin, skip
ZEBRA: GROUT: grout_add_del_route: add fe80::/64 origin link nh_id 45 vrf 1
ZEBRA: GROUT: grout_add_del_route: non-frr origin, skip
ZEBRA: GROUT: grout_add_del_route: add 172.16.0.0/24 origin link nh_id 46 vrf 1
ZEBRA: GROUT: grout_add_del_route: non-frr origin, skip
ZEBRA: GROUT: grout_add_del_route: add 172.16.0.0/24 origin link nh_id 46 vrf 1
ZEBRA: GROUT: grout_add_del_route: non-frr origin, skip
ZEBRA: GROUT: grout_add_del_route: add 172.16.0.1/32 origin link nh_id 46 vrf 1
ZEBRA: GROUT: grout_add_del_route: non-frr origin, skip
ZEBRA: GROUT: grout_add_del_route: add 172.16.0.1/32 origin link nh_id 46 vrf 1
ZEBRA: GROUT: grout_add_del_route: non-frr origin, skip
+ sleep 3
NOTICE: TRACE: [rx p0] fa:2a:ff:46:d7:2c > 33:33:00:00:00:16 / IPv6 :: > ff02::16 ttl=1 proto=HOPOPT(0) / ICMPv6 type=143 code=0, (pkt_len=90)
NOTICE: TRACE: [drop icmp6_input_unsupported] 1 packets
NOTICE: TRACE: [rx p0] fe:78:40:7f:f0:3f > fa:2a:ff:46:d7:2c / IP 172.16.0.2 > 172.16.0.1 ttl=255 proto=TCP(6) / TCP 46048 > 179 flags=S, (pkt_len=74)
NOTICE: TRACE: [cp tx p0] fa:2a:ff:46:d7:2c > fa:2a:ff:46:d7:2c / IP 172.16.0.2 > 172.16.0.1 ttl=255 proto=TCP(6) / TCP 46048 > 179 flags=S, (pkt_len=74)
NOTICE: TRACE: [tx p0] fa:2a:ff:46:d7:2c > ff:ff:ff:ff:ff:ff / ARP request who has 172.16.0.2? tell 172.16.0.1, (pkt_len=42)
NOTICE: TRACE: [rx p0] fe:78:40:7f:f0:3f > fa:2a:ff:46:d7:2c / ARP reply 172.16.0.2 is at fe:78:40:7f:f0:3f, (pkt_len=42)
> nh new: type=L3 iface=p0 vrf=main origin=learn family=ipv4 addr=172.16.0.2 state=new flags=neigh
NOTICE: TRACE: [tx p0] fa:2a:ff:46:d7:2c > fe:78:40:7f:f0:3f / IP 172.16.0.1 > 172.16.0.2 ttl=255 proto=TCP(6) / TCP 179 > 46048 flags=SA, (pkt_len=74)
> nh update: type=L3 iface=p0 vrf=main origin=learn family=ipv4 addr=172.16.0.2 state=reachable mac=fe:78:40:7f:f0:3f flags=neigh
NOTICE: TRACE: [rx p0] fe:78:40:7f:f0:3f > fa:2a:ff:46:d7:2c / IP 172.16.0.2 > 172.16.0.1 ttl=255 proto=TCP(6) / TCP 46048 > 179 flags=A, (pkt_len=66)
ZEBRA: GROUT: zebra_read_notifications: GR_EVENT_NEXTHOP_NEW
NOTICE: TRACE: [cp tx p0] fa:2a:ff:46:d7:2c > fa:2a:ff:46:d7:2c / IP 172.16.0.2 > 172.16.0.1 ttl=255 proto=TCP(6) / TCP 46048 > 179 flags=A, (pkt_len=66)
ZEBRA: GROUT: grout_nexthop_change: add nh_id 0 origin learn
ZEBRA: GROUT: grout_nexthop_change: dynamic neighbor learn, skip
ZEBRA: GROUT: zebra_read_notifications: GR_EVENT_NEXTHOP_UPDATE
ZEBRA: GROUT: grout_nexthop_change: add nh_id 0 origin learn
NOTICE: TRACE: [tx p0] fa:2a:ff:46:d7:2c > fe:78:40:7f:f0:3f / IP 172.16.0.1 > 172.16.0.2 ttl=255 proto=TCP(6) / TCP 179 > 46048 flags=FA, (pkt_len=66)
ZEBRA: GROUT: grout_neigh_notify: add neigh iface=2 172.16.0.2 fe:78:40:7f:f0:3f
ZEBRA: GROUT: grout_nexthop_change: dynamic neighbor learn, skip
NOTICE: TRACE: [rx p0] fe:78:40:7f:f0:3f > fa:2a:ff:46:d7:2c / IP 172.16.0.2 > 172.16.0.1 ttl=255 proto=TCP(6) / TCP 46048 > 179 flags=A, (pkt_len=66)
NOTICE: TRACE: [cp tx p0] fa:2a:ff:46:d7:2c > fa:2a:ff:46:d7:2c / IP 172.16.0.2 > 172.16.0.1 ttl=255 proto=TCP(6) / TCP 46048 > 179 flags=A, (pkt_len=66)
NOTICE: TRACE: [rx p0] fe:78:40:7f:f0:3f > fa:2a:ff:46:d7:2c / IP 172.16.0.2 > 172.16.0.1 ttl=255 proto=TCP(6) / TCP 46048 > 179 flags=FA, (pkt_len=66)
NOTICE: TRACE: [cp tx p0] fa:2a:ff:46:d7:2c > fa:2a:ff:46:d7:2c / IP 172.16.0.2 > 172.16.0.1 ttl=255 proto=TCP(6) / TCP 46048 > 179 flags=FA, (pkt_len=66)
NOTICE: TRACE: [tx p0] fa:2a:ff:46:d7:2c > fe:78:40:7f:f0:3f / IP 172.16.0.1 > 172.16.0.2 ttl=64 proto=TCP(6) / TCP 179 > 46048 flags=A, (pkt_len=66)
NOTICE: TRACE: [tx p0] fa:2a:ff:46:d7:2c > fe:78:40:7f:f0:3f / IP 172.16.0.1 > 172.16.0.2 ttl=255 proto=TCP(6) / TCP 52500 > 179 flags=S, (pkt_len=74)
NOTICE: TRACE: [rx p0] fe:78:40:7f:f0:3f > fa:2a:ff:46:d7:2c / IP 172.16.0.2 > 172.16.0.1 ttl=255 proto=TCP(6) / TCP 179 > 52500 flags=SA, (pkt_len=74)
NOTICE: TRACE: [cp tx p0] fa:2a:ff:46:d7:2c > fa:2a:ff:46:d7:2c / IP 172.16.0.2 > 172.16.0.1 ttl=255 proto=TCP(6) / TCP 179 > 52500 flags=SA, (pkt_len=74)
NOTICE: TRACE: [tx p0] fa:2a:ff:46:d7:2c > fe:78:40:7f:f0:3f / IP 172.16.0.1 > 172.16.0.2 ttl=255 proto=TCP(6) / TCP 52500 > 179 flags=A, (pkt_len=66)
NOTICE: TRACE: [tx p0] fa:2a:ff:46:d7:2c > fe:78:40:7f:f0:3f / IP 172.16.0.1 > 172.16.0.2 ttl=255 proto=TCP(6) / TCP 52500 > 179 flags=PA, (pkt_len=197)
NOTICE: TRACE: [rx p0] fe:78:40:7f:f0:3f > fa:2a:ff:46:d7:2c / IP 172.16.0.2 > 172.16.0.1 ttl=255 proto=TCP(6) / TCP 179 > 52500 flags=A, (pkt_len=66)
NOTICE: TRACE: [rx p0] fe:78:40:7f:f0:3f > fa:2a:ff:46:d7:2c / IP 172.16.0.2 > 172.16.0.1 ttl=255 proto=TCP(6) / TCP 179 > 52500 flags=PA, (pkt_len=197)
NOTICE: TRACE: [cp tx p0] fa:2a:ff:46:d7:2c > fa:2a:ff:46:d7:2c / IP 172.16.0.2 > 172.16.0.1 ttl=255 proto=TCP(6) / TCP 179 > 52500 flags=A, (pkt_len=66)
NOTICE: TRACE: [cp tx p0] fa:2a:ff:46:d7:2c > fa:2a:ff:46:d7:2c / IP 172.16.0.2 > 172.16.0.1 ttl=255 proto=TCP(6) / TCP 179 > 52500 flags=PA, (pkt_len=197)
NOTICE: TRACE: [tx p0] fa:2a:ff:46:d7:2c > fe:78:40:7f:f0:3f / IP 172.16.0.1 > 172.16.0.2 ttl=255 proto=TCP(6) / TCP 52500 > 179 flags=A, (pkt_len=66)
NOTICE: TRACE: [rx p0] fe:78:40:7f:f0:3f > fa:2a:ff:46:d7:2c / IP 172.16.0.2 > 172.16.0.1 ttl=255 proto=TCP(6) / TCP 179 > 52500 flags=PA, (pkt_len=85)
NOTICE: TRACE: [tx p0] fa:2a:ff:46:d7:2c > fe:78:40:7f:f0:3f / IP 172.16.0.1 > 172.16.0.2 ttl=255 proto=TCP(6) / TCP 52500 > 179 flags=PA, (pkt_len=85)
NOTICE: TRACE: [cp tx p0] fa:2a:ff:46:d7:2c > fa:2a:ff:46:d7:2c / IP 172.16.0.2 > 172.16.0.1 ttl=255 proto=TCP(6) / TCP 179 > 52500 flags=PA, (pkt_len=85)
NOTICE: TRACE: [rx p0] fe:78:40:7f:f0:3f > fa:2a:ff:46:d7:2c / IP 172.16.0.2 > 172.16.0.1 ttl=255 proto=TCP(6) / TCP 179 > 52500 flags=A, (pkt_len=66)
NOTICE: TRACE: [tx p0] fa:2a:ff:46:d7:2c > fe:78:40:7f:f0:3f / IP 172.16.0.1 > 172.16.0.2 ttl=255 proto=TCP(6) / TCP 52500 > 179 flags=A, (pkt_len=66)
NOTICE: TRACE: [cp tx p0] fa:2a:ff:46:d7:2c > fa:2a:ff:46:d7:2c / IP 172.16.0.2 > 172.16.0.1 ttl=255 proto=TCP(6) / TCP 179 > 52500 flags=A, (pkt_len=66)
NOTICE: TRACE: [tx p0] fa:2a:ff:46:d7:2c > fe:78:40:7f:f0:3f / IP 172.16.0.1 > 172.16.0.2 ttl=255 proto=TCP(6) / TCP 52500 > 179 flags=PA, (pkt_len=145)
NOTICE: TRACE: [rx p0] fe:78:40:7f:f0:3f > fa:2a:ff:46:d7:2c / IP 172.16.0.2 > 172.16.0.1 ttl=255 proto=TCP(6) / TCP 179 > 52500 flags=A, (pkt_len=66)
NOTICE: TRACE: [cp tx p0] fa:2a:ff:46:d7:2c > fa:2a:ff:46:d7:2c / IP 172.16.0.2 > 172.16.0.1 ttl=255 proto=TCP(6) / TCP 179 > 52500 flags=A, (pkt_len=66)
[bgp-peer] BGP: [M59KS-A3ZXZ] bgp_update_receive_eor: rcvd End-of-RIB for IPv4 Unicast from 172.16.0.1 in vrf default
NOTICE: TRACE: [rx p0] fe:78:40:7f:f0:3f > fa:2a:ff:46:d7:2c / IP 172.16.0.2 > 172.16.0.1 ttl=255 proto=TCP(6) / TCP 179 > 52500 flags=PA, (pkt_len=149)
NOTICE: TRACE: [cp tx p0] fa:2a:ff:46:d7:2c > fa:2a:ff:46:d7:2c / IP 172.16.0.2 > 172.16.0.1 ttl=255 proto=TCP(6) / TCP 179 > 52500 flags=PA, (pkt_len=149)
NOTICE: TRACE: [tx p0] fa:2a:ff:46:d7:2c > fe:78:40:7f:f0:3f / IP 172.16.0.1 > 172.16.0.2 ttl=255 proto=TCP(6) / TCP 52500 > 179 flags=A, (pkt_len=66)
BGP: [M59KS-A3ZXZ] bgp_update_receive_eor: rcvd End-of-RIB for IPv4 Unicast from 172.16.0.2 in vrf default
DEBUG: API: read_cb: pid=397682 id=54 req_type=0xacdc2003 (GR_NH_ADD) req_len=44 status=0 (Success) resp_len=0
DEBUG: API: read_cb: pid=397682 id=55 req_type=0xf00d0001 (GR_IP4_ROUTE_ADD) req_len=24 status=0 (Success) resp_len=0
> nh update: type=L3 id=48 iface=p0 vrf=main origin=zebra family=ipv4 addr=172.16.0.2 state=reachable mac=fe:78:40:7f:f0:3f
> route4 add: vrf=main 16.0.0.0/24 origin=bgp via type=L3 id=48 iface=p0 vrf=main origin=zebra family=ipv4 addr=172.16.0.2 state=reachable mac=fe:78:40:7f:f0:3f
ZEBRA: GROUT: grout_add_del_nexthop: add nh_id 48 origin zebra
ZEBRA: GROUT: grout_add_nexthop: nh_id 48 type L3
ZEBRA: GROUT: grout_client_send_recv: GR_NH_ADD: success
ZEBRA: GROUT: grout_add_del_route: add 16.0.0.0/24 origin bgp nh_id 48 vrf 1
ZEBRA: GROUT: grout_client_send_recv: GR_IP4_ROUTE_ADD: success
+ wait_bgp_established 30
+ local timeout=30
+ local elapsed=0
+ '[' 0 -lt 30 ']'
+ vtysh -c 'show bgp summary json'
+ jq -e '.ipv4Unicast.peers."172.16.0.2".state == "Established"'
+ return 0
+ teardown_bgp
+ python3 /home/apanatto/dev/github.com/DPDK/grout/subprojects/frr-frr-10.6.1/tools/frr-reload.py --confdir build//frr_install/etc/frr --bindir build//frr_install/bin --rundir build//frr_install/var/run/frr --reload --debug --stdout /tmp/tmp.kCeOhDfbvG/base.conf
2026-08-24 17:34:27,507  INFO: Called via "Namespace(input=None, reload=True, test=False, debug=True, log_level='info', stdout=True, pathspace=None, filename='/tmp/tmp.kCeOhDfbvG/base.conf', overwrite=False, bindir='build//frr_install/bin', confdir='build//frr_install/etc/frr', rundir='build//frr_install/var/run/frr', vty_socket=None, daemon='', test_reset=False, logfmt=False, logfile='/var/log/frr/frr-reload.log')"
2026-08-24 17:34:27,507  INFO: Loading Config object from file /tmp/tmp.kCeOhDfbvG/base.conf
2026-08-24 17:34:27,513 DEBUG: LINE hostname grout                                    : single-line context
2026-08-24 17:34:27,514 DEBUG: LINE debug zebra dplane dpdk                           : single-line context
2026-08-24 17:34:27,522 DEBUG: New Frr Config
hostname grout
debug zebra dplane dpdk

end

2026-08-24 17:34:27,522  INFO: Loading Config object from vtysh show running
2026-08-24 17:34:27,531 DEBUG: LINE frr version 10.6.1                                : single-line context
2026-08-24 17:34:27,531 DEBUG: LINE frr defaults traditional                          : single-line context
2026-08-24 17:34:27,531 DEBUG: LINE hostname apanatto-thinkpadt14gen5.rmtit.csb       : single-line context
2026-08-24 17:34:27,531 DEBUG: LINE debug zebra dplane dpdk                           : single-line context
2026-08-24 17:34:27,531 DEBUG: LINE vrf main                                          : enter context vrf main                                          
2026-08-24 17:34:27,532 DEBUG: LINE exit-vrf                                          : exit context vrf main                                          
2026-08-24 17:34:27,532 DEBUG: LINE router bgp 64512                                  : enter context router bgp 64512                                  
2026-08-24 17:34:27,532 DEBUG: LINE bgp router-id 172.16.0.1                          : add to current context router bgp 64512                                  
2026-08-24 17:34:27,532 DEBUG: LINE neighbor 172.16.0.2 remote-as 64512               : add to current context router bgp 64512                                  
2026-08-24 17:34:27,532 DEBUG: LINE address-family ipv4 unicast                       : enter context router bgp 64512 address-family ipv4 unicast      
2026-08-24 17:34:27,532 DEBUG: LINE network 172.16.0.0/24                             : add to current context router bgp 64512 address-family ipv4 unicast      
2026-08-24 17:34:27,532 DEBUG: LINE exit-address-family                               : exit context router bgp 64512 address-family ipv4 unicast      
2026-08-24 17:34:27,532 DEBUG: LINE exit                                              : exit context router bgp 64512                                  
2026-08-24 17:34:27,532 DEBUG: Running Frr Config (Pass #0)
frr version 10.6.1
frr defaults traditional
hostname apanatto-thinkpadt14gen5.rmtit.csb
!
debug zebra dplane dpdk
!
vrf main
exit-vrf
end
!
router bgp 64512
bgp router-id 172.16.0.1
neighbor 172.16.0.2 remote-as 64512
!
address-family ipv4 unicast
network 172.16.0.0/24
exit-address-family
exit
!
end
2026-08-24 17:34:27,533  INFO: "frr version 10.6.1" cannot be removed
2026-08-24 17:34:27,533  INFO: "frr defaults traditional" cannot be removed
2026-08-24 17:34:27,541  INFO: Executed "no hostname apanatto-thinkpadt14gen5.rmtit.csb"
ZEBRA: [WMBNH-V6XN6] Unable to find specified Interface for default
ZEBRA: [WMBNH-V6XN6] Unable to find specified Interface for default
NOTICE: TRACE: [tx p0] fa:2a:ff:46:d7:2c > fe:78:40:7f:f0:3f / IP 172.16.0.1 > 172.16.0.2 ttl=255 proto=TCP(6) / TCP 52500 > 179 flags=FA, (pkt_len=66)
NOTICE: TRACE: [rx p0] fe:78:40:7f:f0:3f > fa:2a:ff:46:d7:2c / IP 172.16.0.2 > 172.16.0.1 ttl=255 proto=TCP(6) / TCP 179 > 52500 flags=FA, (pkt_len=66)
NOTICE: TRACE: [cp tx p0] fa:2a:ff:46:d7:2c > fa:2a:ff:46:d7:2c / IP 172.16.0.2 > 172.16.0.1 ttl=255 proto=TCP(6) / TCP 179 > 52500 flags=FA, (pkt_len=66)
NOTICE: TRACE: [tx p0] fa:2a:ff:46:d7:2c > fe:78:40:7f:f0:3f / IP 172.16.0.1 > 172.16.0.2 ttl=255 proto=TCP(6) / TCP 52500 > 179 flags=A, (pkt_len=66)
2026-08-24 17:34:27,552  INFO: Executed "no router bgp 64512"
2026-08-24 17:34:27,552  INFO: build//frr_install/var/run/frr/reload-CMLPEH.txt content
['hostname grout\n']
[399210|mgmtd] sending configuration
[399211|zebra] sending configuration
[399214|ospfd] sending configuration
[399217|bgpd] sending configuration
[399218|isisd] sending configuration
ZEBRA: [VTVCM-Y2NW3] Configuration Read in Took: 00:00:00
ZEBRA: [G6NKK-8C6DV] end_config: VTY:0x1ead2840, pending SET-CFG: 0
OSPF: [VTVCM-Y2NW3] Configuration Read in Took: 00:00:00
[399211|zebra] done
OSPF: [G6NKK-8C6DV] end_config: VTY:0x26031e00, pending SET-CFG: 0
BGP: [VTVCM-Y2NW3] Configuration Read in Took: 00:00:00
[399214|ospfd] done
BGP: [G6NKK-8C6DV] end_config: VTY:0x1f18bd00, pending SET-CFG: 0
[399217|bgpd] done
MGMTD: [VTVCM-Y2NW3] Configuration Read in Took: 00:00:00
MGMTD: [G6NKK-8C6DV] end_config: VTY:0x35df98f0, pending SET-CFG: 0
[399210|mgmtd] done
[399215|ospf6d] sending configuration
ISIS: [VTVCM-Y2NW3] Configuration Read in Took: 00:00:00
ISIS: [G6NKK-8C6DV] end_config: VTY:0xff70de0, pending SET-CFG: 0
[399218|isisd] done
[399227|staticd] sending configuration
[399228|bfdd] sending configuration
STATIC: [VTVCM-Y2NW3] Configuration Read in Took: 00:00:00
STATIC: [G6NKK-8C6DV] end_config: VTY:0xa0f9aa0, pending SET-CFG: 0
Waiting for children to finish applying config...
OSPF6: [VTVCM-Y2NW3] Configuration Read in Took: 00:00:00
[399227|staticd] done
OSPF6: [G6NKK-8C6DV] end_config: VTY:0x2ab395a0, pending SET-CFG: 0
[399215|ospf6d] done
[399232|watchfrr] sending configuration
BFD: [VTVCM-Y2NW3] Configuration Read in Took: 00:00:00
BFD: [G6NKK-8C6DV] end_config: VTY:0x37c70ec0, pending SET-CFG: 0
[399228|bfdd] done
[399232|watchfrr] done
DEBUG: ROUTE: rib4_delete: VRF 1: 16.0.0.0/24
DEBUG: API: read_cb: pid=397682 id=56 req_type=0xf00d0002 (GR_IP4_ROUTE_DEL) req_len=16 status=0 (Success) resp_len=0
> route4 del: vrf=main 16.0.0.0/24 origin=bgp via type=L3 id=48 iface=p0 vrf=main origin=zebra family=ipv4 addr=172.16.0.2 state=reachable mac=fe:78:40:7f:f0:3f
2026-08-24 17:34:27,561  INFO: Loading Config object from vtysh show running
ZEBRA: GROUT: grout_add_del_route: del 16.0.0.0/24 origin bgp nh_id 48 vrf 1
ZEBRA: GROUT: grout_client_send_recv: GR_IP4_ROUTE_DEL: success
2026-08-24 17:34:27,568 DEBUG: LINE frr version 10.6.1                                : single-line context
2026-08-24 17:34:27,568 DEBUG: LINE frr defaults traditional                          : single-line context
2026-08-24 17:34:27,568 DEBUG: LINE hostname apanatto-thinkpadt14gen5.rmtit.csb       : single-line context
2026-08-24 17:34:27,569 DEBUG: LINE debug zebra dplane dpdk                           : single-line context
2026-08-24 17:34:27,569 DEBUG: LINE vrf main                                          : enter context vrf main                                          
2026-08-24 17:34:27,569 DEBUG: LINE exit-vrf                                          : exit context vrf main                                          
2026-08-24 17:34:27,569 DEBUG: Running Frr Config (Pass #1)
frr version 10.6.1
frr defaults traditional
hostname apanatto-thinkpadt14gen5.rmtit.csb
!
debug zebra dplane dpdk
!
vrf main
exit-vrf
end
!
end
2026-08-24 17:34:27,569  INFO: "frr version 10.6.1" cannot be removed
2026-08-24 17:34:27,569  INFO: "frr defaults traditional" cannot be removed
2026-08-24 17:34:27,569  INFO: build//frr_install/var/run/frr/reload-JDJ9EE.txt content
['hostname grout\n', 'hostname grout\n']
[399238|mgmtd] sending configuration
[399239|zebra] sending configuration
[399242|ospfd] sending configuration
[399243|ospf6d] sending configuration
[399238|mgmtd] done
ZEBRA: [VTVCM-Y2NW3] Configuration Read in Took: 00:00:00
[399245|bgpd] sending configuration
ZEBRA: [G6NKK-8C6DV] end_config: VTY:0x1ead2840, pending SET-CFG: 0
MGMTD: [VTVCM-Y2NW3] Configuration Read in Took: 00:00:00
MGMTD: [G6NKK-8C6DV] end_config: VTY:0x35df98f0, pending SET-CFG: 0
[399246|isisd] sending configuration
[399239|zebra] done
OSPF: [VTVCM-Y2NW3] Configuration Read in Took: 00:00:00
OSPF: [G6NKK-8C6DV] end_config: VTY:0x26031e00, pending SET-CFG: 0
[399242|ospfd] done
OSPF6: [VTVCM-Y2NW3] Configuration Read in Took: 00:00:00
OSPF6: [G6NKK-8C6DV] end_config: VTY:0x2ab46640, pending SET-CFG: 0
[399243|ospf6d] done
BGP: [VTVCM-Y2NW3] Configuration Read in Took: 00:00:00
BGP: [G6NKK-8C6DV] end_config: VTY:0x1f155b60, pending SET-CFG: 0
[399245|bgpd] done
ISIS: [VTVCM-Y2NW3] Configuration Read in Took: 00:00:00
ISIS: [G6NKK-8C6DV] end_config: VTY:0xff70de0, pending SET-CFG: 0
[399246|isisd] done
[399254|staticd] sending configuration
[399255|bfdd] sending configuration
STATIC: [VTVCM-Y2NW3] Configuration Read in Took: 00:00:00
STATIC: [G6NKK-8C6DV] end_config: VTY:0xa0f9aa0, pending SET-CFG: 0
[399254|staticd] done
Waiting for children to finish applying config...
BFD: [VTVCM-Y2NW3] Configuration Read in Took: 00:00:00
[399259|watchfrr] sending configuration
BFD: [G6NKK-8C6DV] end_config: VTY:0x37c70ec0, pending SET-CFG: 0
[399255|bfdd] done
[399259|watchfrr] done
+ grcli interface del p0
DEBUG: API: accept_conn_cb: new connection fd=26 pid=399264
DEBUG: API: read_cb: pid=399264 id=1 req_type=0xcafe1981 (GR_HELLO) req_len=132 status=0 (Success) resp_len=2
DEBUG: API: api_send: pid=399264 for_id=2 len=316
DEBUG: API: api_send: pid=399264 for_id=2 len=466
DEBUG: API: read_cb: pid=399264 id=2 req_type=0xacdc0004 (GR_IFACE_LIST) req_len=1 status=0 (Success) resp_len=0
DEBUG: API: read_cb: pid=399264 id=3 req_type=0xacdc0003 (GR_IFACE_GET) req_len=18 status=0 (Success) resp_len=466
DEBUG: IFACE: iface_event: iface event [0xacdc1003] PRE_REMOVE triggered for iface p0.
DEBUG: ROUTE: rib4_delete: VRF 1: 172.16.0.2/32
INFO: WORKER: port_unplug: port 0 unplugged
DEBUG: ROUTE: rib4_delete: VRF 1: 172.16.0.0/24
DEBUG: ROUTE: rib6_delete: VRF 1: fe80:2::/64
DEBUG: IFACE: iface_event: iface event [0xacdc1007] STATUS_DOWN triggered for iface p0.
DEBUG: MEMPOOL: gr_pktmbuf_pool_release: release mempool mbuf_-1:0 reserved 512 -> 256 (size 2047)
DEBUG: IFACE: iface_event: iface event [0xacdc1004] REMOVE triggered for iface p0.
DEBUG: MEMPOOL: gr_pktmbuf_pool_release: release mempool mbuf_0:0 reserved 511 -> 0 (size 2047)
DEBUG: MEMPOOL: gr_pktmbuf_pool_release: schedule mempool mbuf_0:0 for deferred free
INFO: PORT: iface_port_fini: port 0 destroyed
DEBUG: API: read_cb: pid=399264 id=4 req_type=0xacdc0002 (GR_IFACE_DEL) req_len=2 status=0 (Success) resp_len=0
DEBUG: API: disconnect_client: client pid=399264 disconnected
> nh del: type=L3 iface=p0 vrf=main origin=zebra family=ipv4 addr=172.16.0.2 state=reachable mac=fe:78:40:7f:f0:3f
> addr4 del: iface=p0 172.16.0.1/24
> route4 del: vrf=main 172.16.0.0/24 origin=link via type=L3 iface=p0 vrf=main origin=INTERNAL family=ipv4 addr=172.16.0.1/24 state=reachable mac=fa:2a:ff:46:d7:2c flags=local link
> addr6 del: iface=p0 fe80::f82a:ffff:fe46:d72c/64
> route6 del: vrf=main fe80:2::/64 origin=link via type=L3 iface=p0 vrf=main origin=INTERNAL family=ipv6 addr=fe80::f82a:ffff:fe46:d72c/64 state=reachable mac=fa:2a:ff:46:d7:2c f
> iface pre del: p0 type=port id=2 mtu=1500
> iface down: p0 type=port id=2 mtu=1500
> iface del: p0 type=port id=2 mtu=1500
ZEBRA: GROUT: dplane_read_notifications: GR_EVENT_IP_ADDR_DEL
ZEBRA: GROUT: grout_interface_addr4_change: del 172.16.0.1/24 iface 2
ZEBRA: GROUT: zebra_read_notifications: GR_EVENT_NEXTHOP_DELETE
ZEBRA: GROUT: grout_nexthop_change: del nh_id 0 origin zebra
ZEBRA: GROUT: grout_neigh_notify: del neigh iface=2 172.16.0.2 fe:78:40:7f:f0:3f
ZEBRA: GROUT: grout_nexthop_change: nexthop without ID, skip
ZEBRA: GROUT: dplane_read_notifications: GR_EVENT_IP6_ADDR_DEL
ZEBRA: GROUT: grout_interface_addr6_change: del fe80::f82a:ffff:fe46:d72c/64 iface 2
ZEBRA: GROUT: dplane_read_notifications: GR_EVENT_IFACE_STATUS_DOWN
ZEBRA: GROUT: grout_link_change: add iface p0
ZEBRA: GROUT: dplane_read_notifications: GR_EVENT_IFACE_REMOVE
ZEBRA: GROUT: grout_link_change: del iface p0
ZEBRA: GROUT: zebra_read_notifications: GR_EVENT_IP_ROUTE_DEL
ZEBRA: GROUT: grout_route4_change: del 172.16.0.0/24 origin link nh_id 0 route_vrf 1 nh_vrf 1
ZEBRA: GROUT: grout_route_change: link route, skip
ZEBRA: GROUT: zebra_read_notifications: GR_EVENT_IP6_ROUTE_DEL
ZEBRA: GROUT: grout_route6_change: del fe80:2::/64 origin link nh_id 0 route_vrf 1 nh_vrf 1
ZEBRA: GROUT: grout_route_change: link route, skip
+ echo 'Teardown complete'
Teardown complete
+ for i in $(seq 1 $iterations)
+ echo '=== Iteration 9/20 ==='
=== Iteration 9/20 ===
+ setup_bgp
+ python3 /home/apanatto/dev/github.com/DPDK/grout/subprojects/frr-frr-10.6.1/tools/frr-reload.py --confdir build//frr_install/etc/frr --bindir build//frr_install/bin --rundir build//frr_install/var/run/frr --reload --debug --stdout /tmp/tmp.kCeOhDfbvG/bgp.conf
ZEBRA: GROUT: grout_add_del_route: del 172.16.0.0/24 origin link nh_id 46 vrf 1
ZEBRA: GROUT: grout_add_del_route: non-frr origin, skip
ZEBRA: GROUT: grout_add_del_route: del 172.16.0.0/24 origin link nh_id 46 vrf 1
ZEBRA: GROUT: grout_add_del_route: non-frr origin, skip
ZEBRA: GROUT: grout_add_del_route: del 172.16.0.1/32 origin link nh_id 46 vrf 1
ZEBRA: GROUT: grout_add_del_route: non-frr origin, skip
ZEBRA: GROUT: grout_add_del_route: del 172.16.0.1/32 origin link nh_id 46 vrf 1
ZEBRA: GROUT: grout_add_del_route: non-frr origin, skip
ZEBRA: GROUT: grout_add_del_route: del fe80::/64 origin link nh_id 45 vrf 1
ZEBRA: GROUT: grout_add_del_route: non-frr origin, skip
ZEBRA: GROUT: grout_add_del_route: del fe80::/64 origin link nh_id 45 vrf 1
ZEBRA: GROUT: grout_add_del_route: non-frr origin, skip
2026-08-24 17:34:27,717  INFO: Called via "Namespace(input=None, reload=True, test=False, debug=True, log_level='info', stdout=True, pathspace=None, filename='/tmp/tmp.kCeOhDfbvG/bgp.conf', overwrite=False, bindir='build//frr_install/bin', confdir='build//frr_install/etc/frr', rundir='build//frr_install/var/run/frr', vty_socket=None, daemon='', test_reset=False, logfmt=False, logfile='/var/log/frr/frr-reload.log')"
2026-08-24 17:34:27,717  INFO: Loading Config object from file /tmp/tmp.kCeOhDfbvG/bgp.conf
2026-08-24 17:34:27,725 DEBUG: LINE hostname grout                                    : single-line context
2026-08-24 17:34:27,725 DEBUG: LINE debug zebra dplane dpdk                           : single-line context
2026-08-24 17:34:27,725 DEBUG: LINE router bgp 64512                                  : enter context router bgp 64512                                  
2026-08-24 17:34:27,725 DEBUG: LINE bgp router-id 172.16.0.1                          : add to current context router bgp 64512                                  
2026-08-24 17:34:27,725 DEBUG: LINE neighbor 172.16.0.2 remote-as 64512               : add to current context router bgp 64512                                  
2026-08-24 17:34:27,725 DEBUG: LINE address-family ipv4 unicast                       : enter context router bgp 64512 address-family ipv4 unicast      
2026-08-24 17:34:27,725 DEBUG: LINE network 172.16.0.0/24                             : add to current context router bgp 64512 address-family ipv4 unicast      
2026-08-24 17:34:27,725 DEBUG: LINE exit-address-family                               : exit context router bgp 64512 address-family ipv4 unicast      
2026-08-24 17:34:27,725 DEBUG: LINE exit                                              : exit context router bgp 64512                                  
2026-08-24 17:34:27,733 DEBUG: New Frr Config
hostname grout
debug zebra dplane dpdk
router bgp 64512
bgp router-id 172.16.0.1
neighbor 172.16.0.2 remote-as 64512
address-family ipv4 unicast
network 172.16.0.0/24
exit-address-family
exit

end

2026-08-24 17:34:27,733  INFO: Loading Config object from vtysh show running
2026-08-24 17:34:27,769 DEBUG: LINE frr version 10.6.1                                : single-line context
2026-08-24 17:34:27,770 DEBUG: LINE frr defaults traditional                          : single-line context
2026-08-24 17:34:27,770 DEBUG: LINE hostname apanatto-thinkpadt14gen5.rmtit.csb       : single-line context
2026-08-24 17:34:27,770 DEBUG: LINE debug zebra dplane dpdk                           : single-line context
2026-08-24 17:34:27,770 DEBUG: LINE vrf main                                          : enter context vrf main                                          
2026-08-24 17:34:27,770 DEBUG: LINE exit-vrf                                          : exit context vrf main                                          
2026-08-24 17:34:27,770 DEBUG: Running Frr Config (Pass #0)
frr version 10.6.1
frr defaults traditional
hostname apanatto-thinkpadt14gen5.rmtit.csb
!
debug zebra dplane dpdk
!
vrf main
exit-vrf
end
!
end
2026-08-24 17:34:27,771  INFO: "frr version 10.6.1" cannot be removed
2026-08-24 17:34:27,771  INFO: "frr defaults traditional" cannot be removed
2026-08-24 17:34:27,800  INFO: Executed "no hostname apanatto-thinkpadt14gen5.rmtit.csb"
2026-08-24 17:34:27,800  INFO: build//frr_install/var/run/frr/reload-1OOKQE.txt content
['hostname grout\n',
 'router bgp 64512\nexit\n',
 'router bgp 64512\n bgp router-id 172.16.0.1\nexit\n',
 'router bgp 64512\n neighbor 172.16.0.2 remote-as 64512\nexit\n',
 'router bgp 64512\n address-family ipv4 unicast\n exit\nexit\n',
 'router bgp 64512\n'
 ' address-family ipv4 unicast\n'
 '  network 172.16.0.0/24 \n'
 ' exit\n'
 'exit\n']
[399283|mgmtd] sending configuration
[399284|zebra] sending configuration
[399287|ospfd] sending configuration
[399288|ospf6d] sending configuration
[399290|bgpd] sending configuration
[399283|mgmtd] done
MGMTD: [VTVCM-Y2NW3] Configuration Read in Took: 00:00:00
MGMTD: [G6NKK-8C6DV] end_config: VTY:0x35dd78c0, pending SET-CFG: 0
[399284|zebra] done
ZEBRA: [VTVCM-Y2NW3] Configuration Read in Took: 00:00:00
ZEBRA: [G6NKK-8C6DV] end_config: VTY:0x1ead2840, pending SET-CFG: 0
[399291|isisd] sending configuration
OSPF: [VTVCM-Y2NW3] Configuration Read in Took: 00:00:00
OSPF: [G6NKK-8C6DV] end_config: VTY:0x26031e00, pending SET-CFG: 0
[399287|ospfd] done
OSPF6: [VTVCM-Y2NW3] Configuration Read in Took: 00:00:00
OSPF6: [G6NKK-8C6DV] end_config: VTY:0x2ab465c0, pending SET-CFG: 0
[399288|ospf6d] done
[399299|staticd] sending configuration
[399300|bfdd] sending configuration
Waiting for children to finish applying config...
[399304|watchfrr] sending configuration
ZEBRA: [WMBNH-V6XN6] Unable to find specified Interface for default
ZEBRA: [WMBNH-V6XN6] Unable to find specified Interface for default
BFD: [VTVCM-Y2NW3] Configuration Read in Took: 00:00:00
BFD: [G6NKK-8C6DV] end_config: VTY:0x37c70ea0, pending SET-CFG: 0
[399300|bfdd] done
[399299|staticd] done
STATIC: [VTVCM-Y2NW3] Configuration Read in Took: 00:00:00
STATIC: [G6NKK-8C6DV] end_config: VTY:0xa0f9aa0, pending SET-CFG: 0
ISIS: [VTVCM-Y2NW3] Configuration Read in Took: 00:00:00
ISIS: [G6NKK-8C6DV] end_config: VTY:0xff70dc0, pending SET-CFG: 0
[399291|isisd] done
[399304|watchfrr] done
BGP: [VTVCM-Y2NW3] Configuration Read in Took: 00:00:00
BGP: [G6NKK-8C6DV] end_config: VTY:0x1f155b60, pending SET-CFG: 0
[399290|bgpd] done
2026-08-24 17:34:27,815  INFO: Loading Config object from vtysh show running
2026-08-24 17:34:27,823 DEBUG: LINE frr version 10.6.1                                : single-line context
2026-08-24 17:34:27,823 DEBUG: LINE frr defaults traditional                          : single-line context
2026-08-24 17:34:27,823 DEBUG: LINE hostname apanatto-thinkpadt14gen5.rmtit.csb       : single-line context
2026-08-24 17:34:27,823 DEBUG: LINE debug zebra dplane dpdk                           : single-line context
2026-08-24 17:34:27,823 DEBUG: LINE vrf main                                          : enter context vrf main                                          
2026-08-24 17:34:27,823 DEBUG: LINE exit-vrf                                          : exit context vrf main                                          
2026-08-24 17:34:27,823 DEBUG: LINE router bgp 64512                                  : enter context router bgp 64512                                  
2026-08-24 17:34:27,823 DEBUG: LINE bgp router-id 172.16.0.1                          : add to current context router bgp 64512                                  
2026-08-24 17:34:27,823 DEBUG: LINE neighbor 172.16.0.2 remote-as 64512               : add to current context router bgp 64512                                  
2026-08-24 17:34:27,823 DEBUG: LINE address-family ipv4 unicast                       : enter context router bgp 64512 address-family ipv4 unicast      
2026-08-24 17:34:27,823 DEBUG: LINE network 172.16.0.0/24                             : add to current context router bgp 64512 address-family ipv4 unicast      
2026-08-24 17:34:27,823 DEBUG: LINE exit-address-family                               : exit context router bgp 64512 address-family ipv4 unicast      
2026-08-24 17:34:27,823 DEBUG: LINE exit                                              : exit context router bgp 64512                                  
2026-08-24 17:34:27,823 DEBUG: Running Frr Config (Pass #1)
frr version 10.6.1
frr defaults traditional
hostname apanatto-thinkpadt14gen5.rmtit.csb
!
debug zebra dplane dpdk
!
vrf main
exit-vrf
end
!
router bgp 64512
bgp router-id 172.16.0.1
neighbor 172.16.0.2 remote-as 64512
!
address-family ipv4 unicast
network 172.16.0.0/24
exit-address-family
exit
!
end
2026-08-24 17:34:27,824  INFO: "frr version 10.6.1" cannot be removed
2026-08-24 17:34:27,824  INFO: "frr defaults traditional" cannot be removed
2026-08-24 17:34:27,824  INFO: build//frr_install/var/run/frr/reload-FHLDVK.txt content
['hostname grout\n',
 'hostname grout\n',
 'router bgp 64512\nexit\n',
 'router bgp 64512\n bgp router-id 172.16.0.1\nexit\n',
 'router bgp 64512\n neighbor 172.16.0.2 remote-as 64512\nexit\n',
 'router bgp 64512\n address-family ipv4 unicast\n exit\nexit\n',
 'router bgp 64512\n'
 ' address-family ipv4 unicast\n'
 '  network 172.16.0.0/24 \n'
 ' exit\n'
 'exit\n']
[399308|mgmtd] sending configuration
[399309|zebra] sending configuration
[399312|ospfd] sending configuration
[399313|ospf6d] sending configuration
[399315|bgpd] sending configuration
[399316|isisd] sending configuration
ZEBRA: [VTVCM-Y2NW3] Configuration Read in Took: 00:00:00
ZEBRA: [G6NKK-8C6DV] end_config: VTY:0x1ead2840, pending SET-CFG: 0
MGMTD: [VTVCM-Y2NW3] Configuration Read in Took: 00:00:00
[399308|mgmtd] done
MGMTD: [G6NKK-8C6DV] end_config: VTY:0x35dd78c0, pending SET-CFG: 0
OSPF: [VTVCM-Y2NW3] Configuration Read in Took: 00:00:00
OSPF: [G6NKK-8C6DV] end_config: VTY:0x26031e00, pending SET-CFG: 0
OSPF6: [VTVCM-Y2NW3] Configuration Read in Took: 00:00:00
[399309|zebra] done
OSPF6: [G6NKK-8C6DV] end_config: VTY:0x2ab395a0, pending SET-CFG: 0
[399312|ospfd] done
[399324|staticd] sending configuration
ISIS: [VTVCM-Y2NW3] Configuration Read in Took: 00:00:00
ISIS: [G6NKK-8C6DV] end_config: VTY:0xff70dc0, pending SET-CFG: 0
[399325|bfdd] sending configuration
[399316|isisd] done
Waiting for children to finish applying config...
[399329|watchfrr] sending configuration
[399313|ospf6d] done
STATIC: [VTVCM-Y2NW3] Configuration Read in Took: 00:00:00
[399324|staticd] done
STATIC: [G6NKK-8C6DV] end_config: VTY:0xa0f9aa0, pending SET-CFG: 0
BFD: [VTVCM-Y2NW3] Configuration Read in Took: 00:00:00
BFD: [G6NKK-8C6DV] end_config: VTY:0x37c70ea0, pending SET-CFG: 0
[399325|bfdd] done
BGP: [VTVCM-Y2NW3] Configuration Read in Took: 00:00:00
BGP: [G6NKK-8C6DV] end_config: VTY:0x1f18bd00, pending SET-CFG: 0
[399315|bgpd] done
[399329|watchfrr] done
+ grcli interface add port p0 devargs net_tap0,remote=veth0
DEBUG: API: accept_conn_cb: new connection fd=26 pid=399332
DEBUG: API: read_cb: pid=399332 id=1 req_type=0xcafe1981 (GR_HELLO) req_len=132 status=0 (Success) resp_len=2
ERR: TAP: tap_nl_dump_ext_ack(): Cannot delete qdisc with handle of zero
DEBUG: MEMPOOL: gr_pktmbuf_pool_get: allocate mempool mbuf_0:1 reserved 511 (size 2047, mbuf_size 2048)
INFO: WORKER: port_plug: port 0 plugged
DEBUG: GRAPH: worker_graph_new: [CPU 6] <- port=0 rxq=0 burst_size=64
DEBUG: GRAPH: worker_graph_new: [CPU 6] -> port 0 txq 0
DEBUG: IFACE: iface_event: iface event [0xacdc1008] MAC_CHANGE triggered for iface p0.
DEBUG: MEMPOOL: gr_pktmbuf_pool_get: reuse mempool mbuf_-1:0 reserved 256 -> 512 (size 2047, mbuf_size 2048)
DEBUG: IFACE: iface_event: iface event [0xacdc1001] ADD triggered for iface p0.
DEBUG: IFACE: iface_event: iface event [0xacdc1002] POST_ADD triggered for iface p0.
INFO: ADDRESS: mcast6_addr_add: p0: joining multicast group ff02::1:ff46:d72c
INFO: ADDRESS: mcast6_addr_add: p0: joining multicast group ff01::1
INFO: ADDRESS: mcast6_addr_add: p0: joining multicast group ff02::1
INFO: ADDRESS: mcast6_addr_add: p0: joining multicast group ff01::2
INFO: ADDRESS: mcast6_addr_add: p0: joining multicast group ff02::2
INFO: ADDRESS: mcast6_addr_add: p0: joining multicast group ff05::2
INFO: ADDRESS: mcast6_addr_add: p0: joining multicast group ff02::5
INFO: ADDRESS: mcast6_addr_add: p0: joining multicast group ff02::6
INFO: ADDRESS: mcast6_addr_add: p0: joining multicast group ff02::8
INFO: ADDRESS: mcast6_addr_add: p0: joining multicast group ff02::16
DEBUG: API: read_cb: pid=399332 id=2 req_type=0xacdc0001 (GR_IFACE_ADD) req_len=466 status=0 (Success) resp_len=2
Created interface 2
DEBUG: API: disconnect_client: client pid=399332 disconnected
> iface mac change: p0 type=port id=2 mtu=0
> iface add: p0 type=port id=2 mtu=0
> route6 add: vrf=main fe80::f82a:ffff:fe46:d72c/64 origin=link via type=L3 iface=p0 vrf=main origin=INTERNAL family=ipv6 addr=fe80::f82a:ffff:fe46:d72c/64 state=reachable mac=fa:2a:ff:46:d7:2c f
> addr6 add: iface=p0 fe80::f82a:ffff:fe46:d72c/64
> iface post add: p0 type=port id=2 mtu=0
ZEBRA: GROUT: zebra_read_notifications: GR_EVENT_IP6_ROUTE_ADD
ZEBRA: GROUT: grout_route6_change: add fe80::f82a:ffff:fe46:d72c/64 origin link nh_id 0 route_vrf 1 nh_vrf 1
ZEBRA: GROUT: grout_route_change: link route, skip
ZEBRA: GROUT: dplane_read_notifications: GR_EVENT_IFACE_MAC_CHANGE
ZEBRA: GROUT: grout_link_change: add iface p0
ZEBRA: GROUT: dplane_read_notifications: GR_EVENT_IFACE_ADD
ZEBRA: GROUT: grout_link_change: add iface p0
ZEBRA: GROUT: dplane_read_notifications: GR_EVENT_IP6_ADDR_ADD
ZEBRA: GROUT: grout_interface_addr6_change: add fe80::f82a:ffff:fe46:d72c/64 iface 2
NOTICE: TRACE: [rx p0] fa:2a:ff:46:d7:2c > 33:33:00:00:00:16 / IPv6 :: > ff02::16 ttl=1 proto=HOPOPT(0) / ICMPv6 type=143 code=0, (pkt_len=90)
NOTICE: TRACE: [drop icmp6_input_unsupported] 1 packets
+ grcli address add 172.16.0.1/24 iface p0
DEBUG: API: accept_conn_cb: new connection fd=26 pid=399333
DEBUG: API: read_cb: pid=399333 id=1 req_type=0xcafe1981 (GR_HELLO) req_len=132 status=0 (Success) resp_len=2
DEBUG: API: api_send: pid=399333 for_id=2 len=316
DEBUG: API: api_send: pid=399333 for_id=2 len=466
DEBUG: API: read_cb: pid=399333 id=2 req_type=0xacdc0004 (GR_IFACE_LIST) req_len=1 status=0 (Success) resp_len=0
DEBUG: API: read_cb: pid=399333 id=3 req_type=0xacdc0003 (GR_IFACE_GET) req_len=18 status=0 (Success) resp_len=466
DEBUG: API: read_cb: pid=399333 id=4 req_type=0xf00d0005 (GR_IP4_ADDR_ADD) req_len=16 status=0 (Success) resp_len=0
DEBUG: API: disconnect_client: client pid=399333 disconnected
> route4 add: vrf=main 172.16.0.1/24 origin=link via type=L3 iface=p0 vrf=main origin=INTERNAL family=ipv4 addr=172.16.0.1/24 state=reachable mac=fa:2a:ff:46:d7:2c flags=local link
> addr4 add: iface=p0 172.16.0.1/24
ZEBRA: GROUT: zebra_read_notifications: GR_EVENT_IP_ROUTE_ADD
ZEBRA: GROUT: grout_route4_change: add 172.16.0.1/24 origin link nh_id 0 route_vrf 1 nh_vrf 1
ZEBRA: GROUT: grout_route_change: link route, skip
ZEBRA: GROUT: dplane_read_notifications: GR_EVENT_IP_ADDR_ADD
ZEBRA: GROUT: grout_interface_addr4_change: add 172.16.0.1/24 iface 2
+ sleep 3
NOTICE: TRACE: [rx p0] fa:2a:ff:46:d7:2c > 33:33:00:00:00:16 / IPv6 :: > ff02::16 ttl=1 proto=HOPOPT(0) / ICMPv6 type=143 code=0, (pkt_len=90)
NOTICE: TRACE: [drop icmp6_input_unsupported] 1 packets
DEBUG: MEMPOOL: pending_free_cb: deferred free mempool mbuf_0:0 after 790 ms
INFO: PORT: link_event_cb: p0: link status up
DEBUG: IFACE: iface_event: iface event [0xacdc1006] STATUS_UP triggered for iface p0.
NOTICE: TRACE: [tx p0] fa:2a:ff:46:d7:2c > ff:ff:ff:ff:ff:ff / ARP announce 172.16.0.1 is at fa:2a:ff:46:d7:2c, (pkt_len=42)
> iface up: p0 type=port id=2 mtu=1500
NOTICE: TRACE: [tx p0] fa:2a:ff:46:d7:2c > 33:33:00:00:00:01 / IPv6 fe80::f82a:ffff:fe46:d72c > ff02::1 ttl=255 proto=ICMPv6(58) / ICMPv6 neigh advert fe80::f82a:ffff:fe46:d72c is at (solicited=0) / Option target_lladdr=fa:2a:ff:46:d7:2c, (pkt_len=86)
ZEBRA: GROUT: dplane_read_notifications: GR_EVENT_IFACE_STATUS_UP
ZEBRA: GROUT: grout_link_change: add iface p0
ZEBRA: GROUT: grout_add_del_route: add fe80::/64 origin link nh_id 51 vrf 1
ZEBRA: GROUT: grout_add_del_route: non-frr origin, skip
ZEBRA: GROUT: grout_add_del_route: add fe80::/64 origin link nh_id 51 vrf 1
ZEBRA: GROUT: grout_add_del_route: non-frr origin, skip
ZEBRA: GROUT: grout_add_del_route: add 172.16.0.0/24 origin link nh_id 52 vrf 1
ZEBRA: GROUT: grout_add_del_route: non-frr origin, skip
ZEBRA: GROUT: grout_add_del_route: add 172.16.0.0/24 origin link nh_id 52 vrf 1
ZEBRA: GROUT: grout_add_del_route: non-frr origin, skip
ZEBRA: GROUT: grout_add_del_route: add 172.16.0.1/32 origin link nh_id 52 vrf 1
ZEBRA: GROUT: grout_add_del_route: non-frr origin, skip
ZEBRA: GROUT: grout_add_del_route: add 172.16.0.1/32 origin link nh_id 52 vrf 1
ZEBRA: GROUT: grout_add_del_route: non-frr origin, skip
NOTICE: TRACE: [rx p0] fe:78:40:7f:f0:3f > fa:2a:ff:46:d7:2c / IP 172.16.0.2 > 172.16.0.1 ttl=255 proto=TCP(6) / TCP 46058 > 179 flags=S, (pkt_len=74)
NOTICE: TRACE: [cp tx p0] fa:2a:ff:46:d7:2c > fa:2a:ff:46:d7:2c / IP 172.16.0.2 > 172.16.0.1 ttl=255 proto=TCP(6) / TCP 46058 > 179 flags=S, (pkt_len=74)
NOTICE: TRACE: [tx p0] fa:2a:ff:46:d7:2c > ff:ff:ff:ff:ff:ff / ARP request who has 172.16.0.2? tell 172.16.0.1, (pkt_len=42)
> nh new: type=L3 iface=p0 vrf=main origin=learn family=ipv4 addr=172.16.0.2 state=new flags=neigh
NOTICE: TRACE: [rx p0] fe:78:40:7f:f0:3f > fa:2a:ff:46:d7:2c / ARP reply 172.16.0.2 is at fe:78:40:7f:f0:3f, (pkt_len=42)
ZEBRA: GROUT: zebra_read_notifications: GR_EVENT_NEXTHOP_NEW
ZEBRA: GROUT: grout_nexthop_change: add nh_id 0 origin learn
ZEBRA: GROUT: grout_nexthop_change: dynamic neighbor learn, skip
> nh update: type=L3 iface=p0 vrf=main origin=learn family=ipv4 addr=172.16.0.2 state=reachable mac=fe:78:40:7f:f0:3f flags=neigh
NOTICE: TRACE: [tx p0] fa:2a:ff:46:d7:2c > fe:78:40:7f:f0:3f / IP 172.16.0.1 > 172.16.0.2 ttl=255 proto=TCP(6) / TCP 179 > 46058 flags=SA, (pkt_len=74)
ZEBRA: GROUT: zebra_read_notifications: GR_EVENT_NEXTHOP_UPDATE
ZEBRA: GROUT: grout_nexthop_change: add nh_id 0 origin learn
ZEBRA: GROUT: grout_neigh_notify: add neigh iface=2 172.16.0.2 fe:78:40:7f:f0:3f
ZEBRA: GROUT: grout_nexthop_change: dynamic neighbor learn, skip
NOTICE: TRACE: [rx p0] fe:78:40:7f:f0:3f > fa:2a:ff:46:d7:2c / IP 172.16.0.2 > 172.16.0.1 ttl=255 proto=TCP(6) / TCP 46058 > 179 flags=A, (pkt_len=66)
NOTICE: TRACE: [cp tx p0] fa:2a:ff:46:d7:2c > fa:2a:ff:46:d7:2c / IP 172.16.0.2 > 172.16.0.1 ttl=255 proto=TCP(6) / TCP 46058 > 179 flags=A, (pkt_len=66)
NOTICE: TRACE: [rx p0] fe:78:40:7f:f0:3f > fa:2a:ff:46:d7:2c / IP 172.16.0.2 > 172.16.0.1 ttl=255 proto=TCP(6) / TCP 46058 > 179 flags=PA, (pkt_len=197)
NOTICE: TRACE: [cp tx p0] fa:2a:ff:46:d7:2c > fa:2a:ff:46:d7:2c / IP 172.16.0.2 > 172.16.0.1 ttl=255 proto=TCP(6) / TCP 46058 > 179 flags=PA, (pkt_len=197)
NOTICE: TRACE: [tx p0] fa:2a:ff:46:d7:2c > fe:78:40:7f:f0:3f / IP 172.16.0.1 > 172.16.0.2 ttl=255 proto=TCP(6) / TCP 179 > 46058 flags=A, (pkt_len=66)
NOTICE: TRACE: [tx p0] fa:2a:ff:46:d7:2c > fe:78:40:7f:f0:3f / IP 172.16.0.1 > 172.16.0.2 ttl=255 proto=TCP(6) / TCP 179 > 46058 flags=RA, (pkt_len=66)
[bgp-peer] BGP: [H4B4J-DCW2R][EC 33554455] 172.16.0.1 [Error] bgp_read_packet error: Connection reset by peer
NOTICE: TRACE: [tx p0] fa:2a:ff:46:d7:2c > fe:78:40:7f:f0:3f / IP 172.16.0.1 > 172.16.0.2 ttl=255 proto=TCP(6) / TCP 52510 > 179 flags=S, (pkt_len=74)
NOTICE: TRACE: [rx p0] fe:78:40:7f:f0:3f > fa:2a:ff:46:d7:2c / IP 172.16.0.2 > 172.16.0.1 ttl=255 proto=TCP(6) / TCP 179 > 52510 flags=SA, (pkt_len=74)
NOTICE: TRACE: [cp tx p0] fa:2a:ff:46:d7:2c > fa:2a:ff:46:d7:2c / IP 172.16.0.2 > 172.16.0.1 ttl=255 proto=TCP(6) / TCP 179 > 52510 flags=SA, (pkt_len=74)
NOTICE: TRACE: [tx p0] fa:2a:ff:46:d7:2c > fe:78:40:7f:f0:3f / IP 172.16.0.1 > 172.16.0.2 ttl=255 proto=TCP(6) / TCP 52510 > 179 flags=A, (pkt_len=66)
NOTICE: TRACE: [tx p0] fa:2a:ff:46:d7:2c > fe:78:40:7f:f0:3f / IP 172.16.0.1 > 172.16.0.2 ttl=255 proto=TCP(6) / TCP 52510 > 179 flags=PA, (pkt_len=197)
NOTICE: TRACE: [rx p0] fe:78:40:7f:f0:3f > fa:2a:ff:46:d7:2c / IP 172.16.0.2 > 172.16.0.1 ttl=255 proto=TCP(6) / TCP 179 > 52510 flags=A, (pkt_len=66)
NOTICE: TRACE: [cp tx p0] fa:2a:ff:46:d7:2c > fa:2a:ff:46:d7:2c / IP 172.16.0.2 > 172.16.0.1 ttl=255 proto=TCP(6) / TCP 179 > 52510 flags=A, (pkt_len=66)
NOTICE: TRACE: [rx p0] fe:78:40:7f:f0:3f > fa:2a:ff:46:d7:2c / IP 172.16.0.2 > 172.16.0.1 ttl=255 proto=TCP(6) / TCP 179 > 52510 flags=PA, (pkt_len=197)
NOTICE: TRACE: [cp tx p0] fa:2a:ff:46:d7:2c > fa:2a:ff:46:d7:2c / IP 172.16.0.2 > 172.16.0.1 ttl=255 proto=TCP(6) / TCP 179 > 52510 flags=PA, (pkt_len=197)
NOTICE: TRACE: [tx p0] fa:2a:ff:46:d7:2c > fe:78:40:7f:f0:3f / IP 172.16.0.1 > 172.16.0.2 ttl=255 proto=TCP(6) / TCP 52510 > 179 flags=A, (pkt_len=66)
NOTICE: TRACE: [tx p0] fa:2a:ff:46:d7:2c > fe:78:40:7f:f0:3f / IP 172.16.0.1 > 172.16.0.2 ttl=255 proto=TCP(6) / TCP 52510 > 179 flags=PA, (pkt_len=85)
NOTICE: TRACE: [rx p0] fe:78:40:7f:f0:3f > fa:2a:ff:46:d7:2c / IP 172.16.0.2 > 172.16.0.1 ttl=255 proto=TCP(6) / TCP 179 > 52510 flags=PA, (pkt_len=85)
NOTICE: TRACE: [cp tx p0] fa:2a:ff:46:d7:2c > fa:2a:ff:46:d7:2c / IP 172.16.0.2 > 172.16.0.1 ttl=255 proto=TCP(6) / TCP 179 > 52510 flags=PA, (pkt_len=85)
NOTICE: TRACE: [tx p0] fa:2a:ff:46:d7:2c > fe:78:40:7f:f0:3f / IP 172.16.0.1 > 172.16.0.2 ttl=255 proto=TCP(6) / TCP 52510 > 179 flags=A, (pkt_len=66)
NOTICE: TRACE: [tx p0] fa:2a:ff:46:d7:2c > fe:78:40:7f:f0:3f / IP 172.16.0.1 > 172.16.0.2 ttl=255 proto=TCP(6) / TCP 52510 > 179 flags=PA, (pkt_len=145)
[bgp-peer] BGP: [M59KS-A3ZXZ] bgp_update_receive_eor: rcvd End-of-RIB for IPv4 Unicast from 172.16.0.1 in vrf default
NOTICE: TRACE: [rx p0] fe:78:40:7f:f0:3f > fa:2a:ff:46:d7:2c / IP 172.16.0.2 > 172.16.0.1 ttl=255 proto=TCP(6) / TCP 179 > 52510 flags=A, (pkt_len=66)
NOTICE: TRACE: [cp tx p0] fa:2a:ff:46:d7:2c > fa:2a:ff:46:d7:2c / IP 172.16.0.2 > 172.16.0.1 ttl=255 proto=TCP(6) / TCP 179 > 52510 flags=A, (pkt_len=66)
NOTICE: TRACE: [rx p0] fe:78:40:7f:f0:3f > fa:2a:ff:46:d7:2c / IP 172.16.0.2 > 172.16.0.1 ttl=255 proto=TCP(6) / TCP 179 > 52510 flags=PA, (pkt_len=149)
NOTICE: TRACE: [cp tx p0] fa:2a:ff:46:d7:2c > fa:2a:ff:46:d7:2c / IP 172.16.0.2 > 172.16.0.1 ttl=255 proto=TCP(6) / TCP 179 > 52510 flags=PA, (pkt_len=149)
NOTICE: TRACE: [tx p0] fa:2a:ff:46:d7:2c > fe:78:40:7f:f0:3f / IP 172.16.0.1 > 172.16.0.2 ttl=255 proto=TCP(6) / TCP 52510 > 179 flags=A, (pkt_len=66)
BGP: [M59KS-A3ZXZ] bgp_update_receive_eor: rcvd End-of-RIB for IPv4 Unicast from 172.16.0.2 in vrf default
DEBUG: API: read_cb: pid=397682 id=57 req_type=0xacdc2003 (GR_NH_ADD) req_len=44 status=0 (Success) resp_len=0
DEBUG: API: read_cb: pid=397682 id=58 req_type=0xf00d0001 (GR_IP4_ROUTE_ADD) req_len=24 status=0 (Success) resp_len=0
> nh update: type=L3 id=54 iface=p0 vrf=main origin=zebra family=ipv4 addr=172.16.0.2 state=reachable mac=fe:78:40:7f:f0:3f
> route4 add: vrf=main 16.0.0.0/24 origin=bgp via type=L3 id=54 iface=p0 vrf=main origin=zebra family=ipv4 addr=172.16.0.2 state=reachable mac=fe:78:40:7f:f0:3f
ZEBRA: GROUT: grout_add_del_nexthop: add nh_id 54 origin zebra
ZEBRA: GROUT: grout_add_nexthop: nh_id 54 type L3
ZEBRA: GROUT: grout_client_send_recv: GR_NH_ADD: success
ZEBRA: GROUT: grout_add_del_route: add 16.0.0.0/24 origin bgp nh_id 54 vrf 1
ZEBRA: GROUT: grout_client_send_recv: GR_IP4_ROUTE_ADD: success
+ wait_bgp_established 30
+ local timeout=30
+ local elapsed=0
+ '[' 0 -lt 30 ']'
+ vtysh -c 'show bgp summary json'
+ jq -e '.ipv4Unicast.peers."172.16.0.2".state == "Established"'
+ return 0
+ teardown_bgp
+ python3 /home/apanatto/dev/github.com/DPDK/grout/subprojects/frr-frr-10.6.1/tools/frr-reload.py --confdir build//frr_install/etc/frr --bindir build//frr_install/bin --rundir build//frr_install/var/run/frr --reload --debug --stdout /tmp/tmp.kCeOhDfbvG/base.conf
2026-08-24 17:34:30,958  INFO: Called via "Namespace(input=None, reload=True, test=False, debug=True, log_level='info', stdout=True, pathspace=None, filename='/tmp/tmp.kCeOhDfbvG/base.conf', overwrite=False, bindir='build//frr_install/bin', confdir='build//frr_install/etc/frr', rundir='build//frr_install/var/run/frr', vty_socket=None, daemon='', test_reset=False, logfmt=False, logfile='/var/log/frr/frr-reload.log')"
2026-08-24 17:34:30,958  INFO: Loading Config object from file /tmp/tmp.kCeOhDfbvG/base.conf
2026-08-24 17:34:30,966 DEBUG: LINE hostname grout                                    : single-line context
2026-08-24 17:34:30,966 DEBUG: LINE debug zebra dplane dpdk                           : single-line context
2026-08-24 17:34:30,973 DEBUG: New Frr Config
hostname grout
debug zebra dplane dpdk

end

2026-08-24 17:34:30,973  INFO: Loading Config object from vtysh show running
2026-08-24 17:34:30,984 DEBUG: LINE frr version 10.6.1                                : single-line context
2026-08-24 17:34:30,984 DEBUG: LINE frr defaults traditional                          : single-line context
2026-08-24 17:34:30,984 DEBUG: LINE hostname apanatto-thinkpadt14gen5.rmtit.csb       : single-line context
2026-08-24 17:34:30,984 DEBUG: LINE debug zebra dplane dpdk                           : single-line context
2026-08-24 17:34:30,984 DEBUG: LINE vrf main                                          : enter context vrf main                                          
2026-08-24 17:34:30,984 DEBUG: LINE exit-vrf                                          : exit context vrf main                                          
2026-08-24 17:34:30,984 DEBUG: LINE router bgp 64512                                  : enter context router bgp 64512                                  
2026-08-24 17:34:30,984 DEBUG: LINE bgp router-id 172.16.0.1                          : add to current context router bgp 64512                                  
2026-08-24 17:34:30,984 DEBUG: LINE neighbor 172.16.0.2 remote-as 64512               : add to current context router bgp 64512                                  
2026-08-24 17:34:30,984 DEBUG: LINE address-family ipv4 unicast                       : enter context router bgp 64512 address-family ipv4 unicast      
2026-08-24 17:34:30,984 DEBUG: LINE network 172.16.0.0/24                             : add to current context router bgp 64512 address-family ipv4 unicast      
2026-08-24 17:34:30,984 DEBUG: LINE exit-address-family                               : exit context router bgp 64512 address-family ipv4 unicast      
2026-08-24 17:34:30,984 DEBUG: LINE exit                                              : exit context router bgp 64512                                  
2026-08-24 17:34:30,984 DEBUG: Running Frr Config (Pass #0)
frr version 10.6.1
frr defaults traditional
hostname apanatto-thinkpadt14gen5.rmtit.csb
!
debug zebra dplane dpdk
!
vrf main
exit-vrf
end
!
router bgp 64512
bgp router-id 172.16.0.1
neighbor 172.16.0.2 remote-as 64512
!
address-family ipv4 unicast
network 172.16.0.0/24
exit-address-family
exit
!
end
2026-08-24 17:34:30,985  INFO: "frr version 10.6.1" cannot be removed
2026-08-24 17:34:30,985  INFO: "frr defaults traditional" cannot be removed
2026-08-24 17:34:30,992  INFO: Executed "no hostname apanatto-thinkpadt14gen5.rmtit.csb"
ZEBRA: [WMBNH-V6XN6] Unable to find specified Interface for default
NOTICE: TRACE: [tx p0] fa:2a:ff:46:d7:2c > fe:78:40:7f:f0:3f / IP 172.16.0.1 > 172.16.0.2 ttl=255 proto=TCP(6) / TCP 52510 > 179 flags=FA, (pkt_len=66)
ZEBRA: [WMBNH-V6XN6] Unable to find specified Interface for default
NOTICE: TRACE: [rx p0] fe:78:40:7f:f0:3f > fa:2a:ff:46:d7:2c / IP 172.16.0.2 > 172.16.0.1 ttl=255 proto=TCP(6) / TCP 179 > 52510 flags=FA, (pkt_len=66)
NOTICE: TRACE: [cp tx p0] fa:2a:ff:46:d7:2c > fa:2a:ff:46:d7:2c / IP 172.16.0.2 > 172.16.0.1 ttl=255 proto=TCP(6) / TCP 179 > 52510 flags=FA, (pkt_len=66)
NOTICE: TRACE: [tx p0] fa:2a:ff:46:d7:2c > fe:78:40:7f:f0:3f / IP 172.16.0.1 > 172.16.0.2 ttl=255 proto=TCP(6) / TCP 52510 > 179 flags=A, (pkt_len=66)
2026-08-24 17:34:31,001  INFO: Executed "no router bgp 64512"
2026-08-24 17:34:31,001  INFO: build//frr_install/var/run/frr/reload-9J8KL8.txt content
['hostname grout\n']
[399419|mgmtd] sending configuration
[399420|zebra] sending configuration
[399423|ospfd] sending configuration
[399424|ospf6d] sending configuration
[399426|bgpd] sending configuration
[399427|isisd] sending configuration
[399419|mgmtd] done
MGMTD: [VTVCM-Y2NW3] Configuration Read in Took: 00:00:00
MGMTD: [G6NKK-8C6DV] end_config: VTY:0x35dd78c0, pending SET-CFG: 0
ZEBRA: [VTVCM-Y2NW3] Configuration Read in Took: 00:00:00
ZEBRA: [G6NKK-8C6DV] end_config: VTY:0x1ead2840, pending SET-CFG: 0
OSPF: [VTVCM-Y2NW3] Configuration Read in Took: 00:00:00
[399423|ospfd] done
OSPF: [G6NKK-8C6DV] end_config: VTY:0x26031e00, pending SET-CFG: 0
[399424|ospf6d] done
OSPF6: [VTVCM-Y2NW3] Configuration Read in Took: 00:00:00
OSPF6: [G6NKK-8C6DV] end_config: VTY:0x2ab465a0, pending SET-CFG: 0
BGP: [VTVCM-Y2NW3] Configuration Read in Took: 00:00:00
BGP: [G6NKK-8C6DV] end_config: VTY:0x1f18bd00, pending SET-CFG: 0
[399420|zebra] done
[399426|bgpd] done
[399427|isisd] done
ISIS: [VTVCM-Y2NW3] Configuration Read in Took: 00:00:00
ISIS: [G6NKK-8C6DV] end_config: VTY:0xff70de0, pending SET-CFG: 0
[399435|staticd] sending configuration
[399436|bfdd] sending configuration
Waiting for children to finish applying config...
[399440|watchfrr] sending configuration
STATIC: [VTVCM-Y2NW3] Configuration Read in Took: 00:00:00
STATIC: [G6NKK-8C6DV] end_config: VTY:0xa0f9aa0, pending SET-CFG: 0
BFD: [VTVCM-Y2NW3] Configuration Read in Took: 00:00:00
[399436|bfdd] done
[399435|staticd] done
BFD: [G6NKK-8C6DV] end_config: VTY:0x37c70ec0, pending SET-CFG: 0
[399440|watchfrr] done
DEBUG: ROUTE: rib4_delete: VRF 1: 16.0.0.0/24
DEBUG: API: read_cb: pid=397682 id=59 req_type=0xf00d0002 (GR_IP4_ROUTE_DEL) req_len=16 status=0 (Success) resp_len=0
> route4 del: vrf=main 16.0.0.0/24 origin=bgp via type=L3 id=54 iface=p0 vrf=main origin=zebra family=ipv4 addr=172.16.0.2 state=reachable mac=fe:78:40:7f:f0:3f
2026-08-24 17:34:31,010  INFO: Loading Config object from vtysh show running
ZEBRA: GROUT: grout_add_del_route: del 16.0.0.0/24 origin bgp nh_id 54 vrf 1
ZEBRA: GROUT: grout_client_send_recv: GR_IP4_ROUTE_DEL: success
2026-08-24 17:34:31,018 DEBUG: LINE frr version 10.6.1                                : single-line context
2026-08-24 17:34:31,018 DEBUG: LINE frr defaults traditional                          : single-line context
2026-08-24 17:34:31,018 DEBUG: LINE hostname apanatto-thinkpadt14gen5.rmtit.csb       : single-line context
2026-08-24 17:34:31,018 DEBUG: LINE debug zebra dplane dpdk                           : single-line context
2026-08-24 17:34:31,018 DEBUG: LINE vrf main                                          : enter context vrf main                                          
2026-08-24 17:34:31,018 DEBUG: LINE exit-vrf                                          : exit context vrf main                                          
2026-08-24 17:34:31,018 DEBUG: Running Frr Config (Pass #1)
frr version 10.6.1
frr defaults traditional
hostname apanatto-thinkpadt14gen5.rmtit.csb
!
debug zebra dplane dpdk
!
vrf main
exit-vrf
end
!
end
2026-08-24 17:34:31,018  INFO: "frr version 10.6.1" cannot be removed
2026-08-24 17:34:31,018  INFO: "frr defaults traditional" cannot be removed
2026-08-24 17:34:31,018  INFO: build//frr_install/var/run/frr/reload-75A837.txt content
['hostname grout\n', 'hostname grout\n']
[399444|mgmtd] sending configuration
[399445|zebra] sending configuration
[399448|ospfd] sending configuration
[399449|ospf6d] sending configuration
ZEBRA: [VTVCM-Y2NW3] Configuration Read in Took: 00:00:00
[399445|zebra] done
ZEBRA: [G6NKK-8C6DV] end_config: VTY:0x1ead2840, pending SET-CFG: 0
[399451|bgpd] sending configuration
[399452|isisd] sending configuration
OSPF: [VTVCM-Y2NW3] Configuration Read in Took: 00:00:00
OSPF: [G6NKK-8C6DV] end_config: VTY:0x26031e00, pending SET-CFG: 0
[399448|ospfd] done
OSPF6: [VTVCM-Y2NW3] Configuration Read in Took: 00:00:00
[399449|ospf6d] done
OSPF6: [G6NKK-8C6DV] end_config: VTY:0x2ab465a0, pending SET-CFG: 0
BGP: [VTVCM-Y2NW3] Configuration Read in Took: 00:00:00
BGP: [G6NKK-8C6DV] end_config: VTY:0x1f155b60, pending SET-CFG: 0
[399451|bgpd] done
ISIS: [VTVCM-Y2NW3] Configuration Read in Took: 00:00:00
[399452|isisd] done
ISIS: [G6NKK-8C6DV] end_config: VTY:0xff70de0, pending SET-CFG: 0
[399460|staticd] sending configuration
[399461|bfdd] sending configuration
STATIC: [VTVCM-Y2NW3] Configuration Read in Took: 00:00:00
Waiting for children to finish applying config...
[399460|staticd] done
STATIC: [G6NKK-8C6DV] end_config: VTY:0xa0f9aa0, pending SET-CFG: 0
MGMTD: [VTVCM-Y2NW3] Configuration Read in Took: 00:00:00
[399444|mgmtd] done
[399465|watchfrr] sending configuration
MGMTD: [G6NKK-8C6DV] end_config: VTY:0x35dd78c0, pending SET-CFG: 0
BFD: [VTVCM-Y2NW3] Configuration Read in Took: 00:00:00
BFD: [G6NKK-8C6DV] end_config: VTY:0x37c70ec0, pending SET-CFG: 0
[399461|bfdd] done
[399465|watchfrr] done
+ grcli interface del p0
DEBUG: API: accept_conn_cb: new connection fd=26 pid=399470
DEBUG: API: read_cb: pid=399470 id=1 req_type=0xcafe1981 (GR_HELLO) req_len=132 status=0 (Success) resp_len=2
DEBUG: API: api_send: pid=399470 for_id=2 len=316
DEBUG: API: api_send: pid=399470 for_id=2 len=466
DEBUG: API: read_cb: pid=399470 id=2 req_type=0xacdc0004 (GR_IFACE_LIST) req_len=1 status=0 (Success) resp_len=0
DEBUG: API: read_cb: pid=399470 id=3 req_type=0xacdc0003 (GR_IFACE_GET) req_len=18 status=0 (Success) resp_len=466
DEBUG: IFACE: iface_event: iface event [0xacdc1003] PRE_REMOVE triggered for iface p0.
DEBUG: ROUTE: rib4_delete: VRF 1: 172.16.0.2/32
INFO: WORKER: port_unplug: port 0 unplugged
DEBUG: ROUTE: rib4_delete: VRF 1: 172.16.0.0/24
DEBUG: ROUTE: rib6_delete: VRF 1: fe80:2::/64
DEBUG: IFACE: iface_event: iface event [0xacdc1007] STATUS_DOWN triggered for iface p0.
DEBUG: MEMPOOL: gr_pktmbuf_pool_release: release mempool mbuf_-1:0 reserved 512 -> 256 (size 2047)
DEBUG: IFACE: iface_event: iface event [0xacdc1004] REMOVE triggered for iface p0.
DEBUG: MEMPOOL: gr_pktmbuf_pool_release: release mempool mbuf_0:1 reserved 511 -> 0 (size 2047)
DEBUG: MEMPOOL: gr_pktmbuf_pool_release: schedule mempool mbuf_0:1 for deferred free
INFO: PORT: iface_port_fini: port 0 destroyed
DEBUG: API: read_cb: pid=399470 id=4 req_type=0xacdc0002 (GR_IFACE_DEL) req_len=2 status=0 (Success) resp_len=0
DEBUG: API: disconnect_client: client pid=399470 disconnected
> nh del: type=L3 iface=p0 vrf=main origin=zebra family=ipv4 addr=172.16.0.2 state=reachable mac=fe:78:40:7f:f0:3f
> addr4 del: iface=p0 172.16.0.1/24
> route4 del: vrf=main 172.16.0.0/24 origin=link via type=L3 iface=p0 vrf=main origin=INTERNAL family=ipv4 addr=172.16.0.1/24 state=reachable mac=fa:2a:ff:46:d7:2c flags=local link
> addr6 del: iface=p0 fe80::f82a:ffff:fe46:d72c/64
> route6 del: vrf=main fe80:2::/64 origin=link via type=L3 iface=p0 vrf=main origin=INTERNAL family=ipv6 addr=fe80::f82a:ffff:fe46:d72c/64 state=reachable mac=fa:2a:ff:46:d7:2c f
> iface pre del: p0 type=port id=2 mtu=1500
> iface down: p0 type=port id=2 mtu=1500
> iface del: p0 type=port id=2 mtu=1500
ZEBRA: GROUT: dplane_read_notifications: GR_EVENT_IP_ADDR_DEL
ZEBRA: GROUT: grout_interface_addr4_change: del 172.16.0.1/24 iface 2
ZEBRA: GROUT: zebra_read_notifications: GR_EVENT_NEXTHOP_DELETE
ZEBRA: GROUT: grout_nexthop_change: del nh_id 0 origin zebra
ZEBRA: GROUT: grout_neigh_notify: del neigh iface=2 172.16.0.2 fe:78:40:7f:f0:3f
ZEBRA: GROUT: grout_nexthop_change: nexthop without ID, skip
ZEBRA: GROUT: dplane_read_notifications: GR_EVENT_IP6_ADDR_DEL
ZEBRA: GROUT: grout_interface_addr6_change: del fe80::f82a:ffff:fe46:d72c/64 iface 2
ZEBRA: GROUT: dplane_read_notifications: GR_EVENT_IFACE_STATUS_DOWN
ZEBRA: GROUT: grout_link_change: add iface p0
ZEBRA: GROUT: dplane_read_notifications: GR_EVENT_IFACE_REMOVE
ZEBRA: GROUT: grout_link_change: del iface p0
ZEBRA: GROUT: zebra_read_notifications: GR_EVENT_IP_ROUTE_DEL
ZEBRA: GROUT: grout_route4_change: del 172.16.0.0/24 origin link nh_id 0 route_vrf 1 nh_vrf 1
ZEBRA: GROUT: grout_route_change: link route, skip
ZEBRA: GROUT: zebra_read_notifications: GR_EVENT_IP6_ROUTE_DEL
ZEBRA: GROUT: grout_route6_change: del fe80:2::/64 origin link nh_id 0 route_vrf 1 nh_vrf 1
ZEBRA: GROUT: grout_route_change: link route, skip
+ echo 'Teardown complete'
Teardown complete
+ for i in $(seq 1 $iterations)
+ echo '=== Iteration 10/20 ==='
=== Iteration 10/20 ===
+ setup_bgp
+ python3 /home/apanatto/dev/github.com/DPDK/grout/subprojects/frr-frr-10.6.1/tools/frr-reload.py --confdir build//frr_install/etc/frr --bindir build//frr_install/bin --rundir build//frr_install/var/run/frr --reload --debug --stdout /tmp/tmp.kCeOhDfbvG/bgp.conf
ZEBRA: GROUT: grout_add_del_route: del 172.16.0.0/24 origin link nh_id 52 vrf 1
ZEBRA: GROUT: grout_add_del_route: non-frr origin, skip
ZEBRA: GROUT: grout_add_del_route: del 172.16.0.0/24 origin link nh_id 52 vrf 1
ZEBRA: GROUT: grout_add_del_route: non-frr origin, skip
ZEBRA: GROUT: grout_add_del_route: del 172.16.0.1/32 origin link nh_id 52 vrf 1
ZEBRA: GROUT: grout_add_del_route: non-frr origin, skip
ZEBRA: GROUT: grout_add_del_route: del 172.16.0.1/32 origin link nh_id 52 vrf 1
ZEBRA: GROUT: grout_add_del_route: non-frr origin, skip
ZEBRA: GROUT: grout_add_del_route: del fe80::/64 origin link nh_id 51 vrf 1
ZEBRA: GROUT: grout_add_del_route: non-frr origin, skip
ZEBRA: GROUT: grout_add_del_route: del fe80::/64 origin link nh_id 51 vrf 1
ZEBRA: GROUT: grout_add_del_route: non-frr origin, skip
2026-08-24 17:34:31,159  INFO: Called via "Namespace(input=None, reload=True, test=False, debug=True, log_level='info', stdout=True, pathspace=None, filename='/tmp/tmp.kCeOhDfbvG/bgp.conf', overwrite=False, bindir='build//frr_install/bin', confdir='build//frr_install/etc/frr', rundir='build//frr_install/var/run/frr', vty_socket=None, daemon='', test_reset=False, logfmt=False, logfile='/var/log/frr/frr-reload.log')"
2026-08-24 17:34:31,159  INFO: Loading Config object from file /tmp/tmp.kCeOhDfbvG/bgp.conf
2026-08-24 17:34:31,164 DEBUG: LINE hostname grout                                    : single-line context
2026-08-24 17:34:31,164 DEBUG: LINE debug zebra dplane dpdk                           : single-line context
2026-08-24 17:34:31,164 DEBUG: LINE router bgp 64512                                  : enter context router bgp 64512                                  
2026-08-24 17:34:31,164 DEBUG: LINE bgp router-id 172.16.0.1                          : add to current context router bgp 64512                                  
2026-08-24 17:34:31,164 DEBUG: LINE neighbor 172.16.0.2 remote-as 64512               : add to current context router bgp 64512                                  
2026-08-24 17:34:31,165 DEBUG: LINE address-family ipv4 unicast                       : enter context router bgp 64512 address-family ipv4 unicast      
2026-08-24 17:34:31,165 DEBUG: LINE network 172.16.0.0/24                             : add to current context router bgp 64512 address-family ipv4 unicast      
2026-08-24 17:34:31,165 DEBUG: LINE exit-address-family                               : exit context router bgp 64512 address-family ipv4 unicast      
2026-08-24 17:34:31,165 DEBUG: LINE exit                                              : exit context router bgp 64512                                  
2026-08-24 17:34:31,172 DEBUG: New Frr Config
hostname grout
debug zebra dplane dpdk
router bgp 64512
bgp router-id 172.16.0.1
neighbor 172.16.0.2 remote-as 64512
address-family ipv4 unicast
network 172.16.0.0/24
exit-address-family
exit

end

2026-08-24 17:34:31,172  INFO: Loading Config object from vtysh show running
2026-08-24 17:34:31,208 DEBUG: LINE frr version 10.6.1                                : single-line context
2026-08-24 17:34:31,208 DEBUG: LINE frr defaults traditional                          : single-line context
2026-08-24 17:34:31,208 DEBUG: LINE hostname apanatto-thinkpadt14gen5.rmtit.csb       : single-line context
2026-08-24 17:34:31,208 DEBUG: LINE debug zebra dplane dpdk                           : single-line context
2026-08-24 17:34:31,208 DEBUG: LINE vrf main                                          : enter context vrf main                                          
2026-08-24 17:34:31,208 DEBUG: LINE exit-vrf                                          : exit context vrf main                                          
2026-08-24 17:34:31,208 DEBUG: Running Frr Config (Pass #0)
frr version 10.6.1
frr defaults traditional
hostname apanatto-thinkpadt14gen5.rmtit.csb
!
debug zebra dplane dpdk
!
vrf main
exit-vrf
end
!
end
2026-08-24 17:34:31,209  INFO: "frr version 10.6.1" cannot be removed
2026-08-24 17:34:31,209  INFO: "frr defaults traditional" cannot be removed
2026-08-24 17:34:31,239  INFO: Executed "no hostname apanatto-thinkpadt14gen5.rmtit.csb"
2026-08-24 17:34:31,239  INFO: build//frr_install/var/run/frr/reload-QWN92M.txt content
['hostname grout\n',
 'router bgp 64512\nexit\n',
 'router bgp 64512\n bgp router-id 172.16.0.1\nexit\n',
 'router bgp 64512\n neighbor 172.16.0.2 remote-as 64512\nexit\n',
 'router bgp 64512\n address-family ipv4 unicast\n exit\nexit\n',
 'router bgp 64512\n'
 ' address-family ipv4 unicast\n'
 '  network 172.16.0.0/24 \n'
 ' exit\n'
 'exit\n']
[399518|mgmtd] sending configuration
[399519|zebra] sending configuration
[399522|ospfd] sending configuration
[399523|ospf6d] sending configuration
[399525|bgpd] sending configuration
[399518|mgmtd] done
MGMTD: [VTVCM-Y2NW3] Configuration Read in Took: 00:00:00
MGMTD: [G6NKK-8C6DV] end_config: VTY:0x35df98f0, pending SET-CFG: 0
ZEBRA: [VTVCM-Y2NW3] Configuration Read in Took: 00:00:00
ZEBRA: [G6NKK-8C6DV] end_config: VTY:0x1ead2840, pending SET-CFG: 0
[399526|isisd] sending configuration
[399522|ospfd] done
[399523|ospf6d] done
[399534|staticd] sending configuration
[399535|bfdd] sending configuration
[399519|zebra] done
Waiting for children to finish applying config...
[399539|watchfrr] sending configuration
OSPF: [VTVCM-Y2NW3] Configuration Read in Took: 00:00:00
OSPF: [G6NKK-8C6DV] end_config: VTY:0x26031e00, pending SET-CFG: 0
OSPF6: [VTVCM-Y2NW3] Configuration Read in Took: 00:00:00
OSPF6: [G6NKK-8C6DV] end_config: VTY:0x2ab465a0, pending SET-CFG: 0
STATIC: [VTVCM-Y2NW3] Configuration Read in Took: 00:00:00
STATIC: [G6NKK-8C6DV] end_config: VTY:0xa0f9aa0, pending SET-CFG: 0
[399534|staticd] done
BFD: [VTVCM-Y2NW3] Configuration Read in Took: 00:00:00
BFD: [G6NKK-8C6DV] end_config: VTY:0x37c70ea0, pending SET-CFG: 0
[399535|bfdd] done
ISIS: [VTVCM-Y2NW3] Configuration Read in Took: 00:00:00
ISIS: [G6NKK-8C6DV] end_config: VTY:0xff70dc0, pending SET-CFG: 0
BGP: [VTVCM-Y2NW3] Configuration Read in Took: 00:00:00
[399526|isisd] done
BGP: [G6NKK-8C6DV] end_config: VTY:0x1f155b60, pending SET-CFG: 0
[399525|bgpd] done
[399539|watchfrr] done
ZEBRA: [WMBNH-V6XN6] Unable to find specified Interface for default
ZEBRA: [WMBNH-V6XN6] Unable to find specified Interface for default
2026-08-24 17:34:31,250  INFO: Loading Config object from vtysh show running
2026-08-24 17:34:31,258 DEBUG: LINE frr version 10.6.1                                : single-line context
2026-08-24 17:34:31,258 DEBUG: LINE frr defaults traditional                          : single-line context
2026-08-24 17:34:31,258 DEBUG: LINE hostname apanatto-thinkpadt14gen5.rmtit.csb       : single-line context
2026-08-24 17:34:31,258 DEBUG: LINE debug zebra dplane dpdk                           : single-line context
2026-08-24 17:34:31,259 DEBUG: LINE vrf main                                          : enter context vrf main                                          
2026-08-24 17:34:31,259 DEBUG: LINE exit-vrf                                          : exit context vrf main                                          
2026-08-24 17:34:31,259 DEBUG: LINE router bgp 64512                                  : enter context router bgp 64512                                  
2026-08-24 17:34:31,259 DEBUG: LINE bgp router-id 172.16.0.1                          : add to current context router bgp 64512                                  
2026-08-24 17:34:31,259 DEBUG: LINE neighbor 172.16.0.2 remote-as 64512               : add to current context router bgp 64512                                  
2026-08-24 17:34:31,259 DEBUG: LINE address-family ipv4 unicast                       : enter context router bgp 64512 address-family ipv4 unicast      
2026-08-24 17:34:31,259 DEBUG: LINE network 172.16.0.0/24                             : add to current context router bgp 64512 address-family ipv4 unicast      
2026-08-24 17:34:31,259 DEBUG: LINE exit-address-family                               : exit context router bgp 64512 address-family ipv4 unicast      
2026-08-24 17:34:31,259 DEBUG: LINE exit                                              : exit context router bgp 64512                                  
2026-08-24 17:34:31,259 DEBUG: Running Frr Config (Pass #1)
frr version 10.6.1
frr defaults traditional
hostname apanatto-thinkpadt14gen5.rmtit.csb
!
debug zebra dplane dpdk
!
vrf main
exit-vrf
end
!
router bgp 64512
bgp router-id 172.16.0.1
neighbor 172.16.0.2 remote-as 64512
!
address-family ipv4 unicast
network 172.16.0.0/24
exit-address-family
exit
!
end
2026-08-24 17:34:31,259  INFO: "frr version 10.6.1" cannot be removed
2026-08-24 17:34:31,259  INFO: "frr defaults traditional" cannot be removed
2026-08-24 17:34:31,259  INFO: build//frr_install/var/run/frr/reload-9NSLBC.txt content
['hostname grout\n',
 'hostname grout\n',
 'router bgp 64512\nexit\n',
 'router bgp 64512\n bgp router-id 172.16.0.1\nexit\n',
 'router bgp 64512\n neighbor 172.16.0.2 remote-as 64512\nexit\n',
 'router bgp 64512\n address-family ipv4 unicast\n exit\nexit\n',
 'router bgp 64512\n'
 ' address-family ipv4 unicast\n'
 '  network 172.16.0.0/24 \n'
 ' exit\n'
 'exit\n']
[399543|mgmtd] sending configuration
[399544|zebra] sending configuration
[399547|ospfd] sending configuration
[399548|ospf6d] sending configuration
[399550|bgpd] sending configuration
[399551|isisd] sending configuration
ZEBRA: [VTVCM-Y2NW3] Configuration Read in Took: 00:00:00
ZEBRA: [G6NKK-8C6DV] end_config: VTY:0x1ead2840, pending SET-CFG: 0
MGMTD: [VTVCM-Y2NW3] Configuration Read in Took: 00:00:00
MGMTD: [G6NKK-8C6DV] end_config: VTY:0x35df98f0, pending SET-CFG: 0
[399544|zebra] done
[399543|mgmtd] done
OSPF6: [VTVCM-Y2NW3] Configuration Read in Took: 00:00:00
OSPF6: [G6NKK-8C6DV] end_config: VTY:0x2ab395a0, pending SET-CFG: 0
OSPF: [VTVCM-Y2NW3] Configuration Read in Took: 00:00:00
OSPF: [G6NKK-8C6DV] end_config: VTY:0x26031e00, pending SET-CFG: 0
[399547|ospfd] done
[399548|ospf6d] done
[399559|staticd] sending configuration
[399560|bfdd] sending configuration
ISIS: [VTVCM-Y2NW3] Configuration Read in Took: 00:00:00
ISIS: [G6NKK-8C6DV] end_config: VTY:0xff70dc0, pending SET-CFG: 0
[399551|isisd] done
Waiting for children to finish applying config...
[399564|watchfrr] sending configuration
BGP: [VTVCM-Y2NW3] Configuration Read in Took: 00:00:00
BGP: [G6NKK-8C6DV] end_config: VTY:0x1f155b60, pending SET-CFG: 0
[399550|bgpd] done
BFD: [VTVCM-Y2NW3] Configuration Read in Took: 00:00:00
BFD: [G6NKK-8C6DV] end_config: VTY:0x37c70ea0, pending SET-CFG: 0
[399560|bfdd] done
STATIC: [VTVCM-Y2NW3] Configuration Read in Took: 00:00:00
STATIC: [G6NKK-8C6DV] end_config: VTY:0xa0f9aa0, pending SET-CFG: 0
[399559|staticd] done
[399564|watchfrr] done
+ grcli interface add port p0 devargs net_tap0,remote=veth0
DEBUG: API: accept_conn_cb: new connection fd=26 pid=399567
DEBUG: API: read_cb: pid=399567 id=1 req_type=0xcafe1981 (GR_HELLO) req_len=132 status=0 (Success) resp_len=2
ERR: TAP: tap_nl_dump_ext_ack(): Cannot delete qdisc with handle of zero
DEBUG: MEMPOOL: gr_pktmbuf_pool_get: allocate mempool mbuf_0:0 reserved 511 (size 2047, mbuf_size 2048)
INFO: WORKER: port_plug: port 0 plugged
DEBUG: GRAPH: worker_graph_new: [CPU 6] <- port=0 rxq=0 burst_size=64
DEBUG: GRAPH: worker_graph_new: [CPU 6] -> port 0 txq 0
DEBUG: IFACE: iface_event: iface event [0xacdc1008] MAC_CHANGE triggered for iface p0.
DEBUG: MEMPOOL: gr_pktmbuf_pool_get: reuse mempool mbuf_-1:0 reserved 256 -> 512 (size 2047, mbuf_size 2048)
DEBUG: IFACE: iface_event: iface event [0xacdc1001] ADD triggered for iface p0.
DEBUG: IFACE: iface_event: iface event [0xacdc1002] POST_ADD triggered for iface p0.
INFO: ADDRESS: mcast6_addr_add: p0: joining multicast group ff02::1:ff46:d72c
INFO: ADDRESS: mcast6_addr_add: p0: joining multicast group ff01::1
INFO: ADDRESS: mcast6_addr_add: p0: joining multicast group ff02::1
INFO: ADDRESS: mcast6_addr_add: p0: joining multicast group ff01::2
INFO: ADDRESS: mcast6_addr_add: p0: joining multicast group ff02::2
INFO: ADDRESS: mcast6_addr_add: p0: joining multicast group ff05::2
INFO: ADDRESS: mcast6_addr_add: p0: joining multicast group ff02::5
INFO: ADDRESS: mcast6_addr_add: p0: joining multicast group ff02::6
INFO: ADDRESS: mcast6_addr_add: p0: joining multicast group ff02::8
INFO: ADDRESS: mcast6_addr_add: p0: joining multicast group ff02::16
DEBUG: API: read_cb: pid=399567 id=2 req_type=0xacdc0001 (GR_IFACE_ADD) req_len=466 status=0 (Success) resp_len=2
Created interface 2
> iface mac change: p0 type=port id=2 mtu=0
> iface add: p0 type=port id=2 mtu=0
> route6 add: vrf=main fe80::f82a:ffff:fe46:d72c/64 origin=link via type=L3 iface=p0 vrf=main origin=INTERNAL family=ipv6 addr=fe80::f82a:ffff:fe46:d72c/64 state=reachable mac=fa:2a:ff:46:d7:2c f
> addr6 add: iface=p0 fe80::f82a:ffff:fe46:d72c/64
> iface post add: p0 type=port id=2 mtu=0
DEBUG: API: disconnect_client: client pid=399567 disconnected
ZEBRA: GROUT: zebra_read_notifications: GR_EVENT_IP6_ROUTE_ADD
ZEBRA: GROUT: grout_route6_change: add fe80::f82a:ffff:fe46:d72c/64 origin link nh_id 0 route_vrf 1 nh_vrf 1
ZEBRA: GROUT: grout_route_change: link route, skip
ZEBRA: GROUT: dplane_read_notifications: GR_EVENT_IFACE_MAC_CHANGE
ZEBRA: GROUT: grout_link_change: add iface p0
ZEBRA: GROUT: dplane_read_notifications: GR_EVENT_IFACE_ADD
ZEBRA: GROUT: grout_link_change: add iface p0
ZEBRA: GROUT: dplane_read_notifications: GR_EVENT_IP6_ADDR_ADD
ZEBRA: GROUT: grout_interface_addr6_change: add fe80::f82a:ffff:fe46:d72c/64 iface 2
NOTICE: TRACE: [rx p0] fa:2a:ff:46:d7:2c > 33:33:00:00:00:16 / IPv6 :: > ff02::16 ttl=1 proto=HOPOPT(0) / ICMPv6 type=143 code=0, (pkt_len=90)
NOTICE: TRACE: [drop icmp6_input_unsupported] 1 packets
+ grcli address add 172.16.0.1/24 iface p0
DEBUG: API: accept_conn_cb: new connection fd=26 pid=399568
DEBUG: API: read_cb: pid=399568 id=1 req_type=0xcafe1981 (GR_HELLO) req_len=132 status=0 (Success) resp_len=2
DEBUG: API: api_send: pid=399568 for_id=2 len=316
DEBUG: API: api_send: pid=399568 for_id=2 len=466
DEBUG: API: read_cb: pid=399568 id=2 req_type=0xacdc0004 (GR_IFACE_LIST) req_len=1 status=0 (Success) resp_len=0
DEBUG: API: read_cb: pid=399568 id=3 req_type=0xacdc0003 (GR_IFACE_GET) req_len=18 status=0 (Success) resp_len=466
DEBUG: API: read_cb: pid=399568 id=4 req_type=0xf00d0005 (GR_IP4_ADDR_ADD) req_len=16 status=0 (Success) resp_len=0
DEBUG: API: disconnect_client: client pid=399568 disconnected
> route4 add: vrf=main 172.16.0.1/24 origin=link via type=L3 iface=p0 vrf=main origin=INTERNAL family=ipv4 addr=172.16.0.1/24 state=reachable mac=fa:2a:ff:46:d7:2c flags=local link
> addr4 add: iface=p0 172.16.0.1/24
ZEBRA: GROUT: zebra_read_notifications: GR_EVENT_IP_ROUTE_ADD
ZEBRA: GROUT: grout_route4_change: add 172.16.0.1/24 origin link nh_id 0 route_vrf 1 nh_vrf 1
ZEBRA: GROUT: grout_route_change: link route, skip
ZEBRA: GROUT: dplane_read_notifications: GR_EVENT_IP_ADDR_ADD
ZEBRA: GROUT: grout_interface_addr4_change: add 172.16.0.1/24 iface 2
+ sleep 3
NOTICE: TRACE: [rx p0] fa:2a:ff:46:d7:2c > 33:33:ff:46:d7:2c / IPv6 :: > ff02::1:ff46:d72c ttl=255 proto=ICMPv6(58) / ICMPv6 neigh solicit who has fe80::f82a:ffff:fe46:d72c? / Option type=14 len=8(1), (pkt_len=86)
DEBUG: MEMPOOL: pending_free_cb: deferred free mempool mbuf_0:1 after 350 ms
INFO: PORT: link_event_cb: p0: link status up
DEBUG: IFACE: iface_event: iface event [0xacdc1006] STATUS_UP triggered for iface p0.
> iface up: p0 type=port id=2 mtu=1500
NOTICE: TRACE: [tx p0] fa:2a:ff:46:d7:2c > ff:ff:ff:ff:ff:ff / ARP announce 172.16.0.1 is at fa:2a:ff:46:d7:2c, (pkt_len=42)
NOTICE: TRACE: [tx p0] fa:2a:ff:46:d7:2c > 33:33:00:00:00:01 / IPv6 fe80::f82a:ffff:fe46:d72c > ff02::1 ttl=255 proto=ICMPv6(58) / ICMPv6 neigh advert fe80::f82a:ffff:fe46:d72c is at (solicited=0) / Option target_lladdr=fa:2a:ff:46:d7:2c, (pkt_len=86)
ZEBRA: GROUT: dplane_read_notifications: GR_EVENT_IFACE_STATUS_UP
ZEBRA: GROUT: grout_link_change: add iface p0
ZEBRA: GROUT: grout_add_del_route: add fe80::/64 origin link nh_id 57 vrf 1
ZEBRA: GROUT: grout_add_del_route: non-frr origin, skip
ZEBRA: GROUT: grout_add_del_route: add fe80::/64 origin link nh_id 57 vrf 1
ZEBRA: GROUT: grout_add_del_route: non-frr origin, skip
ZEBRA: GROUT: grout_add_del_route: add 172.16.0.0/24 origin link nh_id 58 vrf 1
ZEBRA: GROUT: grout_add_del_route: non-frr origin, skip
ZEBRA: GROUT: grout_add_del_route: add 172.16.0.0/24 origin link nh_id 58 vrf 1
ZEBRA: GROUT: grout_add_del_route: non-frr origin, skip
ZEBRA: GROUT: grout_add_del_route: add 172.16.0.1/32 origin link nh_id 58 vrf 1
ZEBRA: GROUT: grout_add_del_route: non-frr origin, skip
ZEBRA: GROUT: grout_add_del_route: add 172.16.0.1/32 origin link nh_id 58 vrf 1
ZEBRA: GROUT: grout_add_del_route: non-frr origin, skip
NOTICE: TRACE: [rx p0] fe:78:40:7f:f0:3f > fa:2a:ff:46:d7:2c / IP 172.16.0.2 > 172.16.0.1 ttl=255 proto=TCP(6) / TCP 46064 > 179 flags=S, (pkt_len=74)
NOTICE: TRACE: [cp tx p0] fa:2a:ff:46:d7:2c > fa:2a:ff:46:d7:2c / IP 172.16.0.2 > 172.16.0.1 ttl=255 proto=TCP(6) / TCP 46064 > 179 flags=S, (pkt_len=74)
NOTICE: TRACE: [tx p0] fa:2a:ff:46:d7:2c > ff:ff:ff:ff:ff:ff / ARP request who has 172.16.0.2? tell 172.16.0.1, (pkt_len=42)
NOTICE: TRACE: [rx p0] fe:78:40:7f:f0:3f > fa:2a:ff:46:d7:2c / ARP reply 172.16.0.2 is at fe:78:40:7f:f0:3f, (pkt_len=42)
NOTICE: TRACE: [tx p0] fa:2a:ff:46:d7:2c > fe:78:40:7f:f0:3f / IP 172.16.0.1 > 172.16.0.2 ttl=255 proto=TCP(6) / TCP 179 > 46064 flags=SA, (pkt_len=74)
NOTICE: TRACE: [rx p0] fe:78:40:7f:f0:3f > fa:2a:ff:46:d7:2c / IP 172.16.0.2 > 172.16.0.1 ttl=255 proto=TCP(6) / TCP 46064 > 179 flags=A, (pkt_len=66)
> nh new: type=L3 iface=p0 vrf=main origin=learn family=ipv4 addr=172.16.0.2 state=new flags=neigh
NOTICE: TRACE: [cp tx p0] fa:2a:ff:46:d7:2c > fa:2a:ff:46:d7:2c / IP 172.16.0.2 > 172.16.0.1 ttl=255 proto=TCP(6) / TCP 46064 > 179 flags=A, (pkt_len=66)
> nh update: type=L3 iface=p0 vrf=main origin=learn family=ipv4 addr=172.16.0.2 state=reachable mac=fe:78:40:7f:f0:3f flags=neigh
NOTICE: TRACE: [rx p0] fe:78:40:7f:f0:3f > fa:2a:ff:46:d7:2c / IP 172.16.0.2 > 172.16.0.1 ttl=255 proto=TCP(6) / TCP 46064 > 179 flags=PA, (pkt_len=197)
NOTICE: TRACE: [tx p0] fa:2a:ff:46:d7:2c > fe:78:40:7f:f0:3f / IP 172.16.0.1 > 172.16.0.2 ttl=255 proto=TCP(6) / TCP 179 > 46064 flags=FA, (pkt_len=66)
ZEBRA: GROUT: zebra_read_notifications: GR_EVENT_NEXTHOP_NEW
ZEBRA: GROUT: grout_nexthop_change: add nh_id 0 origin learn
ZEBRA: GROUT: grout_nexthop_change: dynamic neighbor learn, skip
ZEBRA: GROUT: zebra_read_notifications: GR_EVENT_NEXTHOP_UPDATE
NOTICE: TRACE: [cp tx p0] fa:2a:ff:46:d7:2c > fa:2a:ff:46:d7:2c / IP 172.16.0.2 > 172.16.0.1 ttl=255 proto=TCP(6) / TCP 46064 > 179 flags=PA, (pkt_len=197)
ZEBRA: GROUT: grout_nexthop_change: add nh_id 0 origin learn
NOTICE: TRACE: [tx p0] fa:2a:ff:46:d7:2c > fe:78:40:7f:f0:3f / IP 172.16.0.1 > 172.16.0.2 ttl=64 proto=TCP(6) / TCP 179 > 46064 flags=R, (pkt_len=54)
ZEBRA: GROUT: grout_neigh_notify: add neigh iface=2 172.16.0.2 fe:78:40:7f:f0:3f
ZEBRA: GROUT: grout_nexthop_change: dynamic neighbor learn, skip
NOTICE: TRACE: [tx p0] fa:2a:ff:46:d7:2c > fe:78:40:7f:f0:3f / IP 172.16.0.1 > 172.16.0.2 ttl=255 proto=TCP(6) / TCP 52516 > 179 flags=S, (pkt_len=74)
NOTICE: TRACE: [rx p0] fe:78:40:7f:f0:3f > fa:2a:ff:46:d7:2c / IP 172.16.0.2 > 172.16.0.1 ttl=255 proto=TCP(6) / TCP 179 > 52516 flags=SA, (pkt_len=74)
NOTICE: TRACE: [cp tx p0] fa:2a:ff:46:d7:2c > fa:2a:ff:46:d7:2c / IP 172.16.0.2 > 172.16.0.1 ttl=255 proto=TCP(6) / TCP 179 > 52516 flags=SA, (pkt_len=74)
NOTICE: TRACE: [tx p0] fa:2a:ff:46:d7:2c > fe:78:40:7f:f0:3f / IP 172.16.0.1 > 172.16.0.2 ttl=255 proto=TCP(6) / TCP 52516 > 179 flags=A, (pkt_len=66)
NOTICE: TRACE: [tx p0] fa:2a:ff:46:d7:2c > fe:78:40:7f:f0:3f / IP 172.16.0.1 > 172.16.0.2 ttl=255 proto=TCP(6) / TCP 52516 > 179 flags=PA, (pkt_len=197)
NOTICE: TRACE: [rx p0] fe:78:40:7f:f0:3f > fa:2a:ff:46:d7:2c / IP 172.16.0.2 > 172.16.0.1 ttl=255 proto=TCP(6) / TCP 179 > 52516 flags=A, (pkt_len=66)
NOTICE: TRACE: [cp tx p0] fa:2a:ff:46:d7:2c > fa:2a:ff:46:d7:2c / IP 172.16.0.2 > 172.16.0.1 ttl=255 proto=TCP(6) / TCP 179 > 52516 flags=A, (pkt_len=66)
NOTICE: TRACE: [rx p0] fe:78:40:7f:f0:3f > fa:2a:ff:46:d7:2c / IP 172.16.0.2 > 172.16.0.1 ttl=255 proto=TCP(6) / TCP 179 > 52516 flags=PA, (pkt_len=197)
NOTICE: TRACE: [cp tx p0] fa:2a:ff:46:d7:2c > fa:2a:ff:46:d7:2c / IP 172.16.0.2 > 172.16.0.1 ttl=255 proto=TCP(6) / TCP 179 > 52516 flags=PA, (pkt_len=197)
NOTICE: TRACE: [tx p0] fa:2a:ff:46:d7:2c > fe:78:40:7f:f0:3f / IP 172.16.0.1 > 172.16.0.2 ttl=255 proto=TCP(6) / TCP 52516 > 179 flags=A, (pkt_len=66)
NOTICE: TRACE: [rx p0] fe:78:40:7f:f0:3f > fa:2a:ff:46:d7:2c / IP 172.16.0.2 > 172.16.0.1 ttl=255 proto=TCP(6) / TCP 179 > 52516 flags=PA, (pkt_len=85)
NOTICE: TRACE: [tx p0] fa:2a:ff:46:d7:2c > fe:78:40:7f:f0:3f / IP 172.16.0.1 > 172.16.0.2 ttl=255 proto=TCP(6) / TCP 52516 > 179 flags=PA, (pkt_len=85)
NOTICE: TRACE: [cp tx p0] fa:2a:ff:46:d7:2c > fa:2a:ff:46:d7:2c / IP 172.16.0.2 > 172.16.0.1 ttl=255 proto=TCP(6) / TCP 179 > 52516 flags=PA, (pkt_len=85)
NOTICE: TRACE: [rx p0] fe:78:40:7f:f0:3f > fa:2a:ff:46:d7:2c / IP 172.16.0.2 > 172.16.0.1 ttl=255 proto=TCP(6) / TCP 179 > 52516 flags=A, (pkt_len=66)
NOTICE: TRACE: [tx p0] fa:2a:ff:46:d7:2c > fe:78:40:7f:f0:3f / IP 172.16.0.1 > 172.16.0.2 ttl=255 proto=TCP(6) / TCP 52516 > 179 flags=A, (pkt_len=66)
NOTICE: TRACE: [cp tx p0] fa:2a:ff:46:d7:2c > fa:2a:ff:46:d7:2c / IP 172.16.0.2 > 172.16.0.1 ttl=255 proto=TCP(6) / TCP 179 > 52516 flags=A, (pkt_len=66)
NOTICE: TRACE: [rx p0] fa:2a:ff:46:d7:2c > 33:33:00:00:00:16 / IPv6 :: > ff02::16 ttl=1 proto=HOPOPT(0) / ICMPv6 type=143 code=0, (pkt_len=90)
NOTICE: TRACE: [drop icmp6_input_unsupported] 1 packets
NOTICE: TRACE: [tx p0] fa:2a:ff:46:d7:2c > fe:78:40:7f:f0:3f / IP 172.16.0.1 > 172.16.0.2 ttl=255 proto=TCP(6) / TCP 52516 > 179 flags=PA, (pkt_len=145)
NOTICE: TRACE: [rx p0] fe:78:40:7f:f0:3f > fa:2a:ff:46:d7:2c / IP 172.16.0.2 > 172.16.0.1 ttl=255 proto=TCP(6) / TCP 179 > 52516 flags=A, (pkt_len=66)
NOTICE: TRACE: [cp tx p0] fa:2a:ff:46:d7:2c > fa:2a:ff:46:d7:2c / IP 172.16.0.2 > 172.16.0.1 ttl=255 proto=TCP(6) / TCP 179 > 52516 flags=A, (pkt_len=66)
[bgp-peer] BGP: [M59KS-A3ZXZ] bgp_update_receive_eor: rcvd End-of-RIB for IPv4 Unicast from 172.16.0.1 in vrf default
NOTICE: TRACE: [rx p0] fe:78:40:7f:f0:3f > fa:2a:ff:46:d7:2c / IP 172.16.0.2 > 172.16.0.1 ttl=255 proto=TCP(6) / TCP 179 > 52516 flags=PA, (pkt_len=149)
NOTICE: TRACE: [cp tx p0] fa:2a:ff:46:d7:2c > fa:2a:ff:46:d7:2c / IP 172.16.0.2 > 172.16.0.1 ttl=255 proto=TCP(6) / TCP 179 > 52516 flags=PA, (pkt_len=149)
NOTICE: TRACE: [tx p0] fa:2a:ff:46:d7:2c > fe:78:40:7f:f0:3f / IP 172.16.0.1 > 172.16.0.2 ttl=255 proto=TCP(6) / TCP 52516 > 179 flags=A, (pkt_len=66)
BGP: [M59KS-A3ZXZ] bgp_update_receive_eor: rcvd End-of-RIB for IPv4 Unicast from 172.16.0.2 in vrf default
DEBUG: API: read_cb: pid=397682 id=60 req_type=0xacdc2003 (GR_NH_ADD) req_len=44 status=0 (Success) resp_len=0
DEBUG: API: read_cb: pid=397682 id=61 req_type=0xf00d0001 (GR_IP4_ROUTE_ADD) req_len=24 status=0 (Success) resp_len=0
> nh update: type=L3 id=60 iface=p0 vrf=main origin=zebra family=ipv4 addr=172.16.0.2 state=reachable mac=fe:78:40:7f:f0:3f
> route4 add: vrf=main 16.0.0.0/24 origin=bgp via type=L3 id=60 iface=p0 vrf=main origin=zebra family=ipv4 addr=172.16.0.2 state=reachable mac=fe:78:40:7f:f0:3f
ZEBRA: GROUT: grout_add_del_nexthop: add nh_id 60 origin zebra
ZEBRA: GROUT: grout_add_nexthop: nh_id 60 type L3
ZEBRA: GROUT: grout_client_send_recv: GR_NH_ADD: success
ZEBRA: GROUT: grout_add_del_route: add 16.0.0.0/24 origin bgp nh_id 60 vrf 1
ZEBRA: GROUT: grout_client_send_recv: GR_IP4_ROUTE_ADD: success
+ wait_bgp_established 30
+ local timeout=30
+ local elapsed=0
+ '[' 0 -lt 30 ']'
+ vtysh -c 'show bgp summary json'
+ jq -e '.ipv4Unicast.peers."172.16.0.2".state == "Established"'
+ return 0
+ teardown_bgp
+ python3 /home/apanatto/dev/github.com/DPDK/grout/subprojects/frr-frr-10.6.1/tools/frr-reload.py --confdir build//frr_install/etc/frr --bindir build//frr_install/bin --rundir build//frr_install/var/run/frr --reload --debug --stdout /tmp/tmp.kCeOhDfbvG/base.conf
2026-08-24 17:34:34,411  INFO: Called via "Namespace(input=None, reload=True, test=False, debug=True, log_level='info', stdout=True, pathspace=None, filename='/tmp/tmp.kCeOhDfbvG/base.conf', overwrite=False, bindir='build//frr_install/bin', confdir='build//frr_install/etc/frr', rundir='build//frr_install/var/run/frr', vty_socket=None, daemon='', test_reset=False, logfmt=False, logfile='/var/log/frr/frr-reload.log')"
2026-08-24 17:34:34,411  INFO: Loading Config object from file /tmp/tmp.kCeOhDfbvG/base.conf
2026-08-24 17:34:34,416 DEBUG: LINE hostname grout                                    : single-line context
2026-08-24 17:34:34,416 DEBUG: LINE debug zebra dplane dpdk                           : single-line context
2026-08-24 17:34:34,424 DEBUG: New Frr Config
hostname grout
debug zebra dplane dpdk

end

2026-08-24 17:34:34,424  INFO: Loading Config object from vtysh show running
2026-08-24 17:34:34,433 DEBUG: LINE frr version 10.6.1                                : single-line context
2026-08-24 17:34:34,433 DEBUG: LINE frr defaults traditional                          : single-line context
2026-08-24 17:34:34,433 DEBUG: LINE hostname apanatto-thinkpadt14gen5.rmtit.csb       : single-line context
2026-08-24 17:34:34,433 DEBUG: LINE debug zebra dplane dpdk                           : single-line context
2026-08-24 17:34:34,433 DEBUG: LINE vrf main                                          : enter context vrf main                                          
2026-08-24 17:34:34,433 DEBUG: LINE exit-vrf                                          : exit context vrf main                                          
2026-08-24 17:34:34,433 DEBUG: LINE router bgp 64512                                  : enter context router bgp 64512                                  
2026-08-24 17:34:34,433 DEBUG: LINE bgp router-id 172.16.0.1                          : add to current context router bgp 64512                                  
2026-08-24 17:34:34,433 DEBUG: LINE neighbor 172.16.0.2 remote-as 64512               : add to current context router bgp 64512                                  
2026-08-24 17:34:34,434 DEBUG: LINE address-family ipv4 unicast                       : enter context router bgp 64512 address-family ipv4 unicast      
2026-08-24 17:34:34,434 DEBUG: LINE network 172.16.0.0/24                             : add to current context router bgp 64512 address-family ipv4 unicast      
2026-08-24 17:34:34,434 DEBUG: LINE exit-address-family                               : exit context router bgp 64512 address-family ipv4 unicast      
2026-08-24 17:34:34,434 DEBUG: LINE exit                                              : exit context router bgp 64512                                  
2026-08-24 17:34:34,434 DEBUG: Running Frr Config (Pass #0)
frr version 10.6.1
frr defaults traditional
hostname apanatto-thinkpadt14gen5.rmtit.csb
!
debug zebra dplane dpdk
!
vrf main
exit-vrf
end
!
router bgp 64512
bgp router-id 172.16.0.1
neighbor 172.16.0.2 remote-as 64512
!
address-family ipv4 unicast
network 172.16.0.0/24
exit-address-family
exit
!
end
2026-08-24 17:34:34,434  INFO: "frr version 10.6.1" cannot be removed
2026-08-24 17:34:34,434  INFO: "frr defaults traditional" cannot be removed
2026-08-24 17:34:34,446  INFO: Executed "no hostname apanatto-thinkpadt14gen5.rmtit.csb"
ZEBRA: [WMBNH-V6XN6] Unable to find specified Interface for default
ZEBRA: [WMBNH-V6XN6] Unable to find specified Interface for default
NOTICE: TRACE: [tx p0] fa:2a:ff:46:d7:2c > fe:78:40:7f:f0:3f / IP 172.16.0.1 > 172.16.0.2 ttl=255 proto=TCP(6) / TCP 52516 > 179 flags=FA, (pkt_len=66)
2026-08-24 17:34:34,456  INFO: Executed "no router bgp 64512"
2026-08-24 17:34:34,456  INFO: build//frr_install/var/run/frr/reload-7XL3CB.txt content
['hostname grout\n']
NOTICE: TRACE: [rx p0] fe:78:40:7f:f0:3f > fa:2a:ff:46:d7:2c / IP 172.16.0.2 > 172.16.0.1 ttl=255 proto=TCP(6) / TCP 179 > 52516 flags=FA, (pkt_len=66)
NOTICE: TRACE: [cp tx p0] fa:2a:ff:46:d7:2c > fa:2a:ff:46:d7:2c / IP 172.16.0.2 > 172.16.0.1 ttl=255 proto=TCP(6) / TCP 179 > 52516 flags=FA, (pkt_len=66)
NOTICE: TRACE: [tx p0] fa:2a:ff:46:d7:2c > fe:78:40:7f:f0:3f / IP 172.16.0.1 > 172.16.0.2 ttl=255 proto=TCP(6) / TCP 52516 > 179 flags=A, (pkt_len=66)
[399611|mgmtd] sending configuration
[399616|ospf6d] sending configuration
[399612|zebra] sending configuration
[399618|bgpd] sending configuration
[399619|isisd] sending configuration
OSPF6: [VTVCM-Y2NW3] Configuration Read in Took: 00:00:00
[399616|ospf6d] done
OSPF6: [G6NKK-8C6DV] end_config: VTY:0x2ab395a0, pending SET-CFG: 0
[399618|bgpd] done
BGP: [VTVCM-Y2NW3] Configuration Read in Took: 00:00:00
BGP: [G6NKK-8C6DV] end_config: VTY:0x1f155b60, pending SET-CFG: 0
DEBUG: ROUTE: rib4_delete: VRF 1: 16.0.0.0/24
DEBUG: API: read_cb: pid=397682 id=62 req_type=0xf00d0002 (GR_IP4_ROUTE_DEL) req_len=16 status=0 (Success) resp_len=0
ZEBRA: GROUT: grout_add_del_route: del 16.0.0.0/24 origin bgp nh_id 60 vrf 1
> route4 del: vrf=main 16.0.0.0/24 origin=bgp via type=L3 id=60 iface=p0 vrf=main origin=zebra family=ipv4 addr=172.16.0.2 state=reachable mac=fe:78:40:7f:f0:3f
ZEBRA: GROUT: grout_client_send_recv: GR_IP4_ROUTE_DEL: success
[399615|ospfd] sending configuration
ISIS: [VTVCM-Y2NW3] Configuration Read in Took: 00:00:00
ISIS: [G6NKK-8C6DV] end_config: VTY:0xff70de0, pending SET-CFG: 0
[399619|isisd] done
ZEBRA: [VTVCM-Y2NW3] Configuration Read in Took: 00:00:00
ZEBRA: [G6NKK-8C6DV] end_config: VTY:0x1ead2840, pending SET-CFG: 0
[399627|staticd] sending configuration
[399628|bfdd] sending configuration
OSPF: [VTVCM-Y2NW3] Configuration Read in Took: 00:00:00
Waiting for children to finish applying config...
OSPF: [G6NKK-8C6DV] end_config: VTY:0x26031e00, pending SET-CFG: 0
[399612|zebra] done
[399615|ospfd] done
STATIC: [VTVCM-Y2NW3] Configuration Read in Took: 00:00:00
STATIC: [G6NKK-8C6DV] end_config: VTY:0xa0f9aa0, pending SET-CFG: 0
[399627|staticd] done
[399632|watchfrr] sending configuration
MGMTD: [VTVCM-Y2NW3] Configuration Read in Took: 00:00:00
MGMTD: [G6NKK-8C6DV] end_config: VTY:0x35df98f0, pending SET-CFG: 0
[399611|mgmtd] done
BFD: [VTVCM-Y2NW3] Configuration Read in Took: 00:00:00
BFD: [G6NKK-8C6DV] end_config: VTY:0x37c70ec0, pending SET-CFG: 0
[399628|bfdd] done
[399632|watchfrr] done
2026-08-24 17:34:34,474  INFO: Loading Config object from vtysh show running
2026-08-24 17:34:34,492 DEBUG: LINE frr version 10.6.1                                : single-line context
2026-08-24 17:34:34,492 DEBUG: LINE frr defaults traditional                          : single-line context
2026-08-24 17:34:34,492 DEBUG: LINE hostname apanatto-thinkpadt14gen5.rmtit.csb       : single-line context
2026-08-24 17:34:34,493 DEBUG: LINE debug zebra dplane dpdk                           : single-line context
2026-08-24 17:34:34,493 DEBUG: LINE vrf main                                          : enter context vrf main                                          
2026-08-24 17:34:34,493 DEBUG: LINE exit-vrf                                          : exit context vrf main                                          
2026-08-24 17:34:34,493 DEBUG: Running Frr Config (Pass #1)
frr version 10.6.1
frr defaults traditional
hostname apanatto-thinkpadt14gen5.rmtit.csb
!
debug zebra dplane dpdk
!
vrf main
exit-vrf
end
!
end
2026-08-24 17:34:34,493  INFO: "frr version 10.6.1" cannot be removed
2026-08-24 17:34:34,493  INFO: "frr defaults traditional" cannot be removed
2026-08-24 17:34:34,493  INFO: build//frr_install/var/run/frr/reload-0KUQ4B.txt content
['hostname grout\n', 'hostname grout\n']
[399636|mgmtd] sending configuration
[399637|zebra] sending configuration
[399640|ospfd] sending configuration
[399641|ospf6d] sending configuration
MGMTD: [VTVCM-Y2NW3] Configuration Read in Took: 00:00:00
[399636|mgmtd] done
MGMTD: [G6NKK-8C6DV] end_config: VTY:0x35df98f0, pending SET-CFG: 0
ZEBRA: [VTVCM-Y2NW3] Configuration Read in Took: 00:00:00
ZEBRA: [G6NKK-8C6DV] end_config: VTY:0x1ead2840, pending SET-CFG: 0
[399637|zebra] done
[399643|bgpd] sending configuration
OSPF6: [VTVCM-Y2NW3] Configuration Read in Took: 00:00:00
[399641|ospf6d] done
OSPF6: [G6NKK-8C6DV] end_config: VTY:0x2ab395a0, pending SET-CFG: 0
[399644|isisd] sending configuration
[399652|staticd] sending configuration
OSPF: [VTVCM-Y2NW3] Configuration Read in Took: 00:00:00
OSPF: [G6NKK-8C6DV] end_config: VTY:0x26031e00, pending SET-CFG: 0
[399653|bfdd] sending configuration
[399640|ospfd] done
ISIS: [VTVCM-Y2NW3] Configuration Read in Took: 00:00:00
ISIS: [G6NKK-8C6DV] end_config: VTY:0xff70de0, pending SET-CFG: 0
[399644|isisd] done
Waiting for children to finish applying config...
[399657|watchfrr] sending configuration
BGP: [VTVCM-Y2NW3] Configuration Read in Took: 00:00:00
BGP: [G6NKK-8C6DV] end_config: VTY:0x1f155b60, pending SET-CFG: 0
STATIC: [VTVCM-Y2NW3] Configuration Read in Took: 00:00:00
STATIC: [G6NKK-8C6DV] end_config: VTY:0xa0f9aa0, pending SET-CFG: 0
BFD: [VTVCM-Y2NW3] Configuration Read in Took: 00:00:00
[399653|bfdd] done
BFD: [G6NKK-8C6DV] end_config: VTY:0x37c70ec0, pending SET-CFG: 0
[399652|staticd] done
[399643|bgpd] done
[399657|watchfrr] done
+ grcli interface del p0
DEBUG: API: accept_conn_cb: new connection fd=26 pid=399660
DEBUG: API: read_cb: pid=399660 id=1 req_type=0xcafe1981 (GR_HELLO) req_len=132 status=0 (Success) resp_len=2
DEBUG: API: api_send: pid=399660 for_id=2 len=316
DEBUG: API: api_send: pid=399660 for_id=2 len=466
DEBUG: API: read_cb: pid=399660 id=2 req_type=0xacdc0004 (GR_IFACE_LIST) req_len=1 status=0 (Success) resp_len=0
DEBUG: API: read_cb: pid=399660 id=3 req_type=0xacdc0003 (GR_IFACE_GET) req_len=18 status=0 (Success) resp_len=466
DEBUG: IFACE: iface_event: iface event [0xacdc1003] PRE_REMOVE triggered for iface p0.
DEBUG: ROUTE: rib4_delete: VRF 1: 172.16.0.2/32
INFO: WORKER: port_unplug: port 0 unplugged
DEBUG: ROUTE: rib4_delete: VRF 1: 172.16.0.0/24
DEBUG: ROUTE: rib6_delete: VRF 1: fe80:2::/64
DEBUG: IFACE: iface_event: iface event [0xacdc1007] STATUS_DOWN triggered for iface p0.
DEBUG: MEMPOOL: gr_pktmbuf_pool_release: release mempool mbuf_-1:0 reserved 512 -> 256 (size 2047)
DEBUG: IFACE: iface_event: iface event [0xacdc1004] REMOVE triggered for iface p0.
DEBUG: MEMPOOL: gr_pktmbuf_pool_release: release mempool mbuf_0:0 reserved 511 -> 0 (size 2047)
DEBUG: MEMPOOL: gr_pktmbuf_pool_release: schedule mempool mbuf_0:0 for deferred free
INFO: PORT: iface_port_fini: port 0 destroyed
DEBUG: API: read_cb: pid=399660 id=4 req_type=0xacdc0002 (GR_IFACE_DEL) req_len=2 status=0 (Success) resp_len=0
DEBUG: API: disconnect_client: client pid=399660 disconnected
> nh del: type=L3 iface=p0 vrf=main origin=zebra family=ipv4 addr=172.16.0.2 state=reachable mac=fe:78:40:7f:f0:3f
> addr4 del: iface=p0 172.16.0.1/24
> route4 del: vrf=main 172.16.0.0/24 origin=link via type=L3 iface=p0 vrf=main origin=INTERNAL family=ipv4 addr=172.16.0.1/24 state=reachable mac=fa:2a:ff:46:d7:2c flags=local link
> addr6 del: iface=p0 fe80::f82a:ffff:fe46:d72c/64
> route6 del: vrf=main fe80:2::/64 origin=link via type=L3 iface=p0 vrf=main origin=INTERNAL family=ipv6 addr=fe80::f82a:ffff:fe46:d72c/64 state=reachable mac=fa:2a:ff:46:d7:2c f
> iface pre del: p0 type=port id=2 mtu=1500
> iface down: p0 type=port id=2 mtu=1500
> iface del: p0 type=port id=2 mtu=1500
ZEBRA: GROUT: dplane_read_notifications: GR_EVENT_IP_ADDR_DEL
ZEBRA: GROUT: grout_interface_addr4_change: del 172.16.0.1/24 iface 2
ZEBRA: GROUT: zebra_read_notifications: GR_EVENT_NEXTHOP_DELETE
ZEBRA: GROUT: grout_nexthop_change: del nh_id 0 origin zebra
ZEBRA: GROUT: grout_neigh_notify: del neigh iface=2 172.16.0.2 fe:78:40:7f:f0:3f
ZEBRA: GROUT: grout_nexthop_change: nexthop without ID, skip
ZEBRA: GROUT: dplane_read_notifications: GR_EVENT_IP6_ADDR_DEL
ZEBRA: GROUT: grout_interface_addr6_change: del fe80::f82a:ffff:fe46:d72c/64 iface 2
ZEBRA: GROUT: dplane_read_notifications: GR_EVENT_IFACE_STATUS_DOWN
ZEBRA: GROUT: grout_link_change: add iface p0
ZEBRA: GROUT: dplane_read_notifications: GR_EVENT_IFACE_REMOVE
ZEBRA: GROUT: grout_link_change: del iface p0
ZEBRA: GROUT: zebra_read_notifications: GR_EVENT_IP_ROUTE_DEL
ZEBRA: GROUT: grout_route4_change: del 172.16.0.0/24 origin link nh_id 0 route_vrf 1 nh_vrf 1
ZEBRA: GROUT: grout_route_change: link route, skip
ZEBRA: GROUT: zebra_read_notifications: GR_EVENT_IP6_ROUTE_DEL
ZEBRA: GROUT: grout_route6_change: del fe80:2::/64 origin link nh_id 0 route_vrf 1 nh_vrf 1
ZEBRA: GROUT: grout_route_change: link route, skip
+ echo 'Teardown complete'
Teardown complete
+ for i in $(seq 1 $iterations)
+ echo '=== Iteration 11/20 ==='
=== Iteration 11/20 ===
+ setup_bgp
+ python3 /home/apanatto/dev/github.com/DPDK/grout/subprojects/frr-frr-10.6.1/tools/frr-reload.py --confdir build//frr_install/etc/frr --bindir build//frr_install/bin --rundir build//frr_install/var/run/frr --reload --debug --stdout /tmp/tmp.kCeOhDfbvG/bgp.conf
ZEBRA: GROUT: grout_add_del_route: del 172.16.0.0/24 origin link nh_id 58 vrf 1
ZEBRA: GROUT: grout_add_del_route: non-frr origin, skip
ZEBRA: GROUT: grout_add_del_route: del 172.16.0.0/24 origin link nh_id 58 vrf 1
ZEBRA: GROUT: grout_add_del_route: non-frr origin, skip
ZEBRA: GROUT: grout_add_del_route: del 172.16.0.1/32 origin link nh_id 58 vrf 1
ZEBRA: GROUT: grout_add_del_route: non-frr origin, skip
ZEBRA: GROUT: grout_add_del_route: del 172.16.0.1/32 origin link nh_id 58 vrf 1
ZEBRA: GROUT: grout_add_del_route: non-frr origin, skip
ZEBRA: GROUT: grout_add_del_route: del fe80::/64 origin link nh_id 57 vrf 1
ZEBRA: GROUT: grout_add_del_route: non-frr origin, skip
ZEBRA: GROUT: grout_add_del_route: del fe80::/64 origin link nh_id 57 vrf 1
ZEBRA: GROUT: grout_add_del_route: non-frr origin, skip
2026-08-24 17:34:34,621  INFO: Called via "Namespace(input=None, reload=True, test=False, debug=True, log_level='info', stdout=True, pathspace=None, filename='/tmp/tmp.kCeOhDfbvG/bgp.conf', overwrite=False, bindir='build//frr_install/bin', confdir='build//frr_install/etc/frr', rundir='build//frr_install/var/run/frr', vty_socket=None, daemon='', test_reset=False, logfmt=False, logfile='/var/log/frr/frr-reload.log')"
2026-08-24 17:34:34,622  INFO: Loading Config object from file /tmp/tmp.kCeOhDfbvG/bgp.conf
2026-08-24 17:34:34,628 DEBUG: LINE hostname grout                                    : single-line context
2026-08-24 17:34:34,628 DEBUG: LINE debug zebra dplane dpdk                           : single-line context
2026-08-24 17:34:34,629 DEBUG: LINE router bgp 64512                                  : enter context router bgp 64512                                  
2026-08-24 17:34:34,629 DEBUG: LINE bgp router-id 172.16.0.1                          : add to current context router bgp 64512                                  
2026-08-24 17:34:34,629 DEBUG: LINE neighbor 172.16.0.2 remote-as 64512               : add to current context router bgp 64512                                  
2026-08-24 17:34:34,629 DEBUG: LINE address-family ipv4 unicast                       : enter context router bgp 64512 address-family ipv4 unicast      
2026-08-24 17:34:34,629 DEBUG: LINE network 172.16.0.0/24                             : add to current context router bgp 64512 address-family ipv4 unicast      
2026-08-24 17:34:34,629 DEBUG: LINE exit-address-family                               : exit context router bgp 64512 address-family ipv4 unicast      
2026-08-24 17:34:34,629 DEBUG: LINE exit                                              : exit context router bgp 64512                                  
2026-08-24 17:34:34,636 DEBUG: New Frr Config
hostname grout
debug zebra dplane dpdk
router bgp 64512
bgp router-id 172.16.0.1
neighbor 172.16.0.2 remote-as 64512
address-family ipv4 unicast
network 172.16.0.0/24
exit-address-family
exit

end

2026-08-24 17:34:34,636  INFO: Loading Config object from vtysh show running
2026-08-24 17:34:34,672 DEBUG: LINE frr version 10.6.1                                : single-line context
2026-08-24 17:34:34,673 DEBUG: LINE frr defaults traditional                          : single-line context
2026-08-24 17:34:34,673 DEBUG: LINE hostname apanatto-thinkpadt14gen5.rmtit.csb       : single-line context
2026-08-24 17:34:34,673 DEBUG: LINE debug zebra dplane dpdk                           : single-line context
2026-08-24 17:34:34,673 DEBUG: LINE vrf main                                          : enter context vrf main                                          
2026-08-24 17:34:34,673 DEBUG: LINE exit-vrf                                          : exit context vrf main                                          
2026-08-24 17:34:34,673 DEBUG: Running Frr Config (Pass #0)
frr version 10.6.1
frr defaults traditional
hostname apanatto-thinkpadt14gen5.rmtit.csb
!
debug zebra dplane dpdk
!
vrf main
exit-vrf
end
!
end
2026-08-24 17:34:34,674  INFO: "frr version 10.6.1" cannot be removed
2026-08-24 17:34:34,674  INFO: "frr defaults traditional" cannot be removed
2026-08-24 17:34:34,702  INFO: Executed "no hostname apanatto-thinkpadt14gen5.rmtit.csb"
2026-08-24 17:34:34,703  INFO: build//frr_install/var/run/frr/reload-XXQDRD.txt content
['hostname grout\n',
 'router bgp 64512\nexit\n',
 'router bgp 64512\n bgp router-id 172.16.0.1\nexit\n',
 'router bgp 64512\n neighbor 172.16.0.2 remote-as 64512\nexit\n',
 'router bgp 64512\n address-family ipv4 unicast\n exit\nexit\n',
 'router bgp 64512\n'
 ' address-family ipv4 unicast\n'
 '  network 172.16.0.0/24 \n'
 ' exit\n'
 'exit\n']
[399668|mgmtd] sending configuration
[399669|zebra] sending configuration
[399672|ospfd] sending configuration
[399673|ospf6d] sending configuration
[399676|isisd] sending configuration
[399675|bgpd] sending configuration
ZEBRA: [VTVCM-Y2NW3] Configuration Read in Took: 00:00:00
ZEBRA: [G6NKK-8C6DV] end_config: VTY:0x1ead2840, pending SET-CFG: 0
OSPF: [VTVCM-Y2NW3] Configuration Read in Took: 00:00:00
OSPF: [G6NKK-8C6DV] end_config: VTY:0x26031e00, pending SET-CFG: 0
MGMTD: [VTVCM-Y2NW3] Configuration Read in Took: 00:00:00
MGMTD: [G6NKK-8C6DV] end_config: VTY:0x35dd78c0, pending SET-CFG: 0
[399684|staticd] sending configuration
OSPF6: [VTVCM-Y2NW3] Configuration Read in Took: 00:00:00
[399669|zebra] done
OSPF6: [G6NKK-8C6DV] end_config: VTY:0x2ab395a0, pending SET-CFG: 0
[399673|ospf6d] done
[399668|mgmtd] done
[399672|ospfd] done
[399685|bfdd] sending configuration
Waiting for children to finish applying config...
[399689|watchfrr] sending configuration
ZEBRA: [WMBNH-V6XN6] Unable to find specified Interface for default
ZEBRA: [WMBNH-V6XN6] Unable to find specified Interface for default
STATIC: [VTVCM-Y2NW3] Configuration Read in Took: 00:00:00
STATIC: [G6NKK-8C6DV] end_config: VTY:0xa0f9aa0, pending SET-CFG: 0
[399684|staticd] done
BFD: [VTVCM-Y2NW3] Configuration Read in Took: 00:00:00
[399685|bfdd] done
BFD: [G6NKK-8C6DV] end_config: VTY:0x37c70ea0, pending SET-CFG: 0
[399689|watchfrr] done
ISIS: [VTVCM-Y2NW3] Configuration Read in Took: 00:00:00
ISIS: [G6NKK-8C6DV] end_config: VTY:0xff70dc0, pending SET-CFG: 0
BGP: [VTVCM-Y2NW3] Configuration Read in Took: 00:00:00
BGP: [G6NKK-8C6DV] end_config: VTY:0x1f155b60, pending SET-CFG: 0
[399675|bgpd] done
[399676|isisd] done
2026-08-24 17:34:34,715  INFO: Loading Config object from vtysh show running
2026-08-24 17:34:34,722 DEBUG: LINE frr version 10.6.1                                : single-line context
2026-08-24 17:34:34,723 DEBUG: LINE frr defaults traditional                          : single-line context
2026-08-24 17:34:34,723 DEBUG: LINE hostname apanatto-thinkpadt14gen5.rmtit.csb       : single-line context
2026-08-24 17:34:34,723 DEBUG: LINE debug zebra dplane dpdk                           : single-line context
2026-08-24 17:34:34,723 DEBUG: LINE vrf main                                          : enter context vrf main                                          
2026-08-24 17:34:34,723 DEBUG: LINE exit-vrf                                          : exit context vrf main                                          
2026-08-24 17:34:34,723 DEBUG: LINE router bgp 64512                                  : enter context router bgp 64512                                  
2026-08-24 17:34:34,723 DEBUG: LINE bgp router-id 172.16.0.1                          : add to current context router bgp 64512                                  
2026-08-24 17:34:34,723 DEBUG: LINE neighbor 172.16.0.2 remote-as 64512               : add to current context router bgp 64512                                  
2026-08-24 17:34:34,723 DEBUG: LINE address-family ipv4 unicast                       : enter context router bgp 64512 address-family ipv4 unicast      
2026-08-24 17:34:34,723 DEBUG: LINE network 172.16.0.0/24                             : add to current context router bgp 64512 address-family ipv4 unicast      
2026-08-24 17:34:34,723 DEBUG: LINE exit-address-family                               : exit context router bgp 64512 address-family ipv4 unicast      
2026-08-24 17:34:34,723 DEBUG: LINE exit                                              : exit context router bgp 64512                                  
2026-08-24 17:34:34,723 DEBUG: Running Frr Config (Pass #1)
frr version 10.6.1
frr defaults traditional
hostname apanatto-thinkpadt14gen5.rmtit.csb
!
debug zebra dplane dpdk
!
vrf main
exit-vrf
end
!
router bgp 64512
bgp router-id 172.16.0.1
neighbor 172.16.0.2 remote-as 64512
!
address-family ipv4 unicast
network 172.16.0.0/24
exit-address-family
exit
!
end
2026-08-24 17:34:34,723  INFO: "frr version 10.6.1" cannot be removed
2026-08-24 17:34:34,723  INFO: "frr defaults traditional" cannot be removed
2026-08-24 17:34:34,723  INFO: build//frr_install/var/run/frr/reload-2BVBM4.txt content
['hostname grout\n',
 'hostname grout\n',
 'router bgp 64512\nexit\n',
 'router bgp 64512\n bgp router-id 172.16.0.1\nexit\n',
 'router bgp 64512\n neighbor 172.16.0.2 remote-as 64512\nexit\n',
 'router bgp 64512\n address-family ipv4 unicast\n exit\nexit\n',
 'router bgp 64512\n'
 ' address-family ipv4 unicast\n'
 '  network 172.16.0.0/24 \n'
 ' exit\n'
 'exit\n']
[399693|mgmtd] sending configuration
[399694|zebra] sending configuration
[399697|ospfd] sending configuration
[399698|ospf6d] sending configuration
[399700|bgpd] sending configuration
[399701|isisd] sending configuration
ZEBRA: [VTVCM-Y2NW3] Configuration Read in Took: 00:00:00
ZEBRA: [G6NKK-8C6DV] end_config: VTY:0x1ead2840, pending SET-CFG: 0
MGMTD: [VTVCM-Y2NW3] Configuration Read in Took: 00:00:00
[399694|zebra] done
MGMTD: [G6NKK-8C6DV] end_config: VTY:0x35dd78c0, pending SET-CFG: 0
[399693|mgmtd] done
OSPF: [VTVCM-Y2NW3] Configuration Read in Took: 00:00:00
OSPF: [G6NKK-8C6DV] end_config: VTY:0x26031e00, pending SET-CFG: 0
[399697|ospfd] done
OSPF6: [VTVCM-Y2NW3] Configuration Read in Took: 00:00:00
OSPF6: [G6NKK-8C6DV] end_config: VTY:0x2ab395a0, pending SET-CFG: 0
ISIS: [VTVCM-Y2NW3] Configuration Read in Took: 00:00:00
ISIS: [G6NKK-8C6DV] end_config: VTY:0xff70dc0, pending SET-CFG: 0
[399698|ospf6d] done
[399701|isisd] done
[399709|staticd] sending configuration
[399710|bfdd] sending configuration
Waiting for children to finish applying config...
[399714|watchfrr] sending configuration
BGP: [VTVCM-Y2NW3] Configuration Read in Took: 00:00:00
BGP: [G6NKK-8C6DV] end_config: VTY:0x1f18bd00, pending SET-CFG: 0
[399700|bgpd] done
STATIC: [VTVCM-Y2NW3] Configuration Read in Took: 00:00:00
STATIC: [G6NKK-8C6DV] end_config: VTY:0xa0f9aa0, pending SET-CFG: 0
[399709|staticd] done
BFD: [VTVCM-Y2NW3] Configuration Read in Took: 00:00:00
BFD: [G6NKK-8C6DV] end_config: VTY:0x37c70ea0, pending SET-CFG: 0
[399710|bfdd] done
[399714|watchfrr] done
+ grcli interface add port p0 devargs net_tap0,remote=veth0
DEBUG: API: accept_conn_cb: new connection fd=26 pid=399717
DEBUG: API: read_cb: pid=399717 id=1 req_type=0xcafe1981 (GR_HELLO) req_len=132 status=0 (Success) resp_len=2
ERR: TAP: tap_nl_dump_ext_ack(): Cannot delete qdisc with handle of zero
DEBUG: MEMPOOL: gr_pktmbuf_pool_get: allocate mempool mbuf_0:1 reserved 511 (size 2047, mbuf_size 2048)
INFO: WORKER: port_plug: port 0 plugged
DEBUG: GRAPH: worker_graph_new: [CPU 6] <- port=0 rxq=0 burst_size=64
DEBUG: GRAPH: worker_graph_new: [CPU 6] -> port 0 txq 0
DEBUG: IFACE: iface_event: iface event [0xacdc1008] MAC_CHANGE triggered for iface p0.
DEBUG: MEMPOOL: gr_pktmbuf_pool_get: reuse mempool mbuf_-1:0 reserved 256 -> 512 (size 2047, mbuf_size 2048)
DEBUG: IFACE: iface_event: iface event [0xacdc1001] ADD triggered for iface p0.
DEBUG: IFACE: iface_event: iface event [0xacdc1002] POST_ADD triggered for iface p0.
INFO: ADDRESS: mcast6_addr_add: p0: joining multicast group ff02::1:ff46:d72c
INFO: ADDRESS: mcast6_addr_add: p0: joining multicast group ff01::1
INFO: ADDRESS: mcast6_addr_add: p0: joining multicast group ff02::1
INFO: ADDRESS: mcast6_addr_add: p0: joining multicast group ff01::2
INFO: ADDRESS: mcast6_addr_add: p0: joining multicast group ff02::2
INFO: ADDRESS: mcast6_addr_add: p0: joining multicast group ff05::2
INFO: ADDRESS: mcast6_addr_add: p0: joining multicast group ff02::5
INFO: ADDRESS: mcast6_addr_add: p0: joining multicast group ff02::6
INFO: ADDRESS: mcast6_addr_add: p0: joining multicast group ff02::8
INFO: ADDRESS: mcast6_addr_add: p0: joining multicast group ff02::16
DEBUG: API: read_cb: pid=399717 id=2 req_type=0xacdc0001 (GR_IFACE_ADD) req_len=466 status=0 (Success) resp_len=2
Created interface 2
DEBUG: API: disconnect_client: client pid=399717 disconnected
> iface mac change: p0 type=port id=2 mtu=0
> iface add: p0 type=port id=2 mtu=0
> route6 add: vrf=main fe80::f82a:ffff:fe46:d72c/64 origin=link via type=L3 iface=p0 vrf=main origin=INTERNAL family=ipv6 addr=fe80::f82a:ffff:fe46:d72c/64 state=reachable mac=fa:2a:ff:46:d7:2c f
> addr6 add: iface=p0 fe80::f82a:ffff:fe46:d72c/64
> iface post add: p0 type=port id=2 mtu=0
ZEBRA: GROUT: zebra_read_notifications: GR_EVENT_IP6_ROUTE_ADD
ZEBRA: GROUT: grout_route6_change: add fe80::f82a:ffff:fe46:d72c/64 origin link nh_id 0 route_vrf 1 nh_vrf 1
ZEBRA: GROUT: grout_route_change: link route, skip
ZEBRA: GROUT: dplane_read_notifications: GR_EVENT_IFACE_MAC_CHANGE
ZEBRA: GROUT: grout_link_change: add iface p0
ZEBRA: GROUT: dplane_read_notifications: GR_EVENT_IFACE_ADD
ZEBRA: GROUT: grout_link_change: add iface p0
ZEBRA: GROUT: dplane_read_notifications: GR_EVENT_IP6_ADDR_ADD
ZEBRA: GROUT: grout_interface_addr6_change: add fe80::f82a:ffff:fe46:d72c/64 iface 2
NOTICE: TRACE: [rx p0] fa:2a:ff:46:d7:2c > 33:33:00:00:00:16 / IPv6 :: > ff02::16 ttl=1 proto=HOPOPT(0) / ICMPv6 type=143 code=0, (pkt_len=90)
NOTICE: TRACE: [drop icmp6_input_unsupported] 1 packets
+ grcli address add 172.16.0.1/24 iface p0
DEBUG: API: accept_conn_cb: new connection fd=26 pid=399718
DEBUG: API: read_cb: pid=399718 id=1 req_type=0xcafe1981 (GR_HELLO) req_len=132 status=0 (Success) resp_len=2
DEBUG: API: api_send: pid=399718 for_id=2 len=316
DEBUG: API: api_send: pid=399718 for_id=2 len=466
DEBUG: API: read_cb: pid=399718 id=2 req_type=0xacdc0004 (GR_IFACE_LIST) req_len=1 status=0 (Success) resp_len=0
DEBUG: API: read_cb: pid=399718 id=3 req_type=0xacdc0003 (GR_IFACE_GET) req_len=18 status=0 (Success) resp_len=466
DEBUG: API: read_cb: pid=399718 id=4 req_type=0xf00d0005 (GR_IP4_ADDR_ADD) req_len=16 status=0 (Success) resp_len=0
DEBUG: API: disconnect_client: client pid=399718 disconnected
> route4 add: vrf=main 172.16.0.1/24 origin=link via type=L3 iface=p0 vrf=main origin=INTERNAL family=ipv4 addr=172.16.0.1/24 state=reachable mac=fa:2a:ff:46:d7:2c flags=local link
> addr4 add: iface=p0 172.16.0.1/24
ZEBRA: GROUT: zebra_read_notifications: GR_EVENT_IP_ROUTE_ADD
ZEBRA: GROUT: grout_route4_change: add 172.16.0.1/24 origin link nh_id 0 route_vrf 1 nh_vrf 1
ZEBRA: GROUT: grout_route_change: link route, skip
ZEBRA: GROUT: dplane_read_notifications: GR_EVENT_IP_ADDR_ADD
ZEBRA: GROUT: grout_interface_addr4_change: add 172.16.0.1/24 iface 2
+ sleep 3
NOTICE: TRACE: [rx p0] fa:2a:ff:46:d7:2c > 33:33:ff:46:d7:2c / IPv6 :: > ff02::1:ff46:d72c ttl=255 proto=ICMPv6(58) / ICMPv6 neigh solicit who has fe80::f82a:ffff:fe46:d72c? / Option type=14 len=8(1), (pkt_len=86)
NOTICE: TRACE: [drop ndp_ns_input_drop] 1 packets
DEBUG: MEMPOOL: pending_free_cb: deferred free mempool mbuf_0:0 after 875 ms
INFO: PORT: link_event_cb: p0: link status up
DEBUG: IFACE: iface_event: iface event [0xacdc1006] STATUS_UP triggered for iface p0.
> iface up: p0 type=port id=2 mtu=1500
NOTICE: TRACE: [drop icmp6_output_no_route] 1 packets
NOTICE: TRACE: [tx p0] fa:2a:ff:46:d7:2c > ff:ff:ff:ff:ff:ff / ARP announce 172.16.0.1 is at fa:2a:ff:46:d7:2c, (pkt_len=42)
ZEBRA: GROUT: dplane_read_notifications: GR_EVENT_IFACE_STATUS_UP
ZEBRA: GROUT: grout_link_change: add iface p0
ZEBRA: GROUT: grout_add_del_route: add fe80::/64 origin link nh_id 63 vrf 1
ZEBRA: GROUT: grout_add_del_route: non-frr origin, skip
ZEBRA: GROUT: grout_add_del_route: add fe80::/64 origin link nh_id 63 vrf 1
ZEBRA: GROUT: grout_add_del_route: non-frr origin, skip
ZEBRA: GROUT: grout_add_del_route: add 172.16.0.0/24 origin link nh_id 64 vrf 1
ZEBRA: GROUT: grout_add_del_route: non-frr origin, skip
ZEBRA: GROUT: grout_add_del_route: add 172.16.0.0/24 origin link nh_id 64 vrf 1
ZEBRA: GROUT: grout_add_del_route: non-frr origin, skip
ZEBRA: GROUT: grout_add_del_route: add 172.16.0.1/32 origin link nh_id 64 vrf 1
ZEBRA: GROUT: grout_add_del_route: non-frr origin, skip
ZEBRA: GROUT: grout_add_del_route: add 172.16.0.1/32 origin link nh_id 64 vrf 1
ZEBRA: GROUT: grout_add_del_route: non-frr origin, skip
NOTICE: TRACE: [rx p0] fe:78:40:7f:f0:3f > fa:2a:ff:46:d7:2c / IP 172.16.0.2 > 172.16.0.1 ttl=255 proto=TCP(6) / TCP 48646 > 179 flags=S, (pkt_len=74)
NOTICE: TRACE: [cp tx p0] fa:2a:ff:46:d7:2c > fa:2a:ff:46:d7:2c / IP 172.16.0.2 > 172.16.0.1 ttl=255 proto=TCP(6) / TCP 48646 > 179 flags=S, (pkt_len=74)
NOTICE: TRACE: [tx p0] fa:2a:ff:46:d7:2c > ff:ff:ff:ff:ff:ff / ARP request who has 172.16.0.2? tell 172.16.0.1, (pkt_len=42)
NOTICE: TRACE: [rx p0] fe:78:40:7f:f0:3f > fa:2a:ff:46:d7:2c / ARP reply 172.16.0.2 is at fe:78:40:7f:f0:3f, (pkt_len=42)
> nh new: type=L3 iface=p0 vrf=main origin=learn family=ipv4 addr=172.16.0.2 state=new flags=neigh
NOTICE: TRACE: [tx p0] fa:2a:ff:46:d7:2c > fe:78:40:7f:f0:3f / IP 172.16.0.1 > 172.16.0.2 ttl=255 proto=TCP(6) / TCP 179 > 48646 flags=SA, (pkt_len=74)
> nh update: type=L3 iface=p0 vrf=main origin=learn family=ipv4 addr=172.16.0.2 state=reachable mac=fe:78:40:7f:f0:3f flags=neigh
NOTICE: TRACE: [rx p0] fe:78:40:7f:f0:3f > fa:2a:ff:46:d7:2c / IP 172.16.0.2 > 172.16.0.1 ttl=255 proto=TCP(6) / TCP 48646 > 179 flags=A, (pkt_len=66)
ZEBRA: GROUT: zebra_read_notifications: GR_EVENT_NEXTHOP_NEW
NOTICE: TRACE: [cp tx p0] fa:2a:ff:46:d7:2c > fa:2a:ff:46:d7:2c / IP 172.16.0.2 > 172.16.0.1 ttl=255 proto=TCP(6) / TCP 48646 > 179 flags=A, (pkt_len=66)
ZEBRA: GROUT: grout_nexthop_change: add nh_id 0 origin learn
NOTICE: TRACE: [rx p0] fe:78:40:7f:f0:3f > fa:2a:ff:46:d7:2c / IP 172.16.0.2 > 172.16.0.1 ttl=255 proto=TCP(6) / TCP 48646 > 179 flags=PA, (pkt_len=197)
ZEBRA: GROUT: grout_nexthop_change: dynamic neighbor learn, skip
ZEBRA: GROUT: zebra_read_notifications: GR_EVENT_NEXTHOP_UPDATE
NOTICE: TRACE: [cp tx p0] fa:2a:ff:46:d7:2c > fa:2a:ff:46:d7:2c / IP 172.16.0.2 > 172.16.0.1 ttl=255 proto=TCP(6) / TCP 48646 > 179 flags=PA, (pkt_len=197)
ZEBRA: GROUT: grout_nexthop_change: add nh_id 0 origin learn
NOTICE: TRACE: [tx p0] fa:2a:ff:46:d7:2c > fe:78:40:7f:f0:3f / IP 172.16.0.1 > 172.16.0.2 ttl=255 proto=TCP(6) / TCP 179 > 48646 flags=FA, (pkt_len=66)
ZEBRA: GROUT: grout_neigh_notify: add neigh iface=2 172.16.0.2 fe:78:40:7f:f0:3f
NOTICE: TRACE: [tx p0] fa:2a:ff:46:d7:2c > fe:78:40:7f:f0:3f / IP 172.16.0.1 > 172.16.0.2 ttl=64 proto=TCP(6) / TCP 179 > 48646 flags=R, (pkt_len=54)
ZEBRA: GROUT: grout_nexthop_change: dynamic neighbor learn, skip
NOTICE: TRACE: [tx p0] fa:2a:ff:46:d7:2c > fe:78:40:7f:f0:3f / IP 172.16.0.1 > 172.16.0.2 ttl=255 proto=TCP(6) / TCP 41532 > 179 flags=S, (pkt_len=74)
NOTICE: TRACE: [rx p0] fe:78:40:7f:f0:3f > fa:2a:ff:46:d7:2c / IP 172.16.0.2 > 172.16.0.1 ttl=255 proto=TCP(6) / TCP 179 > 41532 flags=SA, (pkt_len=74)
NOTICE: TRACE: [cp tx p0] fa:2a:ff:46:d7:2c > fa:2a:ff:46:d7:2c / IP 172.16.0.2 > 172.16.0.1 ttl=255 proto=TCP(6) / TCP 179 > 41532 flags=SA, (pkt_len=74)
NOTICE: TRACE: [tx p0] fa:2a:ff:46:d7:2c > fe:78:40:7f:f0:3f / IP 172.16.0.1 > 172.16.0.2 ttl=255 proto=TCP(6) / TCP 41532 > 179 flags=A, (pkt_len=66)
NOTICE: TRACE: [tx p0] fa:2a:ff:46:d7:2c > fe:78:40:7f:f0:3f / IP 172.16.0.1 > 172.16.0.2 ttl=255 proto=TCP(6) / TCP 41532 > 179 flags=PA, (pkt_len=197)
NOTICE: TRACE: [rx p0] fe:78:40:7f:f0:3f > fa:2a:ff:46:d7:2c / IP 172.16.0.2 > 172.16.0.1 ttl=255 proto=TCP(6) / TCP 179 > 41532 flags=A, (pkt_len=66)
NOTICE: TRACE: [cp tx p0] fa:2a:ff:46:d7:2c > fa:2a:ff:46:d7:2c / IP 172.16.0.2 > 172.16.0.1 ttl=255 proto=TCP(6) / TCP 179 > 41532 flags=A, (pkt_len=66)
NOTICE: TRACE: [rx p0] fe:78:40:7f:f0:3f > fa:2a:ff:46:d7:2c / IP 172.16.0.2 > 172.16.0.1 ttl=255 proto=TCP(6) / TCP 179 > 41532 flags=PA, (pkt_len=197)
NOTICE: TRACE: [cp tx p0] fa:2a:ff:46:d7:2c > fa:2a:ff:46:d7:2c / IP 172.16.0.2 > 172.16.0.1 ttl=255 proto=TCP(6) / TCP 179 > 41532 flags=PA, (pkt_len=197)
NOTICE: TRACE: [tx p0] fa:2a:ff:46:d7:2c > fe:78:40:7f:f0:3f / IP 172.16.0.1 > 172.16.0.2 ttl=255 proto=TCP(6) / TCP 41532 > 179 flags=A, (pkt_len=66)
NOTICE: TRACE: [rx p0] fe:78:40:7f:f0:3f > fa:2a:ff:46:d7:2c / IP 172.16.0.2 > 172.16.0.1 ttl=255 proto=TCP(6) / TCP 179 > 41532 flags=PA, (pkt_len=85)
NOTICE: TRACE: [cp tx p0] fa:2a:ff:46:d7:2c > fa:2a:ff:46:d7:2c / IP 172.16.0.2 > 172.16.0.1 ttl=255 proto=TCP(6) / TCP 179 > 41532 flags=PA, (pkt_len=85)
NOTICE: TRACE: [tx p0] fa:2a:ff:46:d7:2c > fe:78:40:7f:f0:3f / IP 172.16.0.1 > 172.16.0.2 ttl=255 proto=TCP(6) / TCP 41532 > 179 flags=A, (pkt_len=66)
NOTICE: TRACE: [tx p0] fa:2a:ff:46:d7:2c > fe:78:40:7f:f0:3f / IP 172.16.0.1 > 172.16.0.2 ttl=255 proto=TCP(6) / TCP 41532 > 179 flags=PA, (pkt_len=85)
NOTICE: TRACE: [rx p0] fe:78:40:7f:f0:3f > fa:2a:ff:46:d7:2c / IP 172.16.0.2 > 172.16.0.1 ttl=255 proto=TCP(6) / TCP 179 > 41532 flags=A, (pkt_len=66)
NOTICE: TRACE: [cp tx p0] fa:2a:ff:46:d7:2c > fa:2a:ff:46:d7:2c / IP 172.16.0.2 > 172.16.0.1 ttl=255 proto=TCP(6) / TCP 179 > 41532 flags=A, (pkt_len=66)
NOTICE: TRACE: [rx p0] fa:2a:ff:46:d7:2c > 33:33:00:00:00:16 / IPv6 :: > ff02::16 ttl=1 proto=HOPOPT(0) / ICMPv6 type=143 code=0, (pkt_len=90)
NOTICE: TRACE: [drop icmp6_input_unsupported] 1 packets
NOTICE: TRACE: [rx p0] fa:2a:ff:46:d7:2c > 33:33:00:00:00:16 / IPv6 fe80::f82a:ffff:fe46:d72c > ff02::16 ttl=1 proto=HOPOPT(0) / ICMPv6 type=143 code=0, (pkt_len=90)
NOTICE: TRACE: [rx p0] fa:2a:ff:46:d7:2c > 33:33:00:00:00:02 / IPv6 fe80::f82a:ffff:fe46:d72c > ff02::2 ttl=255 proto=ICMPv6(58) / ICMPv6 router solicit / Option src_lladdr=fa:2a:ff:46:d7:2c, (pkt_len=70)
NOTICE: TRACE: [drop icmp6_input_unsupported] 1 packets
NOTICE: TRACE: [tx p0] fa:2a:ff:46:d7:2c > 33:33:00:00:00:01 / IPv6 fe80::f82a:ffff:fe46:d72c > ff02::1 ttl=255 proto=ICMPv6(58) / ICMPv6 router advert / Option src_lladdr=fa:2a:ff:46:d7:2c, (pkt_len=78)
NOTICE: TRACE: [rx p0] fa:2a:ff:46:d7:2c > 33:33:00:00:00:16 / IPv6 fe80::f82a:ffff:fe46:d72c > ff02::16 ttl=1 proto=HOPOPT(0) / ICMPv6 type=143 code=0, (pkt_len=90)
NOTICE: TRACE: [drop icmp6_input_unsupported] 1 packets
NOTICE: TRACE: [tx p0] fa:2a:ff:46:d7:2c > fe:78:40:7f:f0:3f / IP 172.16.0.1 > 172.16.0.2 ttl=255 proto=TCP(6) / TCP 41532 > 179 flags=PA, (pkt_len=145)
NOTICE: TRACE: [rx p0] fe:78:40:7f:f0:3f > fa:2a:ff:46:d7:2c / IP 172.16.0.2 > 172.16.0.1 ttl=255 proto=TCP(6) / TCP 179 > 41532 flags=A, (pkt_len=66)
NOTICE: TRACE: [cp tx p0] fa:2a:ff:46:d7:2c > fa:2a:ff:46:d7:2c / IP 172.16.0.2 > 172.16.0.1 ttl=255 proto=TCP(6) / TCP 179 > 41532 flags=A, (pkt_len=66)
[bgp-peer] BGP: [M59KS-A3ZXZ] bgp_update_receive_eor: rcvd End-of-RIB for IPv4 Unicast from 172.16.0.1 in vrf default
NOTICE: TRACE: [rx p0] fe:78:40:7f:f0:3f > fa:2a:ff:46:d7:2c / IP 172.16.0.2 > 172.16.0.1 ttl=255 proto=TCP(6) / TCP 179 > 41532 flags=PA, (pkt_len=149)
NOTICE: TRACE: [cp tx p0] fa:2a:ff:46:d7:2c > fa:2a:ff:46:d7:2c / IP 172.16.0.2 > 172.16.0.1 ttl=255 proto=TCP(6) / TCP 179 > 41532 flags=PA, (pkt_len=149)
BGP: [M59KS-A3ZXZ] bgp_update_receive_eor: rcvd End-of-RIB for IPv4 Unicast from 172.16.0.2 in vrf default
NOTICE: TRACE: [tx p0] fa:2a:ff:46:d7:2c > fe:78:40:7f:f0:3f / IP 172.16.0.1 > 172.16.0.2 ttl=255 proto=TCP(6) / TCP 41532 > 179 flags=A, (pkt_len=66)
DEBUG: API: read_cb: pid=397682 id=63 req_type=0xacdc2003 (GR_NH_ADD) req_len=44 status=0 (Success) resp_len=0
> nh update: type=L3 id=66 iface=p0 vrf=main origin=zebra family=ipv4 addr=172.16.0.2 state=reachable mac=fe:78:40:7f:f0:3f
DEBUG: API: read_cb: pid=397682 id=64 req_type=0xf00d0001 (GR_IP4_ROUTE_ADD) req_len=24 status=0 (Success) resp_len=0
> route4 add: vrf=main 16.0.0.0/24 origin=bgp via type=L3 id=66 iface=p0 vrf=main origin=zebra family=ipv4 addr=172.16.0.2 state=reachable mac=fe:78:40:7f:f0:3f
ZEBRA: GROUT: grout_add_del_nexthop: add nh_id 66 origin zebra
ZEBRA: GROUT: grout_add_nexthop: nh_id 66 type L3
ZEBRA: GROUT: grout_client_send_recv: GR_NH_ADD: success
ZEBRA: GROUT: grout_add_del_route: add 16.0.0.0/24 origin bgp nh_id 66 vrf 1
ZEBRA: GROUT: grout_client_send_recv: GR_IP4_ROUTE_ADD: success
+ wait_bgp_established 30
+ local timeout=30
+ local elapsed=0
+ '[' 0 -lt 30 ']'
+ vtysh -c 'show bgp summary json'
+ jq -e '.ipv4Unicast.peers."172.16.0.2".state == "Established"'
+ return 0
+ teardown_bgp
+ python3 /home/apanatto/dev/github.com/DPDK/grout/subprojects/frr-frr-10.6.1/tools/frr-reload.py --confdir build//frr_install/etc/frr --bindir build//frr_install/bin --rundir build//frr_install/var/run/frr --reload --debug --stdout /tmp/tmp.kCeOhDfbvG/base.conf
2026-08-24 17:34:37,862  INFO: Called via "Namespace(input=None, reload=True, test=False, debug=True, log_level='info', stdout=True, pathspace=None, filename='/tmp/tmp.kCeOhDfbvG/base.conf', overwrite=False, bindir='build//frr_install/bin', confdir='build//frr_install/etc/frr', rundir='build//frr_install/var/run/frr', vty_socket=None, daemon='', test_reset=False, logfmt=False, logfile='/var/log/frr/frr-reload.log')"
2026-08-24 17:34:37,863  INFO: Loading Config object from file /tmp/tmp.kCeOhDfbvG/base.conf
2026-08-24 17:34:37,867 DEBUG: LINE hostname grout                                    : single-line context
2026-08-24 17:34:37,868 DEBUG: LINE debug zebra dplane dpdk                           : single-line context
2026-08-24 17:34:37,875 DEBUG: New Frr Config
hostname grout
debug zebra dplane dpdk

end

2026-08-24 17:34:37,875  INFO: Loading Config object from vtysh show running
2026-08-24 17:34:37,888 DEBUG: LINE frr version 10.6.1                                : single-line context
2026-08-24 17:34:37,889 DEBUG: LINE frr defaults traditional                          : single-line context
2026-08-24 17:34:37,889 DEBUG: LINE hostname apanatto-thinkpadt14gen5.rmtit.csb       : single-line context
2026-08-24 17:34:37,889 DEBUG: LINE debug zebra dplane dpdk                           : single-line context
2026-08-24 17:34:37,889 DEBUG: LINE vrf main                                          : enter context vrf main                                          
2026-08-24 17:34:37,889 DEBUG: LINE exit-vrf                                          : exit context vrf main                                          
2026-08-24 17:34:37,889 DEBUG: LINE router bgp 64512                                  : enter context router bgp 64512                                  
2026-08-24 17:34:37,889 DEBUG: LINE bgp router-id 172.16.0.1                          : add to current context router bgp 64512                                  
2026-08-24 17:34:37,889 DEBUG: LINE neighbor 172.16.0.2 remote-as 64512               : add to current context router bgp 64512                                  
2026-08-24 17:34:37,889 DEBUG: LINE address-family ipv4 unicast                       : enter context router bgp 64512 address-family ipv4 unicast      
2026-08-24 17:34:37,889 DEBUG: LINE network 172.16.0.0/24                             : add to current context router bgp 64512 address-family ipv4 unicast      
2026-08-24 17:34:37,889 DEBUG: LINE exit-address-family                               : exit context router bgp 64512 address-family ipv4 unicast      
2026-08-24 17:34:37,889 DEBUG: LINE exit                                              : exit context router bgp 64512                                  
2026-08-24 17:34:37,889 DEBUG: Running Frr Config (Pass #0)
frr version 10.6.1
frr defaults traditional
hostname apanatto-thinkpadt14gen5.rmtit.csb
!
debug zebra dplane dpdk
!
vrf main
exit-vrf
end
!
router bgp 64512
bgp router-id 172.16.0.1
neighbor 172.16.0.2 remote-as 64512
!
address-family ipv4 unicast
network 172.16.0.0/24
exit-address-family
exit
!
end
2026-08-24 17:34:37,889  INFO: "frr version 10.6.1" cannot be removed
2026-08-24 17:34:37,889  INFO: "frr defaults traditional" cannot be removed
2026-08-24 17:34:37,897  INFO: Executed "no hostname apanatto-thinkpadt14gen5.rmtit.csb"
ZEBRA: [WMBNH-V6XN6] Unable to find specified Interface for default
ZEBRA: [WMBNH-V6XN6] Unable to find specified Interface for default
NOTICE: TRACE: [tx p0] fa:2a:ff:46:d7:2c > fe:78:40:7f:f0:3f / IP 172.16.0.1 > 172.16.0.2 ttl=255 proto=TCP(6) / TCP 41532 > 179 flags=FA, (pkt_len=66)
NOTICE: TRACE: [rx p0] fe:78:40:7f:f0:3f > fa:2a:ff:46:d7:2c / IP 172.16.0.2 > 172.16.0.1 ttl=255 proto=TCP(6) / TCP 179 > 41532 flags=FA, (pkt_len=66)
NOTICE: TRACE: [cp tx p0] fa:2a:ff:46:d7:2c > fa:2a:ff:46:d7:2c / IP 172.16.0.2 > 172.16.0.1 ttl=255 proto=TCP(6) / TCP 179 > 41532 flags=FA, (pkt_len=66)
NOTICE: TRACE: [tx p0] fa:2a:ff:46:d7:2c > fe:78:40:7f:f0:3f / IP 172.16.0.1 > 172.16.0.2 ttl=255 proto=TCP(6) / TCP 41532 > 179 flags=A, (pkt_len=66)
2026-08-24 17:34:37,905  INFO: Executed "no router bgp 64512"
2026-08-24 17:34:37,906  INFO: build//frr_install/var/run/frr/reload-28FSJE.txt content
['hostname grout\n']
[399752|mgmtd] sending configuration
[399753|zebra] sending configuration
[399756|ospfd] sending configuration
[399757|ospf6d] sending configuration
MGMTD: [VTVCM-Y2NW3] Configuration Read in Took: 00:00:00
MGMTD: [G6NKK-8C6DV] end_config: VTY:0x35dd78c0, pending SET-CFG: 0
[399752|mgmtd] done
[399760|isisd] sending configuration
OSPF6: [VTVCM-Y2NW3] Configuration Read in Took: 00:00:00
OSPF6: [G6NKK-8C6DV] end_config: VTY:0x2ab395a0, pending SET-CFG: 0
OSPF: [VTVCM-Y2NW3] Configuration Read in Took: 00:00:00
OSPF: [G6NKK-8C6DV] end_config: VTY:0x26031e00, pending SET-CFG: 0
ZEBRA: [VTVCM-Y2NW3] Configuration Read in Took: 00:00:00
[399759|bgpd] sending configuration
ZEBRA: [G6NKK-8C6DV] end_config: VTY:0x1ead2840, pending SET-CFG: 0
[399753|zebra] done
[399756|ospfd] done
ISIS: [VTVCM-Y2NW3] Configuration Read in Took: 00:00:00
ISIS: [G6NKK-8C6DV] end_config: VTY:0xff7b7e0, pending SET-CFG: 0
[399760|isisd] done
BGP: [VTVCM-Y2NW3] Configuration Read in Took: 00:00:00
BGP: [G6NKK-8C6DV] end_config: VTY:0x1f18bd00, pending SET-CFG: 0
[399757|ospf6d] done
[399759|bgpd] done
[399768|staticd] sending configuration
[399769|bfdd] sending configuration
Waiting for children to finish applying config...
STATIC: [VTVCM-Y2NW3] Configuration Read in Took: 00:00:00
[399773|watchfrr] sending configuration
STATIC: [G6NKK-8C6DV] end_config: VTY:0xa0f9aa0, pending SET-CFG: 0
BFD: [VTVCM-Y2NW3] Configuration Read in Took: 00:00:00
[399769|bfdd] done
[399768|staticd] done
BFD: [G6NKK-8C6DV] end_config: VTY:0x37c70ec0, pending SET-CFG: 0
[399773|watchfrr] done
2026-08-24 17:34:37,914  INFO: Loading Config object from vtysh show running
DEBUG: ROUTE: rib4_delete: VRF 1: 16.0.0.0/24
DEBUG: API: read_cb: pid=397682 id=65 req_type=0xf00d0002 (GR_IP4_ROUTE_DEL) req_len=16 status=0 (Success) resp_len=0
> route4 del: vrf=main 16.0.0.0/24 origin=bgp via type=L3 id=66 iface=p0 vrf=main origin=zebra family=ipv4 addr=172.16.0.2 state=reachable mac=fe:78:40:7f:f0:3f
ZEBRA: GROUT: grout_add_del_route: del 16.0.0.0/24 origin bgp nh_id 66 vrf 1
ZEBRA: GROUT: grout_client_send_recv: GR_IP4_ROUTE_DEL: success
2026-08-24 17:34:37,921 DEBUG: LINE frr version 10.6.1                                : single-line context
2026-08-24 17:34:37,921 DEBUG: LINE frr defaults traditional                          : single-line context
2026-08-24 17:34:37,921 DEBUG: LINE hostname apanatto-thinkpadt14gen5.rmtit.csb       : single-line context
2026-08-24 17:34:37,921 DEBUG: LINE debug zebra dplane dpdk                           : single-line context
2026-08-24 17:34:37,921 DEBUG: LINE vrf main                                          : enter context vrf main                                          
2026-08-24 17:34:37,921 DEBUG: LINE exit-vrf                                          : exit context vrf main                                          
2026-08-24 17:34:37,921 DEBUG: Running Frr Config (Pass #1)
frr version 10.6.1
frr defaults traditional
hostname apanatto-thinkpadt14gen5.rmtit.csb
!
debug zebra dplane dpdk
!
vrf main
exit-vrf
end
!
end
2026-08-24 17:34:37,921  INFO: "frr version 10.6.1" cannot be removed
2026-08-24 17:34:37,921  INFO: "frr defaults traditional" cannot be removed
2026-08-24 17:34:37,921  INFO: build//frr_install/var/run/frr/reload-6IEC69.txt content
['hostname grout\n', 'hostname grout\n']
[399777|mgmtd] sending configuration
[399778|zebra] sending configuration
[399784|bgpd] sending configuration
[399785|isisd] sending configuration
BGP: [VTVCM-Y2NW3] Configuration Read in Took: 00:00:00
[399784|bgpd] done
BGP: [G6NKK-8C6DV] end_config: VTY:0x1f155b60, pending SET-CFG: 0
ISIS: [VTVCM-Y2NW3] Configuration Read in Took: 00:00:00
ISIS: [G6NKK-8C6DV] end_config: VTY:0xff7b7e0, pending SET-CFG: 0
[399785|isisd] done
[399793|staticd] sending configuration
[399794|bfdd] sending configuration
[399781|ospfd] sending configuration
[399782|ospf6d] sending configuration
Waiting for children to finish applying config...
[399798|watchfrr] sending configuration
STATIC: [VTVCM-Y2NW3] Configuration Read in Took: 00:00:00
STATIC: [G6NKK-8C6DV] end_config: VTY:0xa0f9aa0, pending SET-CFG: 0
[399793|staticd] done
BFD: [VTVCM-Y2NW3] Configuration Read in Took: 00:00:00
BFD: [G6NKK-8C6DV] end_config: VTY:0x37c70ec0, pending SET-CFG: 0
[399794|bfdd] done
MGMTD: [VTVCM-Y2NW3] Configuration Read in Took: 00:00:00
MGMTD: [G6NKK-8C6DV] end_config: VTY:0x35dd78c0, pending SET-CFG: 0
OSPF: [VTVCM-Y2NW3] Configuration Read in Took: 00:00:00
OSPF: [G6NKK-8C6DV] end_config: VTY:0x26031e00, pending SET-CFG: 0
[399798|watchfrr] done
OSPF6: [VTVCM-Y2NW3] Configuration Read in Took: 00:00:00
OSPF6: [G6NKK-8C6DV] end_config: VTY:0x2ab395a0, pending SET-CFG: 0
[399782|ospf6d] done
ZEBRA: [VTVCM-Y2NW3] Configuration Read in Took: 00:00:00
[399777|mgmtd] done
ZEBRA: [G6NKK-8C6DV] end_config: VTY:0x1ead2840, pending SET-CFG: 0
[399778|zebra] done
[399781|ospfd] done
+ grcli interface del p0
DEBUG: API: accept_conn_cb: new connection fd=26 pid=399802
DEBUG: API: read_cb: pid=399802 id=1 req_type=0xcafe1981 (GR_HELLO) req_len=132 status=0 (Success) resp_len=2
DEBUG: API: api_send: pid=399802 for_id=2 len=316
DEBUG: API: api_send: pid=399802 for_id=2 len=466
DEBUG: API: read_cb: pid=399802 id=2 req_type=0xacdc0004 (GR_IFACE_LIST) req_len=1 status=0 (Success) resp_len=0
DEBUG: API: read_cb: pid=399802 id=3 req_type=0xacdc0003 (GR_IFACE_GET) req_len=18 status=0 (Success) resp_len=466
DEBUG: IFACE: iface_event: iface event [0xacdc1003] PRE_REMOVE triggered for iface p0.
DEBUG: ROUTE: rib4_delete: VRF 1: 172.16.0.2/32
INFO: WORKER: port_unplug: port 0 unplugged
DEBUG: ROUTE: rib4_delete: VRF 1: 172.16.0.0/24
DEBUG: ROUTE: rib6_delete: VRF 1: fe80:2::/64
DEBUG: IFACE: iface_event: iface event [0xacdc1007] STATUS_DOWN triggered for iface p0.
DEBUG: MEMPOOL: gr_pktmbuf_pool_release: release mempool mbuf_-1:0 reserved 512 -> 256 (size 2047)
DEBUG: IFACE: iface_event: iface event [0xacdc1004] REMOVE triggered for iface p0.
DEBUG: MEMPOOL: gr_pktmbuf_pool_release: release mempool mbuf_0:1 reserved 511 -> 0 (size 2047)
DEBUG: MEMPOOL: gr_pktmbuf_pool_release: schedule mempool mbuf_0:1 for deferred free
INFO: PORT: iface_port_fini: port 0 destroyed
DEBUG: API: read_cb: pid=399802 id=4 req_type=0xacdc0002 (GR_IFACE_DEL) req_len=2 status=0 (Success) resp_len=0
DEBUG: API: disconnect_client: client pid=399802 disconnected
ZEBRA: GROUT: dplane_read_notifications: GR_EVENT_IP_ADDR_DEL
ZEBRA: GROUT: grout_interface_addr4_change: del 172.16.0.1/24 iface 2
ZEBRA: GROUT: zebra_read_notifications: GR_EVENT_NEXTHOP_DELETE
ZEBRA: GROUT: grout_nexthop_change: del nh_id 0 origin zebra
ZEBRA: GROUT: grout_neigh_notify: del neigh iface=2 172.16.0.2 fe:78:40:7f:f0:3f
ZEBRA: GROUT: grout_nexthop_change: nexthop without ID, skip
> nh del: type=L3 iface=p0 vrf=main origin=zebra family=ipv4 addr=172.16.0.2 state=reachable mac=fe:78:40:7f:f0:3f
> addr4 del: iface=p0 172.16.0.1/24
> route4 del: vrf=main 172.16.0.0/24 origin=link via type=L3 iface=p0 vrf=main origin=INTERNAL family=ipv4 addr=172.16.0.1/24 state=reachable mac=fa:2a:ff:46:d7:2c flags=local link
> addr6 del: iface=p0 fe80::f82a:ffff:fe46:d72c/64
> route6 del: vrf=main fe80:2::/64 origin=link via type=L3 iface=p0 vrf=main origin=INTERNAL family=ipv6 addr=fe80::f82a:ffff:fe46:d72c/64 state=reachable mac=fa:2a:ff:46:d7:2c f
> iface pre del: p0 type=port id=2 mtu=1500
> iface down: p0 type=port id=2 mtu=1500
> iface del: p0 type=port id=2 mtu=1500
ZEBRA: GROUT: dplane_read_notifications: GR_EVENT_IP6_ADDR_DEL
ZEBRA: GROUT: grout_interface_addr6_change: del fe80::f82a:ffff:fe46:d72c/64 iface 2
ZEBRA: GROUT: dplane_read_notifications: GR_EVENT_IFACE_STATUS_DOWN
ZEBRA: GROUT: grout_link_change: add iface p0
ZEBRA: GROUT: dplane_read_notifications: GR_EVENT_IFACE_REMOVE
ZEBRA: GROUT: grout_link_change: del iface p0
ZEBRA: GROUT: zebra_read_notifications: GR_EVENT_IP_ROUTE_DEL
ZEBRA: GROUT: grout_route4_change: del 172.16.0.0/24 origin link nh_id 0 route_vrf 1 nh_vrf 1
ZEBRA: GROUT: grout_route_change: link route, skip
ZEBRA: GROUT: zebra_read_notifications: GR_EVENT_IP6_ROUTE_DEL
ZEBRA: GROUT: grout_route6_change: del fe80:2::/64 origin link nh_id 0 route_vrf 1 nh_vrf 1
ZEBRA: GROUT: grout_route_change: link route, skip
+ echo 'Teardown complete'
Teardown complete
+ for i in $(seq 1 $iterations)
+ echo '=== Iteration 12/20 ==='
=== Iteration 12/20 ===
+ setup_bgp
+ python3 /home/apanatto/dev/github.com/DPDK/grout/subprojects/frr-frr-10.6.1/tools/frr-reload.py --confdir build//frr_install/etc/frr --bindir build//frr_install/bin --rundir build//frr_install/var/run/frr --reload --debug --stdout /tmp/tmp.kCeOhDfbvG/bgp.conf
ZEBRA: GROUT: grout_add_del_route: del 172.16.0.0/24 origin link nh_id 64 vrf 1
ZEBRA: GROUT: grout_add_del_route: non-frr origin, skip
ZEBRA: GROUT: grout_add_del_route: del 172.16.0.0/24 origin link nh_id 64 vrf 1
ZEBRA: GROUT: grout_add_del_route: non-frr origin, skip
ZEBRA: GROUT: grout_add_del_route: del 172.16.0.1/32 origin link nh_id 64 vrf 1
ZEBRA: GROUT: grout_add_del_route: non-frr origin, skip
ZEBRA: GROUT: grout_add_del_route: del 172.16.0.1/32 origin link nh_id 64 vrf 1
ZEBRA: GROUT: grout_add_del_route: non-frr origin, skip
ZEBRA: GROUT: grout_add_del_route: del fe80::/64 origin link nh_id 63 vrf 1
ZEBRA: GROUT: grout_add_del_route: non-frr origin, skip
ZEBRA: GROUT: grout_add_del_route: del fe80::/64 origin link nh_id 63 vrf 1
ZEBRA: GROUT: grout_add_del_route: non-frr origin, skip
2026-08-24 17:34:38,084  INFO: Called via "Namespace(input=None, reload=True, test=False, debug=True, log_level='info', stdout=True, pathspace=None, filename='/tmp/tmp.kCeOhDfbvG/bgp.conf', overwrite=False, bindir='build//frr_install/bin', confdir='build//frr_install/etc/frr', rundir='build//frr_install/var/run/frr', vty_socket=None, daemon='', test_reset=False, logfmt=False, logfile='/var/log/frr/frr-reload.log')"
2026-08-24 17:34:38,084  INFO: Loading Config object from file /tmp/tmp.kCeOhDfbvG/bgp.conf
2026-08-24 17:34:38,091 DEBUG: LINE hostname grout                                    : single-line context
2026-08-24 17:34:38,092 DEBUG: LINE debug zebra dplane dpdk                           : single-line context
2026-08-24 17:34:38,092 DEBUG: LINE router bgp 64512                                  : enter context router bgp 64512                                  
2026-08-24 17:34:38,092 DEBUG: LINE bgp router-id 172.16.0.1                          : add to current context router bgp 64512                                  
2026-08-24 17:34:38,092 DEBUG: LINE neighbor 172.16.0.2 remote-as 64512               : add to current context router bgp 64512                                  
2026-08-24 17:34:38,092 DEBUG: LINE address-family ipv4 unicast                       : enter context router bgp 64512 address-family ipv4 unicast      
2026-08-24 17:34:38,092 DEBUG: LINE network 172.16.0.0/24                             : add to current context router bgp 64512 address-family ipv4 unicast      
2026-08-24 17:34:38,092 DEBUG: LINE exit-address-family                               : exit context router bgp 64512 address-family ipv4 unicast      
2026-08-24 17:34:38,092 DEBUG: LINE exit                                              : exit context router bgp 64512                                  
2026-08-24 17:34:38,100 DEBUG: New Frr Config
hostname grout
debug zebra dplane dpdk
router bgp 64512
bgp router-id 172.16.0.1
neighbor 172.16.0.2 remote-as 64512
address-family ipv4 unicast
network 172.16.0.0/24
exit-address-family
exit

end

2026-08-24 17:34:38,101  INFO: Loading Config object from vtysh show running
2026-08-24 17:34:38,137 DEBUG: LINE frr version 10.6.1                                : single-line context
2026-08-24 17:34:38,137 DEBUG: LINE frr defaults traditional                          : single-line context
2026-08-24 17:34:38,137 DEBUG: LINE hostname apanatto-thinkpadt14gen5.rmtit.csb       : single-line context
2026-08-24 17:34:38,137 DEBUG: LINE debug zebra dplane dpdk                           : single-line context
2026-08-24 17:34:38,137 DEBUG: LINE vrf main                                          : enter context vrf main                                          
2026-08-24 17:34:38,137 DEBUG: LINE exit-vrf                                          : exit context vrf main                                          
2026-08-24 17:34:38,137 DEBUG: Running Frr Config (Pass #0)
frr version 10.6.1
frr defaults traditional
hostname apanatto-thinkpadt14gen5.rmtit.csb
!
debug zebra dplane dpdk
!
vrf main
exit-vrf
end
!
end
2026-08-24 17:34:38,138  INFO: "frr version 10.6.1" cannot be removed
2026-08-24 17:34:38,138  INFO: "frr defaults traditional" cannot be removed
2026-08-24 17:34:38,168  INFO: Executed "no hostname apanatto-thinkpadt14gen5.rmtit.csb"
2026-08-24 17:34:38,169  INFO: build//frr_install/var/run/frr/reload-XD0JXM.txt content
['hostname grout\n',
 'router bgp 64512\nexit\n',
 'router bgp 64512\n bgp router-id 172.16.0.1\nexit\n',
 'router bgp 64512\n neighbor 172.16.0.2 remote-as 64512\nexit\n',
 'router bgp 64512\n address-family ipv4 unicast\n exit\nexit\n',
 'router bgp 64512\n'
 ' address-family ipv4 unicast\n'
 '  network 172.16.0.0/24 \n'
 ' exit\n'
 'exit\n']
[399850|mgmtd] sending configuration
[399851|zebra] sending configuration
[399854|ospfd] sending configuration
[399857|bgpd] sending configuration
[399855|ospf6d] sending configuration
[399858|isisd] sending configuration
ZEBRA: [VTVCM-Y2NW3] Configuration Read in Took: 00:00:00
ZEBRA: [G6NKK-8C6DV] end_config: VTY:0x1ead2840, pending SET-CFG: 0
MGMTD: [VTVCM-Y2NW3] Configuration Read in Took: 00:00:00
[399851|zebra] done
MGMTD: [G6NKK-8C6DV] end_config: VTY:0x35df98f0, pending SET-CFG: 0
[399850|mgmtd] done
OSPF: [VTVCM-Y2NW3] Configuration Read in Took: 00:00:00
OSPF: [G6NKK-8C6DV] end_config: VTY:0x26031e00, pending SET-CFG: 0
[399854|ospfd] done
ISIS: [VTVCM-Y2NW3] Configuration Read in Took: 00:00:00
[399858|isisd] done
ISIS: [G6NKK-8C6DV] end_config: VTY:0xff70dc0, pending SET-CFG: 0
[399866|staticd] sending configuration
OSPF6: [VTVCM-Y2NW3] Configuration Read in Took: 00:00:00
OSPF6: [G6NKK-8C6DV] end_config: VTY:0x2ab395a0, pending SET-CFG: 0
[399855|ospf6d] done
ZEBRA: [WMBNH-V6XN6] Unable to find specified Interface for default
ZEBRA: [WMBNH-V6XN6] Unable to find specified Interface for default
[399867|bfdd] sending configuration
STATIC: [VTVCM-Y2NW3] Configuration Read in Took: 00:00:00
STATIC: [G6NKK-8C6DV] end_config: VTY:0xa0f9aa0, pending SET-CFG: 0
[399866|staticd] done
Waiting for children to finish applying config...
[399871|watchfrr] sending configuration
BFD: [VTVCM-Y2NW3] Configuration Read in Took: 00:00:00
BFD: [G6NKK-8C6DV] end_config: VTY:0x37c70ea0, pending SET-CFG: 0
[399867|bfdd] done
BGP: [VTVCM-Y2NW3] Configuration Read in Took: 00:00:00
BGP: [G6NKK-8C6DV] end_config: VTY:0x1f155b60, pending SET-CFG: 0
[399857|bgpd] done
[399871|watchfrr] done
2026-08-24 17:34:38,182  INFO: Loading Config object from vtysh show running
2026-08-24 17:34:38,191 DEBUG: LINE frr version 10.6.1                                : single-line context
2026-08-24 17:34:38,191 DEBUG: LINE frr defaults traditional                          : single-line context
2026-08-24 17:34:38,191 DEBUG: LINE hostname apanatto-thinkpadt14gen5.rmtit.csb       : single-line context
2026-08-24 17:34:38,191 DEBUG: LINE debug zebra dplane dpdk                           : single-line context
2026-08-24 17:34:38,191 DEBUG: LINE vrf main                                          : enter context vrf main                                          
2026-08-24 17:34:38,191 DEBUG: LINE exit-vrf                                          : exit context vrf main                                          
2026-08-24 17:34:38,191 DEBUG: LINE router bgp 64512                                  : enter context router bgp 64512                                  
2026-08-24 17:34:38,191 DEBUG: LINE bgp router-id 172.16.0.1                          : add to current context router bgp 64512                                  
2026-08-24 17:34:38,191 DEBUG: LINE neighbor 172.16.0.2 remote-as 64512               : add to current context router bgp 64512                                  
2026-08-24 17:34:38,192 DEBUG: LINE address-family ipv4 unicast                       : enter context router bgp 64512 address-family ipv4 unicast      
2026-08-24 17:34:38,192 DEBUG: LINE network 172.16.0.0/24                             : add to current context router bgp 64512 address-family ipv4 unicast      
2026-08-24 17:34:38,192 DEBUG: LINE exit-address-family                               : exit context router bgp 64512 address-family ipv4 unicast      
2026-08-24 17:34:38,192 DEBUG: LINE exit                                              : exit context router bgp 64512                                  
2026-08-24 17:34:38,192 DEBUG: Running Frr Config (Pass #1)
frr version 10.6.1
frr defaults traditional
hostname apanatto-thinkpadt14gen5.rmtit.csb
!
debug zebra dplane dpdk
!
vrf main
exit-vrf
end
!
router bgp 64512
bgp router-id 172.16.0.1
neighbor 172.16.0.2 remote-as 64512
!
address-family ipv4 unicast
network 172.16.0.0/24
exit-address-family
exit
!
end
2026-08-24 17:34:38,192  INFO: "frr version 10.6.1" cannot be removed
2026-08-24 17:34:38,192  INFO: "frr defaults traditional" cannot be removed
2026-08-24 17:34:38,192  INFO: build//frr_install/var/run/frr/reload-7D60LA.txt content
['hostname grout\n',
 'hostname grout\n',
 'router bgp 64512\nexit\n',
 'router bgp 64512\n bgp router-id 172.16.0.1\nexit\n',
 'router bgp 64512\n neighbor 172.16.0.2 remote-as 64512\nexit\n',
 'router bgp 64512\n address-family ipv4 unicast\n exit\nexit\n',
 'router bgp 64512\n'
 ' address-family ipv4 unicast\n'
 '  network 172.16.0.0/24 \n'
 ' exit\n'
 'exit\n']
[399875|mgmtd] sending configuration
[399876|zebra] sending configuration
[399879|ospfd] sending configuration
[399880|ospf6d] sending configuration
[399882|bgpd] sending configuration
[399883|isisd] sending configuration
[399876|zebra] done
ZEBRA: [VTVCM-Y2NW3] Configuration Read in Took: 00:00:00
[399875|mgmtd] done
ZEBRA: [G6NKK-8C6DV] end_config: VTY:0x1ead2840, pending SET-CFG: 0
MGMTD: [VTVCM-Y2NW3] Configuration Read in Took: 00:00:00
MGMTD: [G6NKK-8C6DV] end_config: VTY:0x35df98f0, pending SET-CFG: 0
[399879|ospfd] done
OSPF: [VTVCM-Y2NW3] Configuration Read in Took: 00:00:00
OSPF: [G6NKK-8C6DV] end_config: VTY:0x26031e00, pending SET-CFG: 0
OSPF6: [VTVCM-Y2NW3] Configuration Read in Took: 00:00:00
OSPF6: [G6NKK-8C6DV] end_config: VTY:0x2ab395a0, pending SET-CFG: 0
ISIS: [VTVCM-Y2NW3] Configuration Read in Took: 00:00:00
[399883|isisd] done
ISIS: [G6NKK-8C6DV] end_config: VTY:0xff70dc0, pending SET-CFG: 0
[399880|ospf6d] done
[399891|staticd] sending configuration
[399892|bfdd] sending configuration
Waiting for children to finish applying config...
BGP: [VTVCM-Y2NW3] Configuration Read in Took: 00:00:00
BGP: [G6NKK-8C6DV] end_config: VTY:0x1f18bd00, pending SET-CFG: 0
[399896|watchfrr] sending configuration
[399882|bgpd] done
STATIC: [VTVCM-Y2NW3] Configuration Read in Took: 00:00:00
[399891|staticd] done
[399892|bfdd] done
STATIC: [G6NKK-8C6DV] end_config: VTY:0xa0f9aa0, pending SET-CFG: 0
BFD: [VTVCM-Y2NW3] Configuration Read in Took: 00:00:00
BFD: [G6NKK-8C6DV] end_config: VTY:0x37c70ea0, pending SET-CFG: 0
[399896|watchfrr] done
+ grcli interface add port p0 devargs net_tap0,remote=veth0
DEBUG: API: accept_conn_cb: new connection fd=26 pid=399899
DEBUG: API: read_cb: pid=399899 id=1 req_type=0xcafe1981 (GR_HELLO) req_len=132 status=0 (Success) resp_len=2
ERR: TAP: tap_nl_dump_ext_ack(): Cannot delete qdisc with handle of zero
DEBUG: MEMPOOL: gr_pktmbuf_pool_get: allocate mempool mbuf_0:0 reserved 511 (size 2047, mbuf_size 2048)
INFO: WORKER: port_plug: port 0 plugged
DEBUG: GRAPH: worker_graph_new: [CPU 6] <- port=0 rxq=0 burst_size=64
DEBUG: GRAPH: worker_graph_new: [CPU 6] -> port 0 txq 0
DEBUG: IFACE: iface_event: iface event [0xacdc1008] MAC_CHANGE triggered for iface p0.
DEBUG: MEMPOOL: gr_pktmbuf_pool_get: reuse mempool mbuf_-1:0 reserved 256 -> 512 (size 2047, mbuf_size 2048)
DEBUG: IFACE: iface_event: iface event [0xacdc1001] ADD triggered for iface p0.
DEBUG: IFACE: iface_event: iface event [0xacdc1002] POST_ADD triggered for iface p0.
INFO: ADDRESS: mcast6_addr_add: p0: joining multicast group ff02::1:ff46:d72c
INFO: ADDRESS: mcast6_addr_add: p0: joining multicast group ff01::1
INFO: ADDRESS: mcast6_addr_add: p0: joining multicast group ff02::1
INFO: ADDRESS: mcast6_addr_add: p0: joining multicast group ff01::2
INFO: ADDRESS: mcast6_addr_add: p0: joining multicast group ff02::2
INFO: ADDRESS: mcast6_addr_add: p0: joining multicast group ff05::2
INFO: ADDRESS: mcast6_addr_add: p0: joining multicast group ff02::5
INFO: ADDRESS: mcast6_addr_add: p0: joining multicast group ff02::6
INFO: ADDRESS: mcast6_addr_add: p0: joining multicast group ff02::8
INFO: ADDRESS: mcast6_addr_add: p0: joining multicast group ff02::16
DEBUG: API: read_cb: pid=399899 id=2 req_type=0xacdc0001 (GR_IFACE_ADD) req_len=466 status=0 (Success) resp_len=2
Created interface 2
> iface mac change: p0 type=port id=2 mtu=0
> iface add: p0 type=port id=2 mtu=0
DEBUG: API: disconnect_client: client pid=399899 disconnected
> route6 add: vrf=main fe80::f82a:ffff:fe46:d72c/64 origin=link via type=L3 iface=p0 vrf=main origin=INTERNAL family=ipv6 addr=fe80::f82a:ffff:fe46:d72c/64 state=reachable mac=fa:2a:ff:46:d7:2c f
> addr6 add: iface=p0 fe80::f82a:ffff:fe46:d72c/64
> iface post add: p0 type=port id=2 mtu=0
ZEBRA: GROUT: zebra_read_notifications: GR_EVENT_IP6_ROUTE_ADD
ZEBRA: GROUT: grout_route6_change: add fe80::f82a:ffff:fe46:d72c/64 origin link nh_id 0 route_vrf 1 nh_vrf 1
ZEBRA: GROUT: grout_route_change: link route, skip
ZEBRA: GROUT: dplane_read_notifications: GR_EVENT_IFACE_MAC_CHANGE
ZEBRA: GROUT: grout_link_change: add iface p0
ZEBRA: GROUT: dplane_read_notifications: GR_EVENT_IFACE_ADD
ZEBRA: GROUT: grout_link_change: add iface p0
ZEBRA: GROUT: dplane_read_notifications: GR_EVENT_IP6_ADDR_ADD
ZEBRA: GROUT: grout_interface_addr6_change: add fe80::f82a:ffff:fe46:d72c/64 iface 2
+ grcli address add 172.16.0.1/24 iface p0
NOTICE: TRACE: [rx p0] fa:2a:ff:46:d7:2c > 33:33:00:00:00:16 / IPv6 :: > ff02::16 ttl=1 proto=HOPOPT(0) / ICMPv6 type=143 code=0, (pkt_len=90)
NOTICE: TRACE: [drop icmp6_input_unsupported] 1 packets
DEBUG: API: accept_conn_cb: new connection fd=26 pid=399900
DEBUG: API: read_cb: pid=399900 id=1 req_type=0xcafe1981 (GR_HELLO) req_len=132 status=0 (Success) resp_len=2
DEBUG: API: api_send: pid=399900 for_id=2 len=316
DEBUG: API: api_send: pid=399900 for_id=2 len=466
DEBUG: API: read_cb: pid=399900 id=2 req_type=0xacdc0004 (GR_IFACE_LIST) req_len=1 status=0 (Success) resp_len=0
DEBUG: API: read_cb: pid=399900 id=3 req_type=0xacdc0003 (GR_IFACE_GET) req_len=18 status=0 (Success) resp_len=466
DEBUG: API: read_cb: pid=399900 id=4 req_type=0xf00d0005 (GR_IP4_ADDR_ADD) req_len=16 status=0 (Success) resp_len=0
> route4 add: vrf=main 172.16.0.1/24 origin=link via type=L3 iface=p0 vrf=main origin=INTERNAL family=ipv4 addr=172.16.0.1/24 state=reachable mac=fa:2a:ff:46:d7:2c flags=local link
DEBUG: API: disconnect_client: client pid=399900 disconnected
> addr4 add: iface=p0 172.16.0.1/24
ZEBRA: GROUT: zebra_read_notifications: GR_EVENT_IP_ROUTE_ADD
ZEBRA: GROUT: grout_route4_change: add 172.16.0.1/24 origin link nh_id 0 route_vrf 1 nh_vrf 1
ZEBRA: GROUT: grout_route_change: link route, skip
ZEBRA: GROUT: dplane_read_notifications: GR_EVENT_IP_ADDR_ADD
ZEBRA: GROUT: grout_interface_addr4_change: add 172.16.0.1/24 iface 2
+ sleep 3
INFO: PORT: link_event_cb: p0: link status up
DEBUG: IFACE: iface_event: iface event [0xacdc1006] STATUS_UP triggered for iface p0.
DEBUG: MEMPOOL: pending_free_cb: deferred free mempool mbuf_0:1 after 439 ms
NOTICE: TRACE: [tx p0] fa:2a:ff:46:d7:2c > ff:ff:ff:ff:ff:ff / ARP announce 172.16.0.1 is at fa:2a:ff:46:d7:2c, (pkt_len=42)
NOTICE: TRACE: [tx p0] fa:2a:ff:46:d7:2c > 33:33:00:00:00:01 / IPv6 fe80::f82a:ffff:fe46:d72c > ff02::1 ttl=255 proto=ICMPv6(58) / ICMPv6 neigh advert fe80::f82a:ffff:fe46:d72c is at (solicited=0) / Option target_lladdr=fa:2a:ff:46:d7:2c, (pkt_len=86)
> iface up: p0 type=port id=2 mtu=1500
ZEBRA: GROUT: dplane_read_notifications: GR_EVENT_IFACE_STATUS_UP
ZEBRA: GROUT: grout_link_change: add iface p0
ZEBRA: GROUT: grout_add_del_route: add fe80::/64 origin link nh_id 69 vrf 1
ZEBRA: GROUT: grout_add_del_route: non-frr origin, skip
ZEBRA: GROUT: grout_add_del_route: add fe80::/64 origin link nh_id 69 vrf 1
ZEBRA: GROUT: grout_add_del_route: non-frr origin, skip
ZEBRA: GROUT: grout_add_del_route: add 172.16.0.0/24 origin link nh_id 70 vrf 1
ZEBRA: GROUT: grout_add_del_route: non-frr origin, skip
ZEBRA: GROUT: grout_add_del_route: add 172.16.0.0/24 origin link nh_id 70 vrf 1
ZEBRA: GROUT: grout_add_del_route: non-frr origin, skip
ZEBRA: GROUT: grout_add_del_route: add 172.16.0.1/32 origin link nh_id 70 vrf 1
ZEBRA: GROUT: grout_add_del_route: non-frr origin, skip
ZEBRA: GROUT: grout_add_del_route: add 172.16.0.1/32 origin link nh_id 70 vrf 1
ZEBRA: GROUT: grout_add_del_route: non-frr origin, skip
NOTICE: TRACE: [rx p0] fa:2a:ff:46:d7:2c > 33:33:00:00:00:16 / IPv6 :: > ff02::16 ttl=1 proto=HOPOPT(0) / ICMPv6 type=143 code=0, (pkt_len=90)
NOTICE: TRACE: [drop icmp6_input_unsupported] 1 packets
NOTICE: TRACE: [rx p0] fe:78:40:7f:f0:3f > fa:2a:ff:46:d7:2c / IP 172.16.0.2 > 172.16.0.1 ttl=255 proto=TCP(6) / TCP 48660 > 179 flags=S, (pkt_len=74)
NOTICE: TRACE: [cp tx p0] fa:2a:ff:46:d7:2c > fa:2a:ff:46:d7:2c / IP 172.16.0.2 > 172.16.0.1 ttl=255 proto=TCP(6) / TCP 48660 > 179 flags=S, (pkt_len=74)
NOTICE: TRACE: [tx p0] fa:2a:ff:46:d7:2c > ff:ff:ff:ff:ff:ff / ARP request who has 172.16.0.2? tell 172.16.0.1, (pkt_len=42)
NOTICE: TRACE: [rx p0] fe:78:40:7f:f0:3f > fa:2a:ff:46:d7:2c / ARP reply 172.16.0.2 is at fe:78:40:7f:f0:3f, (pkt_len=42)
> nh new: type=L3 iface=p0 vrf=main origin=learn family=ipv4 addr=172.16.0.2 state=new flags=neigh
NOTICE: TRACE: [tx p0] fa:2a:ff:46:d7:2c > fe:78:40:7f:f0:3f / IP 172.16.0.1 > 172.16.0.2 ttl=255 proto=TCP(6) / TCP 179 > 48660 flags=SA, (pkt_len=74)
> nh update: type=L3 iface=p0 vrf=main origin=learn family=ipv4 addr=172.16.0.2 state=reachable mac=fe:78:40:7f:f0:3f flags=neigh
NOTICE: TRACE: [rx p0] fe:78:40:7f:f0:3f > fa:2a:ff:46:d7:2c / IP 172.16.0.2 > 172.16.0.1 ttl=255 proto=TCP(6) / TCP 48660 > 179 flags=A, (pkt_len=66)
NOTICE: TRACE: [cp tx p0] fa:2a:ff:46:d7:2c > fa:2a:ff:46:d7:2c / IP 172.16.0.2 > 172.16.0.1 ttl=255 proto=TCP(6) / TCP 48660 > 179 flags=A, (pkt_len=66)
NOTICE: TRACE: [rx p0] fe:78:40:7f:f0:3f > fa:2a:ff:46:d7:2c / IP 172.16.0.2 > 172.16.0.1 ttl=255 proto=TCP(6) / TCP 48660 > 179 flags=PA, (pkt_len=197)
NOTICE: TRACE: [cp tx p0] fa:2a:ff:46:d7:2c > fa:2a:ff:46:d7:2c / IP 172.16.0.2 > 172.16.0.1 ttl=255 proto=TCP(6) / TCP 48660 > 179 flags=PA, (pkt_len=197)
NOTICE: TRACE: [tx p0] fa:2a:ff:46:d7:2c > fe:78:40:7f:f0:3f / IP 172.16.0.1 > 172.16.0.2 ttl=255 proto=TCP(6) / TCP 179 > 48660 flags=FA, (pkt_len=66)
NOTICE: TRACE: [tx p0] fa:2a:ff:46:d7:2c > fe:78:40:7f:f0:3f / IP 172.16.0.1 > 172.16.0.2 ttl=64 proto=TCP(6) / TCP 179 > 48660 flags=R, (pkt_len=54)
ZEBRA: GROUT: zebra_read_notifications: GR_EVENT_NEXTHOP_NEW
ZEBRA: GROUT: grout_nexthop_change: add nh_id 0 origin learn
ZEBRA: GROUT: grout_nexthop_change: dynamic neighbor learn, skip
ZEBRA: GROUT: zebra_read_notifications: GR_EVENT_NEXTHOP_UPDATE
ZEBRA: GROUT: grout_nexthop_change: add nh_id 0 origin learn
ZEBRA: GROUT: grout_neigh_notify: add neigh iface=2 172.16.0.2 fe:78:40:7f:f0:3f
ZEBRA: GROUT: grout_nexthop_change: dynamic neighbor learn, skip
NOTICE: TRACE: [tx p0] fa:2a:ff:46:d7:2c > fe:78:40:7f:f0:3f / IP 172.16.0.1 > 172.16.0.2 ttl=255 proto=TCP(6) / TCP 41534 > 179 flags=S, (pkt_len=74)
NOTICE: TRACE: [rx p0] fe:78:40:7f:f0:3f > fa:2a:ff:46:d7:2c / IP 172.16.0.2 > 172.16.0.1 ttl=255 proto=TCP(6) / TCP 179 > 41534 flags=SA, (pkt_len=74)
NOTICE: TRACE: [cp tx p0] fa:2a:ff:46:d7:2c > fa:2a:ff:46:d7:2c / IP 172.16.0.2 > 172.16.0.1 ttl=255 proto=TCP(6) / TCP 179 > 41534 flags=SA, (pkt_len=74)
NOTICE: TRACE: [tx p0] fa:2a:ff:46:d7:2c > fe:78:40:7f:f0:3f / IP 172.16.0.1 > 172.16.0.2 ttl=255 proto=TCP(6) / TCP 41534 > 179 flags=A, (pkt_len=66)
NOTICE: TRACE: [tx p0] fa:2a:ff:46:d7:2c > fe:78:40:7f:f0:3f / IP 172.16.0.1 > 172.16.0.2 ttl=255 proto=TCP(6) / TCP 41534 > 179 flags=PA, (pkt_len=197)
NOTICE: TRACE: [rx p0] fe:78:40:7f:f0:3f > fa:2a:ff:46:d7:2c / IP 172.16.0.2 > 172.16.0.1 ttl=255 proto=TCP(6) / TCP 179 > 41534 flags=A, (pkt_len=66)
NOTICE: TRACE: [cp tx p0] fa:2a:ff:46:d7:2c > fa:2a:ff:46:d7:2c / IP 172.16.0.2 > 172.16.0.1 ttl=255 proto=TCP(6) / TCP 179 > 41534 flags=A, (pkt_len=66)
NOTICE: TRACE: [rx p0] fe:78:40:7f:f0:3f > fa:2a:ff:46:d7:2c / IP 172.16.0.2 > 172.16.0.1 ttl=255 proto=TCP(6) / TCP 179 > 41534 flags=PA, (pkt_len=197)
NOTICE: TRACE: [cp tx p0] fa:2a:ff:46:d7:2c > fa:2a:ff:46:d7:2c / IP 172.16.0.2 > 172.16.0.1 ttl=255 proto=TCP(6) / TCP 179 > 41534 flags=PA, (pkt_len=197)
NOTICE: TRACE: [tx p0] fa:2a:ff:46:d7:2c > fe:78:40:7f:f0:3f / IP 172.16.0.1 > 172.16.0.2 ttl=255 proto=TCP(6) / TCP 41534 > 179 flags=A, (pkt_len=66)
NOTICE: TRACE: [rx p0] fe:78:40:7f:f0:3f > fa:2a:ff:46:d7:2c / IP 172.16.0.2 > 172.16.0.1 ttl=255 proto=TCP(6) / TCP 179 > 41534 flags=PA, (pkt_len=85)
NOTICE: TRACE: [cp tx p0] fa:2a:ff:46:d7:2c > fa:2a:ff:46:d7:2c / IP 172.16.0.2 > 172.16.0.1 ttl=255 proto=TCP(6) / TCP 179 > 41534 flags=PA, (pkt_len=85)
NOTICE: TRACE: [tx p0] fa:2a:ff:46:d7:2c > fe:78:40:7f:f0:3f / IP 172.16.0.1 > 172.16.0.2 ttl=255 proto=TCP(6) / TCP 41534 > 179 flags=A, (pkt_len=66)
NOTICE: TRACE: [tx p0] fa:2a:ff:46:d7:2c > fe:78:40:7f:f0:3f / IP 172.16.0.1 > 172.16.0.2 ttl=255 proto=TCP(6) / TCP 41534 > 179 flags=PA, (pkt_len=85)
NOTICE: TRACE: [rx p0] fe:78:40:7f:f0:3f > fa:2a:ff:46:d7:2c / IP 172.16.0.2 > 172.16.0.1 ttl=255 proto=TCP(6) / TCP 179 > 41534 flags=A, (pkt_len=66)
NOTICE: TRACE: [cp tx p0] fa:2a:ff:46:d7:2c > fa:2a:ff:46:d7:2c / IP 172.16.0.2 > 172.16.0.1 ttl=255 proto=TCP(6) / TCP 179 > 41534 flags=A, (pkt_len=66)
NOTICE: TRACE: [tx p0] fa:2a:ff:46:d7:2c > fe:78:40:7f:f0:3f / IP 172.16.0.1 > 172.16.0.2 ttl=255 proto=TCP(6) / TCP 41534 > 179 flags=PA, (pkt_len=145)
NOTICE: TRACE: [rx p0] fe:78:40:7f:f0:3f > fa:2a:ff:46:d7:2c / IP 172.16.0.2 > 172.16.0.1 ttl=255 proto=TCP(6) / TCP 179 > 41534 flags=A, (pkt_len=66)
NOTICE: TRACE: [cp tx p0] fa:2a:ff:46:d7:2c > fa:2a:ff:46:d7:2c / IP 172.16.0.2 > 172.16.0.1 ttl=255 proto=TCP(6) / TCP 179 > 41534 flags=A, (pkt_len=66)
[bgp-peer] BGP: [M59KS-A3ZXZ] bgp_update_receive_eor: rcvd End-of-RIB for IPv4 Unicast from 172.16.0.1 in vrf default
NOTICE: TRACE: [rx p0] fe:78:40:7f:f0:3f > fa:2a:ff:46:d7:2c / IP 172.16.0.2 > 172.16.0.1 ttl=255 proto=TCP(6) / TCP 179 > 41534 flags=PA, (pkt_len=149)
NOTICE: TRACE: [cp tx p0] fa:2a:ff:46:d7:2c > fa:2a:ff:46:d7:2c / IP 172.16.0.2 > 172.16.0.1 ttl=255 proto=TCP(6) / TCP 179 > 41534 flags=PA, (pkt_len=149)
BGP: [M59KS-A3ZXZ] bgp_update_receive_eor: rcvd End-of-RIB for IPv4 Unicast from 172.16.0.2 in vrf default
NOTICE: TRACE: [tx p0] fa:2a:ff:46:d7:2c > fe:78:40:7f:f0:3f / IP 172.16.0.1 > 172.16.0.2 ttl=255 proto=TCP(6) / TCP 41534 > 179 flags=A, (pkt_len=66)
DEBUG: API: read_cb: pid=397682 id=66 req_type=0xacdc2003 (GR_NH_ADD) req_len=44 status=0 (Success) resp_len=0
DEBUG: API: read_cb: pid=397682 id=67 req_type=0xf00d0001 (GR_IP4_ROUTE_ADD) req_len=24 status=0 (Success) resp_len=0
> nh update: type=L3 id=72 iface=p0 vrf=main origin=zebra family=ipv4 addr=172.16.0.2 state=reachable mac=fe:78:40:7f:f0:3f
> route4 add: vrf=main 16.0.0.0/24 origin=bgp via type=L3 id=72 iface=p0 vrf=main origin=zebra family=ipv4 addr=172.16.0.2 state=reachable mac=fe:78:40:7f:f0:3f
ZEBRA: GROUT: grout_add_del_nexthop: add nh_id 72 origin zebra
ZEBRA: GROUT: grout_add_nexthop: nh_id 72 type L3
ZEBRA: GROUT: grout_client_send_recv: GR_NH_ADD: success
ZEBRA: GROUT: grout_add_del_route: add 16.0.0.0/24 origin bgp nh_id 72 vrf 1
ZEBRA: GROUT: grout_client_send_recv: GR_IP4_ROUTE_ADD: success
+ wait_bgp_established 30
+ local timeout=30
+ local elapsed=0
+ '[' 0 -lt 30 ']'
+ vtysh -c 'show bgp summary json'
+ jq -e '.ipv4Unicast.peers."172.16.0.2".state == "Established"'
+ return 0
+ teardown_bgp
+ python3 /home/apanatto/dev/github.com/DPDK/grout/subprojects/frr-frr-10.6.1/tools/frr-reload.py --confdir build//frr_install/etc/frr --bindir build//frr_install/bin --rundir build//frr_install/var/run/frr --reload --debug --stdout /tmp/tmp.kCeOhDfbvG/base.conf
2026-08-24 17:34:41,359  INFO: Called via "Namespace(input=None, reload=True, test=False, debug=True, log_level='info', stdout=True, pathspace=None, filename='/tmp/tmp.kCeOhDfbvG/base.conf', overwrite=False, bindir='build//frr_install/bin', confdir='build//frr_install/etc/frr', rundir='build//frr_install/var/run/frr', vty_socket=None, daemon='', test_reset=False, logfmt=False, logfile='/var/log/frr/frr-reload.log')"
2026-08-24 17:34:41,359  INFO: Loading Config object from file /tmp/tmp.kCeOhDfbvG/base.conf
2026-08-24 17:34:41,364 DEBUG: LINE hostname grout                                    : single-line context
2026-08-24 17:34:41,364 DEBUG: LINE debug zebra dplane dpdk                           : single-line context
2026-08-24 17:34:41,371 DEBUG: New Frr Config
hostname grout
debug zebra dplane dpdk

end

2026-08-24 17:34:41,371  INFO: Loading Config object from vtysh show running
2026-08-24 17:34:41,378 DEBUG: LINE frr version 10.6.1                                : single-line context
2026-08-24 17:34:41,378 DEBUG: LINE frr defaults traditional                          : single-line context
2026-08-24 17:34:41,378 DEBUG: LINE hostname apanatto-thinkpadt14gen5.rmtit.csb       : single-line context
2026-08-24 17:34:41,378 DEBUG: LINE debug zebra dplane dpdk                           : single-line context
2026-08-24 17:34:41,378 DEBUG: LINE vrf main                                          : enter context vrf main                                          
2026-08-24 17:34:41,378 DEBUG: LINE exit-vrf                                          : exit context vrf main                                          
2026-08-24 17:34:41,378 DEBUG: LINE router bgp 64512                                  : enter context router bgp 64512                                  
2026-08-24 17:34:41,378 DEBUG: LINE bgp router-id 172.16.0.1                          : add to current context router bgp 64512                                  
2026-08-24 17:34:41,378 DEBUG: LINE neighbor 172.16.0.2 remote-as 64512               : add to current context router bgp 64512                                  
2026-08-24 17:34:41,378 DEBUG: LINE address-family ipv4 unicast                       : enter context router bgp 64512 address-family ipv4 unicast      
2026-08-24 17:34:41,378 DEBUG: LINE network 172.16.0.0/24                             : add to current context router bgp 64512 address-family ipv4 unicast      
2026-08-24 17:34:41,378 DEBUG: LINE exit-address-family                               : exit context router bgp 64512 address-family ipv4 unicast      
2026-08-24 17:34:41,378 DEBUG: LINE exit                                              : exit context router bgp 64512                                  
2026-08-24 17:34:41,378 DEBUG: Running Frr Config (Pass #0)
frr version 10.6.1
frr defaults traditional
hostname apanatto-thinkpadt14gen5.rmtit.csb
!
debug zebra dplane dpdk
!
vrf main
exit-vrf
end
!
router bgp 64512
bgp router-id 172.16.0.1
neighbor 172.16.0.2 remote-as 64512
!
address-family ipv4 unicast
network 172.16.0.0/24
exit-address-family
exit
!
end
2026-08-24 17:34:41,379  INFO: "frr version 10.6.1" cannot be removed
2026-08-24 17:34:41,379  INFO: "frr defaults traditional" cannot be removed
2026-08-24 17:34:41,387  INFO: Executed "no hostname apanatto-thinkpadt14gen5.rmtit.csb"
ZEBRA: [WMBNH-V6XN6] Unable to find specified Interface for default
ZEBRA: [WMBNH-V6XN6] Unable to find specified Interface for default
2026-08-24 17:34:41,395  INFO: Executed "no router bgp 64512"
NOTICE: TRACE: [tx p0] fa:2a:ff:46:d7:2c > fe:78:40:7f:f0:3f / IP 172.16.0.1 > 172.16.0.2 ttl=255 proto=TCP(6) / TCP 41534 > 179 flags=FA, (pkt_len=66)
2026-08-24 17:34:41,395  INFO: build//frr_install/var/run/frr/reload-O3HH7Z.txt content
['hostname grout\n']
NOTICE: TRACE: [rx p0] fe:78:40:7f:f0:3f > fa:2a:ff:46:d7:2c / IP 172.16.0.2 > 172.16.0.1 ttl=255 proto=TCP(6) / TCP 179 > 41534 flags=FA, (pkt_len=66)
NOTICE: TRACE: [cp tx p0] fa:2a:ff:46:d7:2c > fa:2a:ff:46:d7:2c / IP 172.16.0.2 > 172.16.0.1 ttl=255 proto=TCP(6) / TCP 179 > 41534 flags=FA, (pkt_len=66)
NOTICE: TRACE: [tx p0] fa:2a:ff:46:d7:2c > fe:78:40:7f:f0:3f / IP 172.16.0.1 > 172.16.0.2 ttl=255 proto=TCP(6) / TCP 41534 > 179 flags=A, (pkt_len=66)
[399941|mgmtd] sending configuration
[399942|zebra] sending configuration
[399948|bgpd] sending configuration
[399949|isisd] sending configuration
[399945|ospfd] sending configuration
ISIS: [VTVCM-Y2NW3] Configuration Read in Took: 00:00:00
ISIS: [G6NKK-8C6DV] end_config: VTY:0xff70de0, pending SET-CFG: 0
[399949|isisd] done
BGP: [VTVCM-Y2NW3] Configuration Read in Took: 00:00:00
BGP: [G6NKK-8C6DV] end_config: VTY:0x1f18bd00, pending SET-CFG: 0
[399946|ospf6d] sending configuration
[399957|staticd] sending configuration
[399958|bfdd] sending configuration
ZEBRA: [VTVCM-Y2NW3] Configuration Read in Took: 00:00:00
ZEBRA: [G6NKK-8C6DV] end_config: VTY:0x1ead2840, pending SET-CFG: 0
OSPF6: [VTVCM-Y2NW3] Configuration Read in Took: 00:00:00
[399948|bgpd] done
[399942|zebra] done
OSPF6: [G6NKK-8C6DV] end_config: VTY:0x2ab395a0, pending SET-CFG: 0
[399946|ospf6d] done
BFD: [VTVCM-Y2NW3] Configuration Read in Took: 00:00:00
Waiting for children to finish applying config...
BFD: [G6NKK-8C6DV] end_config: VTY:0x37c70ec0, pending SET-CFG: 0
STATIC: [VTVCM-Y2NW3] Configuration Read in Took: 00:00:00
STATIC: [G6NKK-8C6DV] end_config: VTY:0xa0f9aa0, pending SET-CFG: 0
[399958|bfdd] done
[399962|watchfrr] sending configuration
[399957|staticd] done
MGMTD: [VTVCM-Y2NW3] Configuration Read in Took: 00:00:00
MGMTD: [G6NKK-8C6DV] end_config: VTY:0x35df98f0, pending SET-CFG: 0
[399962|watchfrr] done
OSPF: [VTVCM-Y2NW3] Configuration Read in Took: 00:00:00
OSPF: [G6NKK-8C6DV] end_config: VTY:0x26031e00, pending SET-CFG: 0
DEBUG: ROUTE: rib4_delete: VRF 1: 16.0.0.0/24
DEBUG: API: read_cb: pid=397682 id=68 req_type=0xf00d0002 (GR_IP4_ROUTE_DEL) req_len=16 status=0 (Success) resp_len=0
[399945|ospfd] done
[399941|mgmtd] done
> route4 del: vrf=main 16.0.0.0/24 origin=bgp via type=L3 id=72 iface=p0 vrf=main origin=zebra family=ipv4 addr=172.16.0.2 state=reachable mac=fe:78:40:7f:f0:3f
ZEBRA: GROUT: grout_add_del_route: del 16.0.0.0/24 origin bgp nh_id 72 vrf 1
ZEBRA: GROUT: grout_client_send_recv: GR_IP4_ROUTE_DEL: success
2026-08-24 17:34:41,406  INFO: Loading Config object from vtysh show running
2026-08-24 17:34:41,414 DEBUG: LINE frr version 10.6.1                                : single-line context
2026-08-24 17:34:41,414 DEBUG: LINE frr defaults traditional                          : single-line context
2026-08-24 17:34:41,414 DEBUG: LINE hostname apanatto-thinkpadt14gen5.rmtit.csb       : single-line context
2026-08-24 17:34:41,414 DEBUG: LINE debug zebra dplane dpdk                           : single-line context
2026-08-24 17:34:41,414 DEBUG: LINE vrf main                                          : enter context vrf main                                          
2026-08-24 17:34:41,414 DEBUG: LINE exit-vrf                                          : exit context vrf main                                          
2026-08-24 17:34:41,414 DEBUG: Running Frr Config (Pass #1)
frr version 10.6.1
frr defaults traditional
hostname apanatto-thinkpadt14gen5.rmtit.csb
!
debug zebra dplane dpdk
!
vrf main
exit-vrf
end
!
end
2026-08-24 17:34:41,414  INFO: "frr version 10.6.1" cannot be removed
2026-08-24 17:34:41,414  INFO: "frr defaults traditional" cannot be removed
2026-08-24 17:34:41,414  INFO: build//frr_install/var/run/frr/reload-GJ8ENX.txt content
['hostname grout\n', 'hostname grout\n']
[399966|mgmtd] sending configuration
[399967|zebra] sending configuration
[399970|ospfd] sending configuration
[399971|ospf6d] sending configuration
ZEBRA: [VTVCM-Y2NW3] Configuration Read in Took: 00:00:00
[399967|zebra] done
ZEBRA: [G6NKK-8C6DV] end_config: VTY:0x1ead2840, pending SET-CFG: 0
MGMTD: [VTVCM-Y2NW3] Configuration Read in Took: 00:00:00
MGMTD: [G6NKK-8C6DV] end_config: VTY:0x35df98f0, pending SET-CFG: 0
[399973|bgpd] sending configuration
[399974|isisd] sending configuration
OSPF: [VTVCM-Y2NW3] Configuration Read in Took: 00:00:00
OSPF: [G6NKK-8C6DV] end_config: VTY:0x26031e00, pending SET-CFG: 0
[399970|ospfd] done
OSPF6: [VTVCM-Y2NW3] Configuration Read in Took: 00:00:00
OSPF6: [G6NKK-8C6DV] end_config: VTY:0x2ab465e0, pending SET-CFG: 0
[399971|ospf6d] done
[399966|mgmtd] done
BGP: [VTVCM-Y2NW3] Configuration Read in Took: 00:00:00
BGP: [G6NKK-8C6DV] end_config: VTY:0x1f155b60, pending SET-CFG: 0
[399973|bgpd] done
ISIS: [VTVCM-Y2NW3] Configuration Read in Took: 00:00:00
ISIS: [G6NKK-8C6DV] end_config: VTY:0xff70de0, pending SET-CFG: 0
[399974|isisd] done
[399982|staticd] sending configuration
[399983|bfdd] sending configuration
STATIC: [VTVCM-Y2NW3] Configuration Read in Took: 00:00:00
[399982|staticd] done
STATIC: [G6NKK-8C6DV] end_config: VTY:0xa0f9aa0, pending SET-CFG: 0
Waiting for children to finish applying config...
[399987|watchfrr] sending configuration
BFD: [VTVCM-Y2NW3] Configuration Read in Took: 00:00:00
BFD: [G6NKK-8C6DV] end_config: VTY:0x37c70ec0, pending SET-CFG: 0
[399983|bfdd] done
[399987|watchfrr] done
+ grcli interface del p0
DEBUG: API: accept_conn_cb: new connection fd=26 pid=399990
DEBUG: API: read_cb: pid=399990 id=1 req_type=0xcafe1981 (GR_HELLO) req_len=132 status=0 (Success) resp_len=2
DEBUG: API: api_send: pid=399990 for_id=2 len=316
DEBUG: API: api_send: pid=399990 for_id=2 len=466
DEBUG: API: read_cb: pid=399990 id=2 req_type=0xacdc0004 (GR_IFACE_LIST) req_len=1 status=0 (Success) resp_len=0
DEBUG: API: read_cb: pid=399990 id=3 req_type=0xacdc0003 (GR_IFACE_GET) req_len=18 status=0 (Success) resp_len=466
DEBUG: IFACE: iface_event: iface event [0xacdc1003] PRE_REMOVE triggered for iface p0.
DEBUG: ROUTE: rib4_delete: VRF 1: 172.16.0.2/32
INFO: WORKER: port_unplug: port 0 unplugged
DEBUG: ROUTE: rib4_delete: VRF 1: 172.16.0.0/24
DEBUG: ROUTE: rib6_delete: VRF 1: fe80:2::/64
DEBUG: IFACE: iface_event: iface event [0xacdc1007] STATUS_DOWN triggered for iface p0.
DEBUG: MEMPOOL: gr_pktmbuf_pool_release: release mempool mbuf_-1:0 reserved 512 -> 256 (size 2047)
DEBUG: IFACE: iface_event: iface event [0xacdc1004] REMOVE triggered for iface p0.
DEBUG: MEMPOOL: gr_pktmbuf_pool_release: release mempool mbuf_0:0 reserved 511 -> 0 (size 2047)
DEBUG: MEMPOOL: gr_pktmbuf_pool_release: schedule mempool mbuf_0:0 for deferred free
INFO: PORT: iface_port_fini: port 0 destroyed
DEBUG: API: read_cb: pid=399990 id=4 req_type=0xacdc0002 (GR_IFACE_DEL) req_len=2 status=0 (Success) resp_len=0
DEBUG: API: disconnect_client: client pid=399990 disconnected
> nh del: type=L3 iface=p0 vrf=main origin=zebra family=ipv4 addr=172.16.0.2 state=reachable mac=fe:78:40:7f:f0:3f
> addr4 del: iface=p0 172.16.0.1/24
> route4 del: vrf=main 172.16.0.0/24 origin=link via type=L3 iface=p0 vrf=main origin=INTERNAL family=ipv4 addr=172.16.0.1/24 state=reachable mac=fa:2a:ff:46:d7:2c flags=local link
> addr6 del: iface=p0 fe80::f82a:ffff:fe46:d72c/64
> route6 del: vrf=main fe80:2::/64 origin=link via type=L3 iface=p0 vrf=main origin=INTERNAL family=ipv6 addr=fe80::f82a:ffff:fe46:d72c/64 state=reachable mac=fa:2a:ff:46:d7:2c f
> iface pre del: p0 type=port id=2 mtu=1500
> iface down: p0 type=port id=2 mtu=1500
> iface del: p0 type=port id=2 mtu=1500
ZEBRA: GROUT: dplane_read_notifications: GR_EVENT_IP_ADDR_DEL
ZEBRA: GROUT: grout_interface_addr4_change: del 172.16.0.1/24 iface 2
ZEBRA: GROUT: zebra_read_notifications: GR_EVENT_NEXTHOP_DELETE
ZEBRA: GROUT: grout_nexthop_change: del nh_id 0 origin zebra
ZEBRA: GROUT: grout_neigh_notify: del neigh iface=2 172.16.0.2 fe:78:40:7f:f0:3f
ZEBRA: GROUT: grout_nexthop_change: nexthop without ID, skip
ZEBRA: GROUT: dplane_read_notifications: GR_EVENT_IP6_ADDR_DEL
ZEBRA: GROUT: grout_interface_addr6_change: del fe80::f82a:ffff:fe46:d72c/64 iface 2
ZEBRA: GROUT: dplane_read_notifications: GR_EVENT_IFACE_STATUS_DOWN
ZEBRA: GROUT: grout_link_change: add iface p0
ZEBRA: GROUT: dplane_read_notifications: GR_EVENT_IFACE_REMOVE
ZEBRA: GROUT: grout_link_change: del iface p0
ZEBRA: GROUT: zebra_read_notifications: GR_EVENT_IP_ROUTE_DEL
ZEBRA: GROUT: grout_route4_change: del 172.16.0.0/24 origin link nh_id 0 route_vrf 1 nh_vrf 1
ZEBRA: GROUT: grout_route_change: link route, skip
ZEBRA: GROUT: zebra_read_notifications: GR_EVENT_IP6_ROUTE_DEL
ZEBRA: GROUT: grout_route6_change: del fe80:2::/64 origin link nh_id 0 route_vrf 1 nh_vrf 1
ZEBRA: GROUT: grout_route_change: link route, skip
+ echo 'Teardown complete'
Teardown complete
+ for i in $(seq 1 $iterations)
+ echo '=== Iteration 13/20 ==='
=== Iteration 13/20 ===
+ setup_bgp
+ python3 /home/apanatto/dev/github.com/DPDK/grout/subprojects/frr-frr-10.6.1/tools/frr-reload.py --confdir build//frr_install/etc/frr --bindir build//frr_install/bin --rundir build//frr_install/var/run/frr --reload --debug --stdout /tmp/tmp.kCeOhDfbvG/bgp.conf
ZEBRA: GROUT: grout_add_del_route: del 172.16.0.0/24 origin link nh_id 70 vrf 1
ZEBRA: GROUT: grout_add_del_route: non-frr origin, skip
ZEBRA: GROUT: grout_add_del_route: del 172.16.0.0/24 origin link nh_id 70 vrf 1
ZEBRA: GROUT: grout_add_del_route: non-frr origin, skip
ZEBRA: GROUT: grout_add_del_route: del 172.16.0.1/32 origin link nh_id 70 vrf 1
ZEBRA: GROUT: grout_add_del_route: non-frr origin, skip
ZEBRA: GROUT: grout_add_del_route: del 172.16.0.1/32 origin link nh_id 70 vrf 1
ZEBRA: GROUT: grout_add_del_route: non-frr origin, skip
ZEBRA: GROUT: grout_add_del_route: del fe80::/64 origin link nh_id 69 vrf 1
ZEBRA: GROUT: grout_add_del_route: non-frr origin, skip
ZEBRA: GROUT: grout_add_del_route: del fe80::/64 origin link nh_id 69 vrf 1
ZEBRA: GROUT: grout_add_del_route: non-frr origin, skip
2026-08-24 17:34:41,544  INFO: Called via "Namespace(input=None, reload=True, test=False, debug=True, log_level='info', stdout=True, pathspace=None, filename='/tmp/tmp.kCeOhDfbvG/bgp.conf', overwrite=False, bindir='build//frr_install/bin', confdir='build//frr_install/etc/frr', rundir='build//frr_install/var/run/frr', vty_socket=None, daemon='', test_reset=False, logfmt=False, logfile='/var/log/frr/frr-reload.log')"
2026-08-24 17:34:41,544  INFO: Loading Config object from file /tmp/tmp.kCeOhDfbvG/bgp.conf
2026-08-24 17:34:41,550 DEBUG: LINE hostname grout                                    : single-line context
2026-08-24 17:34:41,551 DEBUG: LINE debug zebra dplane dpdk                           : single-line context
2026-08-24 17:34:41,551 DEBUG: LINE router bgp 64512                                  : enter context router bgp 64512                                  
2026-08-24 17:34:41,551 DEBUG: LINE bgp router-id 172.16.0.1                          : add to current context router bgp 64512                                  
2026-08-24 17:34:41,551 DEBUG: LINE neighbor 172.16.0.2 remote-as 64512               : add to current context router bgp 64512                                  
2026-08-24 17:34:41,551 DEBUG: LINE address-family ipv4 unicast                       : enter context router bgp 64512 address-family ipv4 unicast      
2026-08-24 17:34:41,551 DEBUG: LINE network 172.16.0.0/24                             : add to current context router bgp 64512 address-family ipv4 unicast      
2026-08-24 17:34:41,551 DEBUG: LINE exit-address-family                               : exit context router bgp 64512 address-family ipv4 unicast      
2026-08-24 17:34:41,551 DEBUG: LINE exit                                              : exit context router bgp 64512                                  
2026-08-24 17:34:41,557 DEBUG: New Frr Config
hostname grout
debug zebra dplane dpdk
router bgp 64512
bgp router-id 172.16.0.1
neighbor 172.16.0.2 remote-as 64512
address-family ipv4 unicast
network 172.16.0.0/24
exit-address-family
exit

end

2026-08-24 17:34:41,557  INFO: Loading Config object from vtysh show running
2026-08-24 17:34:41,593 DEBUG: LINE frr version 10.6.1                                : single-line context
2026-08-24 17:34:41,594 DEBUG: LINE frr defaults traditional                          : single-line context
2026-08-24 17:34:41,594 DEBUG: LINE hostname apanatto-thinkpadt14gen5.rmtit.csb       : single-line context
2026-08-24 17:34:41,594 DEBUG: LINE debug zebra dplane dpdk                           : single-line context
2026-08-24 17:34:41,594 DEBUG: LINE vrf main                                          : enter context vrf main                                          
2026-08-24 17:34:41,594 DEBUG: LINE exit-vrf                                          : exit context vrf main                                          
2026-08-24 17:34:41,594 DEBUG: Running Frr Config (Pass #0)
frr version 10.6.1
frr defaults traditional
hostname apanatto-thinkpadt14gen5.rmtit.csb
!
debug zebra dplane dpdk
!
vrf main
exit-vrf
end
!
end
2026-08-24 17:34:41,595  INFO: "frr version 10.6.1" cannot be removed
2026-08-24 17:34:41,595  INFO: "frr defaults traditional" cannot be removed
2026-08-24 17:34:41,623  INFO: Executed "no hostname apanatto-thinkpadt14gen5.rmtit.csb"
2026-08-24 17:34:41,624  INFO: build//frr_install/var/run/frr/reload-2K2SQ5.txt content
['hostname grout\n',
 'router bgp 64512\nexit\n',
 'router bgp 64512\n bgp router-id 172.16.0.1\nexit\n',
 'router bgp 64512\n neighbor 172.16.0.2 remote-as 64512\nexit\n',
 'router bgp 64512\n address-family ipv4 unicast\n exit\nexit\n',
 'router bgp 64512\n'
 ' address-family ipv4 unicast\n'
 '  network 172.16.0.0/24 \n'
 ' exit\n'
 'exit\n']
[399998|mgmtd] sending configuration
[399999|zebra] sending configuration
[400002|ospfd] sending configuration
[400003|ospf6d] sending configuration
[400005|bgpd] sending configuration
MGMTD: [VTVCM-Y2NW3] Configuration Read in Took: 00:00:00
MGMTD: [G6NKK-8C6DV] end_config: VTY:0x35dd78c0, pending SET-CFG: 0
ZEBRA: [VTVCM-Y2NW3] Configuration Read in Took: 00:00:00
[399998|mgmtd] done
ZEBRA: [G6NKK-8C6DV] end_config: VTY:0x1ead2840, pending SET-CFG: 0
[399999|zebra] done
[400006|isisd] sending configuration
OSPF: [VTVCM-Y2NW3] Configuration Read in Took: 00:00:00
OSPF: [G6NKK-8C6DV] end_config: VTY:0x26031e00, pending SET-CFG: 0
[400002|ospfd] done
OSPF6: [VTVCM-Y2NW3] Configuration Read in Took: 00:00:00
OSPF6: [G6NKK-8C6DV] end_config: VTY:0x2ab395a0, pending SET-CFG: 0
[400003|ospf6d] done
[400014|staticd] sending configuration
[400015|bfdd] sending configuration
ZEBRA: [WMBNH-V6XN6] Unable to find specified Interface for default
ZEBRA: [WMBNH-V6XN6] Unable to find specified Interface for default
Waiting for children to finish applying config...
[400019|watchfrr] sending configuration
ISIS: [VTVCM-Y2NW3] Configuration Read in Took: 00:00:00
ISIS: [G6NKK-8C6DV] end_config: VTY:0xff70dc0, pending SET-CFG: 0
BFD: [VTVCM-Y2NW3] Configuration Read in Took: 00:00:00
[400006|isisd] done
BFD: [G6NKK-8C6DV] end_config: VTY:0x37c70ea0, pending SET-CFG: 0
[400015|bfdd] done
STATIC: [VTVCM-Y2NW3] Configuration Read in Took: 00:00:00
STATIC: [G6NKK-8C6DV] end_config: VTY:0xa0f9aa0, pending SET-CFG: 0
[400014|staticd] done
[400019|watchfrr] done
BGP: [VTVCM-Y2NW3] Configuration Read in Took: 00:00:00
BGP: [G6NKK-8C6DV] end_config: VTY:0x1f155b60, pending SET-CFG: 0
[400005|bgpd] done
2026-08-24 17:34:41,635  INFO: Loading Config object from vtysh show running
2026-08-24 17:34:41,643 DEBUG: LINE frr version 10.6.1                                : single-line context
2026-08-24 17:34:41,643 DEBUG: LINE frr defaults traditional                          : single-line context
2026-08-24 17:34:41,643 DEBUG: LINE hostname apanatto-thinkpadt14gen5.rmtit.csb       : single-line context
2026-08-24 17:34:41,643 DEBUG: LINE debug zebra dplane dpdk                           : single-line context
2026-08-24 17:34:41,643 DEBUG: LINE vrf main                                          : enter context vrf main                                          
2026-08-24 17:34:41,643 DEBUG: LINE exit-vrf                                          : exit context vrf main                                          
2026-08-24 17:34:41,643 DEBUG: LINE router bgp 64512                                  : enter context router bgp 64512                                  
2026-08-24 17:34:41,643 DEBUG: LINE bgp router-id 172.16.0.1                          : add to current context router bgp 64512                                  
2026-08-24 17:34:41,643 DEBUG: LINE neighbor 172.16.0.2 remote-as 64512               : add to current context router bgp 64512                                  
2026-08-24 17:34:41,643 DEBUG: LINE address-family ipv4 unicast                       : enter context router bgp 64512 address-family ipv4 unicast      
2026-08-24 17:34:41,643 DEBUG: LINE network 172.16.0.0/24                             : add to current context router bgp 64512 address-family ipv4 unicast      
2026-08-24 17:34:41,643 DEBUG: LINE exit-address-family                               : exit context router bgp 64512 address-family ipv4 unicast      
2026-08-24 17:34:41,643 DEBUG: LINE exit                                              : exit context router bgp 64512                                  
2026-08-24 17:34:41,643 DEBUG: Running Frr Config (Pass #1)
frr version 10.6.1
frr defaults traditional
hostname apanatto-thinkpadt14gen5.rmtit.csb
!
debug zebra dplane dpdk
!
vrf main
exit-vrf
end
!
router bgp 64512
bgp router-id 172.16.0.1
neighbor 172.16.0.2 remote-as 64512
!
address-family ipv4 unicast
network 172.16.0.0/24
exit-address-family
exit
!
end
2026-08-24 17:34:41,644  INFO: "frr version 10.6.1" cannot be removed
2026-08-24 17:34:41,644  INFO: "frr defaults traditional" cannot be removed
2026-08-24 17:34:41,644  INFO: build//frr_install/var/run/frr/reload-EKI849.txt content
['hostname grout\n',
 'hostname grout\n',
 'router bgp 64512\nexit\n',
 'router bgp 64512\n bgp router-id 172.16.0.1\nexit\n',
 'router bgp 64512\n neighbor 172.16.0.2 remote-as 64512\nexit\n',
 'router bgp 64512\n address-family ipv4 unicast\n exit\nexit\n',
 'router bgp 64512\n'
 ' address-family ipv4 unicast\n'
 '  network 172.16.0.0/24 \n'
 ' exit\n'
 'exit\n']
[400023|mgmtd] sending configuration
[400024|zebra] sending configuration
[400027|ospfd] sending configuration
[400028|ospf6d] sending configuration
[400030|bgpd] sending configuration
[400031|isisd] sending configuration
[400023|mgmtd] done
[400024|zebra] done
MGMTD: [VTVCM-Y2NW3] Configuration Read in Took: 00:00:00
MGMTD: [G6NKK-8C6DV] end_config: VTY:0x35dd78c0, pending SET-CFG: 0
ZEBRA: [VTVCM-Y2NW3] Configuration Read in Took: 00:00:00
ZEBRA: [G6NKK-8C6DV] end_config: VTY:0x1ead2840, pending SET-CFG: 0
OSPF6: [VTVCM-Y2NW3] Configuration Read in Took: 00:00:00
[400028|ospf6d] done
[400027|ospfd] done
OSPF6: [G6NKK-8C6DV] end_config: VTY:0x2ab395a0, pending SET-CFG: 0
OSPF: [VTVCM-Y2NW3] Configuration Read in Took: 00:00:00
OSPF: [G6NKK-8C6DV] end_config: VTY:0x26031e00, pending SET-CFG: 0
[400040|bfdd] sending configuration
[400039|staticd] sending configuration
[400031|isisd] done
ISIS: [VTVCM-Y2NW3] Configuration Read in Took: 00:00:00
ISIS: [G6NKK-8C6DV] end_config: VTY:0xff70dc0, pending SET-CFG: 0
Waiting for children to finish applying config...
[400044|watchfrr] sending configuration
BFD: [VTVCM-Y2NW3] Configuration Read in Took: 00:00:00
[400040|bfdd] done
BFD: [G6NKK-8C6DV] end_config: VTY:0x37c70ea0, pending SET-CFG: 0
BGP: [VTVCM-Y2NW3] Configuration Read in Took: 00:00:00
BGP: [G6NKK-8C6DV] end_config: VTY:0x1f155b60, pending SET-CFG: 0
STATIC: [VTVCM-Y2NW3] Configuration Read in Took: 00:00:00
[400039|staticd] done
[400044|watchfrr] done
STATIC: [G6NKK-8C6DV] end_config: VTY:0xa0f9aa0, pending SET-CFG: 0
[400030|bgpd] done
+ grcli interface add port p0 devargs net_tap0,remote=veth0
DEBUG: API: accept_conn_cb: new connection fd=26 pid=400047
DEBUG: API: read_cb: pid=400047 id=1 req_type=0xcafe1981 (GR_HELLO) req_len=132 status=0 (Success) resp_len=2
ERR: TAP: tap_nl_dump_ext_ack(): Cannot delete qdisc with handle of zero
DEBUG: MEMPOOL: gr_pktmbuf_pool_get: allocate mempool mbuf_0:1 reserved 511 (size 2047, mbuf_size 2048)
INFO: WORKER: port_plug: port 0 plugged
DEBUG: GRAPH: worker_graph_new: [CPU 6] <- port=0 rxq=0 burst_size=64
DEBUG: GRAPH: worker_graph_new: [CPU 6] -> port 0 txq 0
DEBUG: IFACE: iface_event: iface event [0xacdc1008] MAC_CHANGE triggered for iface p0.
DEBUG: MEMPOOL: gr_pktmbuf_pool_get: reuse mempool mbuf_-1:0 reserved 256 -> 512 (size 2047, mbuf_size 2048)
DEBUG: IFACE: iface_event: iface event [0xacdc1001] ADD triggered for iface p0.
DEBUG: IFACE: iface_event: iface event [0xacdc1002] POST_ADD triggered for iface p0.
INFO: ADDRESS: mcast6_addr_add: p0: joining multicast group ff02::1:ff46:d72c
INFO: ADDRESS: mcast6_addr_add: p0: joining multicast group ff01::1
INFO: ADDRESS: mcast6_addr_add: p0: joining multicast group ff02::1
INFO: ADDRESS: mcast6_addr_add: p0: joining multicast group ff01::2
INFO: ADDRESS: mcast6_addr_add: p0: joining multicast group ff02::2
INFO: ADDRESS: mcast6_addr_add: p0: joining multicast group ff05::2
INFO: ADDRESS: mcast6_addr_add: p0: joining multicast group ff02::5
INFO: ADDRESS: mcast6_addr_add: p0: joining multicast group ff02::6
INFO: ADDRESS: mcast6_addr_add: p0: joining multicast group ff02::8
INFO: ADDRESS: mcast6_addr_add: p0: joining multicast group ff02::16
DEBUG: API: read_cb: pid=400047 id=2 req_type=0xacdc0001 (GR_IFACE_ADD) req_len=466 status=0 (Success) resp_len=2
Created interface 2
> iface mac change: p0 type=port id=2 mtu=0
> iface add: p0 type=port id=2 mtu=0
DEBUG: API: disconnect_client: client pid=400047 disconnected
> route6 add: vrf=main fe80::f82a:ffff:fe46:d72c/64 origin=link via type=L3 iface=p0 vrf=main origin=INTERNAL family=ipv6 addr=fe80::f82a:ffff:fe46:d72c/64 state=reachable mac=fa:2a:ff:46:d7:2c f
> addr6 add: iface=p0 fe80::f82a:ffff:fe46:d72c/64
> iface post add: p0 type=port id=2 mtu=0
ZEBRA: GROUT: zebra_read_notifications: GR_EVENT_IP6_ROUTE_ADD
ZEBRA: GROUT: grout_route6_change: add fe80::f82a:ffff:fe46:d72c/64 origin link nh_id 0 route_vrf 1 nh_vrf 1
ZEBRA: GROUT: grout_route_change: link route, skip
ZEBRA: GROUT: dplane_read_notifications: GR_EVENT_IFACE_MAC_CHANGE
ZEBRA: GROUT: grout_link_change: add iface p0
ZEBRA: GROUT: dplane_read_notifications: GR_EVENT_IFACE_ADD
ZEBRA: GROUT: grout_link_change: add iface p0
ZEBRA: GROUT: dplane_read_notifications: GR_EVENT_IP6_ADDR_ADD
ZEBRA: GROUT: grout_interface_addr6_change: add fe80::f82a:ffff:fe46:d72c/64 iface 2
NOTICE: TRACE: [rx p0] fa:2a:ff:46:d7:2c > 33:33:00:00:00:16 / IPv6 :: > ff02::16 ttl=1 proto=HOPOPT(0) / ICMPv6 type=143 code=0, (pkt_len=90)
NOTICE: TRACE: [drop icmp6_input_unsupported] 1 packets
+ grcli address add 172.16.0.1/24 iface p0
DEBUG: API: accept_conn_cb: new connection fd=26 pid=400048
DEBUG: API: read_cb: pid=400048 id=1 req_type=0xcafe1981 (GR_HELLO) req_len=132 status=0 (Success) resp_len=2
DEBUG: API: api_send: pid=400048 for_id=2 len=316
DEBUG: API: api_send: pid=400048 for_id=2 len=466
DEBUG: API: read_cb: pid=400048 id=2 req_type=0xacdc0004 (GR_IFACE_LIST) req_len=1 status=0 (Success) resp_len=0
DEBUG: API: read_cb: pid=400048 id=3 req_type=0xacdc0003 (GR_IFACE_GET) req_len=18 status=0 (Success) resp_len=466
DEBUG: API: read_cb: pid=400048 id=4 req_type=0xf00d0005 (GR_IP4_ADDR_ADD) req_len=16 status=0 (Success) resp_len=0
DEBUG: API: disconnect_client: client pid=400048 disconnected
> route4 add: vrf=main 172.16.0.1/24 origin=link via type=L3 iface=p0 vrf=main origin=INTERNAL family=ipv4 addr=172.16.0.1/24 state=reachable mac=fa:2a:ff:46:d7:2c flags=local link
> addr4 add: iface=p0 172.16.0.1/24
ZEBRA: GROUT: zebra_read_notifications: GR_EVENT_IP_ROUTE_ADD
ZEBRA: GROUT: grout_route4_change: add 172.16.0.1/24 origin link nh_id 0 route_vrf 1 nh_vrf 1
ZEBRA: GROUT: grout_route_change: link route, skip
ZEBRA: GROUT: dplane_read_notifications: GR_EVENT_IP_ADDR_ADD
ZEBRA: GROUT: grout_interface_addr4_change: add 172.16.0.1/24 iface 2
+ sleep 3
NOTICE: TRACE: [rx p0] fa:2a:ff:46:d7:2c > 33:33:00:00:00:16 / IPv6 :: > ff02::16 ttl=1 proto=HOPOPT(0) / ICMPv6 type=143 code=0, (pkt_len=90)
NOTICE: TRACE: [drop icmp6_input_unsupported] 1 packets
NOTICE: TRACE: [rx p0] fe:78:40:7f:f0:3f > fa:2a:ff:46:d7:2c / IP 172.16.0.2 > 172.16.0.1 ttl=255 proto=TCP(6) / TCP 48672 > 179 flags=S, (pkt_len=74)
ERR: CTLPLANE: iface_cp_tx: write to tap device failed Input/output error
NOTICE: TRACE: [cp tx p0] fa:2a:ff:46:d7:2c > fa:2a:ff:46:d7:2c / IP 172.16.0.2 > 172.16.0.1 ttl=255 proto=TCP(6) / TCP 48672 > 179 flags=S, (pkt_len=74)
INFO: PORT: link_event_cb: p0: link status up
DEBUG: IFACE: iface_event: iface event [0xacdc1006] STATUS_UP triggered for iface p0.
NOTICE: TRACE: [tx p0] fa:2a:ff:46:d7:2c > ff:ff:ff:ff:ff:ff / ARP announce 172.16.0.1 is at fa:2a:ff:46:d7:2c, (pkt_len=42)
DEBUG: MEMPOOL: pending_free_cb: deferred free mempool mbuf_0:0 after 960 ms
NOTICE: TRACE: [drop icmp6_output_no_route] 1 packets
> iface up: p0 type=port id=2 mtu=1500
ZEBRA: GROUT: dplane_read_notifications: GR_EVENT_IFACE_STATUS_UP
ZEBRA: GROUT: grout_link_change: add iface p0
ZEBRA: GROUT: grout_add_del_route: add fe80::/64 origin link nh_id 75 vrf 1
ZEBRA: GROUT: grout_add_del_route: non-frr origin, skip
ZEBRA: GROUT: grout_add_del_route: add fe80::/64 origin link nh_id 75 vrf 1
ZEBRA: GROUT: grout_add_del_route: non-frr origin, skip
ZEBRA: GROUT: grout_add_del_route: add 172.16.0.0/24 origin link nh_id 76 vrf 1
ZEBRA: GROUT: grout_add_del_route: non-frr origin, skip
ZEBRA: GROUT: grout_add_del_route: add 172.16.0.0/24 origin link nh_id 76 vrf 1
ZEBRA: GROUT: grout_add_del_route: non-frr origin, skip
ZEBRA: GROUT: grout_add_del_route: add 172.16.0.1/32 origin link nh_id 76 vrf 1
ZEBRA: GROUT: grout_add_del_route: non-frr origin, skip
ZEBRA: GROUT: grout_add_del_route: add 172.16.0.1/32 origin link nh_id 76 vrf 1
ZEBRA: GROUT: grout_add_del_route: non-frr origin, skip
NOTICE: TRACE: [tx p0] fa:2a:ff:46:d7:2c > ff:ff:ff:ff:ff:ff / ARP request who has 172.16.0.2? tell 172.16.0.1, (pkt_len=42)
> nh new: type=L3 iface=p0 vrf=main origin=learn family=ipv4 addr=172.16.0.2 state=new flags=neigh
NOTICE: TRACE: [rx p0] fe:78:40:7f:f0:3f > fa:2a:ff:46:d7:2c / ARP reply 172.16.0.2 is at fe:78:40:7f:f0:3f, (pkt_len=42)
NOTICE: TRACE: [tx p0] fa:2a:ff:46:d7:2c > fe:78:40:7f:f0:3f / IP 172.16.0.1 > 172.16.0.2 ttl=255 proto=TCP(6) / TCP 41544 > 179 flags=S, (pkt_len=74)
> nh update: type=L3 iface=p0 vrf=main origin=learn family=ipv4 addr=172.16.0.2 state=reachable mac=fe:78:40:7f:f0:3f flags=neigh
NOTICE: TRACE: [rx p0] fe:78:40:7f:f0:3f > fa:2a:ff:46:d7:2c / IP 172.16.0.2 > 172.16.0.1 ttl=255 proto=TCP(6) / TCP 179 > 41544 flags=SA, (pkt_len=74)
ZEBRA: GROUT: zebra_read_notifications: GR_EVENT_NEXTHOP_NEW
NOTICE: TRACE: [cp tx p0] fa:2a:ff:46:d7:2c > fa:2a:ff:46:d7:2c / IP 172.16.0.2 > 172.16.0.1 ttl=255 proto=TCP(6) / TCP 179 > 41544 flags=SA, (pkt_len=74)
ZEBRA: GROUT: grout_nexthop_change: add nh_id 0 origin learn
NOTICE: TRACE: [tx p0] fa:2a:ff:46:d7:2c > fe:78:40:7f:f0:3f / IP 172.16.0.1 > 172.16.0.2 ttl=255 proto=TCP(6) / TCP 41544 > 179 flags=A, (pkt_len=66)
ZEBRA: GROUT: grout_nexthop_change: dynamic neighbor learn, skip
ZEBRA: GROUT: zebra_read_notifications: GR_EVENT_NEXTHOP_UPDATE
ZEBRA: GROUT: grout_nexthop_change: add nh_id 0 origin learn
ZEBRA: GROUT: grout_neigh_notify: add neigh iface=2 172.16.0.2 fe:78:40:7f:f0:3f
ZEBRA: GROUT: grout_nexthop_change: dynamic neighbor learn, skip
NOTICE: TRACE: [tx p0] fa:2a:ff:46:d7:2c > fe:78:40:7f:f0:3f / IP 172.16.0.1 > 172.16.0.2 ttl=255 proto=TCP(6) / TCP 41544 > 179 flags=PA, (pkt_len=197)
NOTICE: TRACE: [rx p0] fe:78:40:7f:f0:3f > fa:2a:ff:46:d7:2c / IP 172.16.0.2 > 172.16.0.1 ttl=255 proto=TCP(6) / TCP 179 > 41544 flags=PA, (pkt_len=197)
NOTICE: TRACE: [rx p0] fe:78:40:7f:f0:3f > fa:2a:ff:46:d7:2c / IP 172.16.0.2 > 172.16.0.1 ttl=255 proto=TCP(6) / TCP 179 > 41544 flags=A, (pkt_len=66)
NOTICE: TRACE: [cp tx p0] fa:2a:ff:46:d7:2c > fa:2a:ff:46:d7:2c / IP 172.16.0.2 > 172.16.0.1 ttl=255 proto=TCP(6) / TCP 179 > 41544 flags=PA, (pkt_len=197)
NOTICE: TRACE: [cp tx p0] fa:2a:ff:46:d7:2c > fa:2a:ff:46:d7:2c / IP 172.16.0.2 > 172.16.0.1 ttl=255 proto=TCP(6) / TCP 179 > 41544 flags=A, (pkt_len=66)
NOTICE: TRACE: [tx p0] fa:2a:ff:46:d7:2c > fe:78:40:7f:f0:3f / IP 172.16.0.1 > 172.16.0.2 ttl=255 proto=TCP(6) / TCP 41544 > 179 flags=A, (pkt_len=66)
NOTICE: TRACE: [rx p0] fe:78:40:7f:f0:3f > fa:2a:ff:46:d7:2c / IP 172.16.0.2 > 172.16.0.1 ttl=255 proto=TCP(6) / TCP 179 > 41544 flags=PA, (pkt_len=85)
NOTICE: TRACE: [cp tx p0] fa:2a:ff:46:d7:2c > fa:2a:ff:46:d7:2c / IP 172.16.0.2 > 172.16.0.1 ttl=255 proto=TCP(6) / TCP 179 > 41544 flags=PA, (pkt_len=85)
NOTICE: TRACE: [tx p0] fa:2a:ff:46:d7:2c > fe:78:40:7f:f0:3f / IP 172.16.0.1 > 172.16.0.2 ttl=255 proto=TCP(6) / TCP 41544 > 179 flags=A, (pkt_len=66)
NOTICE: TRACE: [tx p0] fa:2a:ff:46:d7:2c > fe:78:40:7f:f0:3f / IP 172.16.0.1 > 172.16.0.2 ttl=255 proto=TCP(6) / TCP 41544 > 179 flags=PA, (pkt_len=85)
NOTICE: TRACE: [rx p0] fe:78:40:7f:f0:3f > fa:2a:ff:46:d7:2c / IP 172.16.0.2 > 172.16.0.1 ttl=255 proto=TCP(6) / TCP 179 > 41544 flags=A, (pkt_len=66)
NOTICE: TRACE: [cp tx p0] fa:2a:ff:46:d7:2c > fa:2a:ff:46:d7:2c / IP 172.16.0.2 > 172.16.0.1 ttl=255 proto=TCP(6) / TCP 179 > 41544 flags=A, (pkt_len=66)
NOTICE: TRACE: [rx p0] fa:2a:ff:46:d7:2c > 33:33:ff:46:d7:2c / IPv6 :: > ff02::1:ff46:d72c ttl=255 proto=ICMPv6(58) / ICMPv6 neigh solicit who has fe80::f82a:ffff:fe46:d72c? / Option type=14 len=8(1), (pkt_len=86)
NOTICE: TRACE: [drop ndp_ns_input_drop] 1 packets
NOTICE: TRACE: [tx p0] fa:2a:ff:46:d7:2c > fe:78:40:7f:f0:3f / IP 172.16.0.1 > 172.16.0.2 ttl=255 proto=TCP(6) / TCP 41544 > 179 flags=PA, (pkt_len=145)
NOTICE: TRACE: [rx p0] fe:78:40:7f:f0:3f > fa:2a:ff:46:d7:2c / IP 172.16.0.2 > 172.16.0.1 ttl=255 proto=TCP(6) / TCP 179 > 41544 flags=A, (pkt_len=66)
NOTICE: TRACE: [cp tx p0] fa:2a:ff:46:d7:2c > fa:2a:ff:46:d7:2c / IP 172.16.0.2 > 172.16.0.1 ttl=255 proto=TCP(6) / TCP 179 > 41544 flags=A, (pkt_len=66)
[bgp-peer] BGP: [M59KS-A3ZXZ] bgp_update_receive_eor: rcvd End-of-RIB for IPv4 Unicast from 172.16.0.1 in vrf default
NOTICE: TRACE: [rx p0] fa:2a:ff:46:d7:2c > 33:33:00:00:00:16 / IPv6 fe80::f82a:ffff:fe46:d72c > ff02::16 ttl=1 proto=HOPOPT(0) / ICMPv6 type=143 code=0, (pkt_len=90)
NOTICE: TRACE: [rx p0] fa:2a:ff:46:d7:2c > 33:33:00:00:00:02 / IPv6 fe80::f82a:ffff:fe46:d72c > ff02::2 ttl=255 proto=ICMPv6(58) / ICMPv6 router solicit / Option src_lladdr=fa:2a:ff:46:d7:2c, (pkt_len=70)
NOTICE: TRACE: [drop icmp6_input_unsupported] 1 packets
NOTICE: TRACE: [tx p0] fa:2a:ff:46:d7:2c > 33:33:00:00:00:01 / IPv6 fe80::f82a:ffff:fe46:d72c > ff02::1 ttl=255 proto=ICMPv6(58) / ICMPv6 router advert / Option src_lladdr=fa:2a:ff:46:d7:2c, (pkt_len=78)
NOTICE: TRACE: [rx p0] fe:78:40:7f:f0:3f > fa:2a:ff:46:d7:2c / IP 172.16.0.2 > 172.16.0.1 ttl=255 proto=TCP(6) / TCP 179 > 41544 flags=PA, (pkt_len=149)
NOTICE: TRACE: [cp tx p0] fa:2a:ff:46:d7:2c > fa:2a:ff:46:d7:2c / IP 172.16.0.2 > 172.16.0.1 ttl=255 proto=TCP(6) / TCP 179 > 41544 flags=PA, (pkt_len=149)
BGP: [M59KS-A3ZXZ] bgp_update_receive_eor: rcvd End-of-RIB for IPv4 Unicast from 172.16.0.2 in vrf default
NOTICE: TRACE: [tx p0] fa:2a:ff:46:d7:2c > fe:78:40:7f:f0:3f / IP 172.16.0.1 > 172.16.0.2 ttl=255 proto=TCP(6) / TCP 41544 > 179 flags=A, (pkt_len=66)
DEBUG: API: read_cb: pid=397682 id=69 req_type=0xacdc2003 (GR_NH_ADD) req_len=44 status=0 (Success) resp_len=0
DEBUG: API: read_cb: pid=397682 id=70 req_type=0xf00d0001 (GR_IP4_ROUTE_ADD) req_len=24 status=0 (Success) resp_len=0
> nh update: type=L3 id=78 iface=p0 vrf=main origin=zebra family=ipv4 addr=172.16.0.2 state=reachable mac=fe:78:40:7f:f0:3f
> route4 add: vrf=main 16.0.0.0/24 origin=bgp via type=L3 id=78 iface=p0 vrf=main origin=zebra family=ipv4 addr=172.16.0.2 state=reachable mac=fe:78:40:7f:f0:3f
ZEBRA: GROUT: grout_add_del_nexthop: add nh_id 78 origin zebra
ZEBRA: GROUT: grout_add_nexthop: nh_id 78 type L3
ZEBRA: GROUT: grout_client_send_recv: GR_NH_ADD: success
ZEBRA: GROUT: grout_add_del_route: add 16.0.0.0/24 origin bgp nh_id 78 vrf 1
ZEBRA: GROUT: grout_client_send_recv: GR_IP4_ROUTE_ADD: success
NOTICE: TRACE: [rx p0] fa:2a:ff:46:d7:2c > 33:33:00:00:00:16 / IPv6 fe80::f82a:ffff:fe46:d72c > ff02::16 ttl=1 proto=HOPOPT(0) / ICMPv6 type=143 code=0, (pkt_len=90)
NOTICE: TRACE: [drop icmp6_input_unsupported] 1 packets
+ wait_bgp_established 30
+ local timeout=30
+ local elapsed=0
+ '[' 0 -lt 30 ']'
+ vtysh -c 'show bgp summary json'
+ jq -e '.ipv4Unicast.peers."172.16.0.2".state == "Established"'
+ return 0
+ teardown_bgp
+ python3 /home/apanatto/dev/github.com/DPDK/grout/subprojects/frr-frr-10.6.1/tools/frr-reload.py --confdir build//frr_install/etc/frr --bindir build//frr_install/bin --rundir build//frr_install/var/run/frr --reload --debug --stdout /tmp/tmp.kCeOhDfbvG/base.conf
2026-08-24 17:34:44,771  INFO: Called via "Namespace(input=None, reload=True, test=False, debug=True, log_level='info', stdout=True, pathspace=None, filename='/tmp/tmp.kCeOhDfbvG/base.conf', overwrite=False, bindir='build//frr_install/bin', confdir='build//frr_install/etc/frr', rundir='build//frr_install/var/run/frr', vty_socket=None, daemon='', test_reset=False, logfmt=False, logfile='/var/log/frr/frr-reload.log')"
2026-08-24 17:34:44,771  INFO: Loading Config object from file /tmp/tmp.kCeOhDfbvG/base.conf
2026-08-24 17:34:44,776 DEBUG: LINE hostname grout                                    : single-line context
2026-08-24 17:34:44,776 DEBUG: LINE debug zebra dplane dpdk                           : single-line context
2026-08-24 17:34:44,784 DEBUG: New Frr Config
hostname grout
debug zebra dplane dpdk

end

2026-08-24 17:34:44,784  INFO: Loading Config object from vtysh show running
2026-08-24 17:34:44,796 DEBUG: LINE frr version 10.6.1                                : single-line context
2026-08-24 17:34:44,796 DEBUG: LINE frr defaults traditional                          : single-line context
2026-08-24 17:34:44,796 DEBUG: LINE hostname apanatto-thinkpadt14gen5.rmtit.csb       : single-line context
2026-08-24 17:34:44,796 DEBUG: LINE debug zebra dplane dpdk                           : single-line context
2026-08-24 17:34:44,796 DEBUG: LINE vrf main                                          : enter context vrf main                                          
2026-08-24 17:34:44,796 DEBUG: LINE exit-vrf                                          : exit context vrf main                                          
2026-08-24 17:34:44,796 DEBUG: LINE router bgp 64512                                  : enter context router bgp 64512                                  
2026-08-24 17:34:44,796 DEBUG: LINE bgp router-id 172.16.0.1                          : add to current context router bgp 64512                                  
2026-08-24 17:34:44,796 DEBUG: LINE neighbor 172.16.0.2 remote-as 64512               : add to current context router bgp 64512                                  
2026-08-24 17:34:44,796 DEBUG: LINE address-family ipv4 unicast                       : enter context router bgp 64512 address-family ipv4 unicast      
2026-08-24 17:34:44,796 DEBUG: LINE network 172.16.0.0/24                             : add to current context router bgp 64512 address-family ipv4 unicast      
2026-08-24 17:34:44,796 DEBUG: LINE exit-address-family                               : exit context router bgp 64512 address-family ipv4 unicast      
2026-08-24 17:34:44,796 DEBUG: LINE exit                                              : exit context router bgp 64512                                  
2026-08-24 17:34:44,796 DEBUG: Running Frr Config (Pass #0)
frr version 10.6.1
frr defaults traditional
hostname apanatto-thinkpadt14gen5.rmtit.csb
!
debug zebra dplane dpdk
!
vrf main
exit-vrf
end
!
router bgp 64512
bgp router-id 172.16.0.1
neighbor 172.16.0.2 remote-as 64512
!
address-family ipv4 unicast
network 172.16.0.0/24
exit-address-family
exit
!
end
2026-08-24 17:34:44,796  INFO: "frr version 10.6.1" cannot be removed
2026-08-24 17:34:44,797  INFO: "frr defaults traditional" cannot be removed
2026-08-24 17:34:44,804  INFO: Executed "no hostname apanatto-thinkpadt14gen5.rmtit.csb"
ZEBRA: [WMBNH-V6XN6] Unable to find specified Interface for default
ZEBRA: [WMBNH-V6XN6] Unable to find specified Interface for default
NOTICE: TRACE: [tx p0] fa:2a:ff:46:d7:2c > fe:78:40:7f:f0:3f / IP 172.16.0.1 > 172.16.0.2 ttl=255 proto=TCP(6) / TCP 41544 > 179 flags=FA, (pkt_len=66)
2026-08-24 17:34:44,812  INFO: Executed "no router bgp 64512"
2026-08-24 17:34:44,812  INFO: build//frr_install/var/run/frr/reload-E7M5XC.txt content
['hostname grout\n']
NOTICE: TRACE: [rx p0] fe:78:40:7f:f0:3f > fa:2a:ff:46:d7:2c / IP 172.16.0.2 > 172.16.0.1 ttl=255 proto=TCP(6) / TCP 179 > 41544 flags=FA, (pkt_len=66)
NOTICE: TRACE: [cp tx p0] fa:2a:ff:46:d7:2c > fa:2a:ff:46:d7:2c / IP 172.16.0.2 > 172.16.0.1 ttl=255 proto=TCP(6) / TCP 179 > 41544 flags=FA, (pkt_len=66)
NOTICE: TRACE: [tx p0] fa:2a:ff:46:d7:2c > fe:78:40:7f:f0:3f / IP 172.16.0.1 > 172.16.0.2 ttl=255 proto=TCP(6) / TCP 41544 > 179 flags=A, (pkt_len=66)
[400103|zebra] sending configuration
[400102|mgmtd] sending configuration
[400106|ospfd] sending configuration
[400107|ospf6d] sending configuration
MGMTD: [VTVCM-Y2NW3] Configuration Read in Took: 00:00:00
[400102|mgmtd] done
MGMTD: [G6NKK-8C6DV] end_config: VTY:0x35dd78c0, pending SET-CFG: 0
[400103|zebra] done
[400109|bgpd] sending configuration
ZEBRA: [VTVCM-Y2NW3] Configuration Read in Took: 00:00:00
ZEBRA: [G6NKK-8C6DV] end_config: VTY:0x1ead2840, pending SET-CFG: 0
OSPF: [VTVCM-Y2NW3] Configuration Read in Took: 00:00:00
OSPF: [G6NKK-8C6DV] end_config: VTY:0x26031e00, pending SET-CFG: 0
[400106|ospfd] done
OSPF6: [VTVCM-Y2NW3] Configuration Read in Took: 00:00:00
[400107|ospf6d] done
OSPF6: [G6NKK-8C6DV] end_config: VTY:0x2ab395a0, pending SET-CFG: 0
BGP: [VTVCM-Y2NW3] Configuration Read in Took: 00:00:00
BGP: [G6NKK-8C6DV] end_config: VTY:0x1f155b60, pending SET-CFG: 0
[400109|bgpd] done
[400110|isisd] sending configuration
[400118|staticd] sending configuration
[400119|bfdd] sending configuration
ISIS: [VTVCM-Y2NW3] Configuration Read in Took: 00:00:00
ISIS: [G6NKK-8C6DV] end_config: VTY:0xff70de0, pending SET-CFG: 0
[400110|isisd] done
STATIC: [VTVCM-Y2NW3] Configuration Read in Took: 00:00:00
STATIC: [G6NKK-8C6DV] end_config: VTY:0xa0f9aa0, pending SET-CFG: 0
[400118|staticd] done
Waiting for children to finish applying config...
[400123|watchfrr] sending configuration
BFD: [VTVCM-Y2NW3] Configuration Read in Took: 00:00:00
BFD: [G6NKK-8C6DV] end_config: VTY:0x37c70ec0, pending SET-CFG: 0
[400119|bfdd] done
[400123|watchfrr] done
DEBUG: ROUTE: rib4_delete: VRF 1: 16.0.0.0/24
DEBUG: API: read_cb: pid=397682 id=71 req_type=0xf00d0002 (GR_IP4_ROUTE_DEL) req_len=16 status=0 (Success) resp_len=0
> route4 del: vrf=main 16.0.0.0/24 origin=bgp via type=L3 id=78 iface=p0 vrf=main origin=zebra family=ipv4 addr=172.16.0.2 state=reachable mac=fe:78:40:7f:f0:3f
ZEBRA: GROUT: grout_add_del_route: del 16.0.0.0/24 origin bgp nh_id 78 vrf 1
ZEBRA: GROUT: grout_client_send_recv: GR_IP4_ROUTE_DEL: success
2026-08-24 17:34:44,823  INFO: Loading Config object from vtysh show running
2026-08-24 17:34:44,831 DEBUG: LINE frr version 10.6.1                                : single-line context
2026-08-24 17:34:44,831 DEBUG: LINE frr defaults traditional                          : single-line context
2026-08-24 17:34:44,831 DEBUG: LINE hostname apanatto-thinkpadt14gen5.rmtit.csb       : single-line context
2026-08-24 17:34:44,831 DEBUG: LINE debug zebra dplane dpdk                           : single-line context
2026-08-24 17:34:44,831 DEBUG: LINE vrf main                                          : enter context vrf main                                          
2026-08-24 17:34:44,831 DEBUG: LINE exit-vrf                                          : exit context vrf main                                          
2026-08-24 17:34:44,831 DEBUG: Running Frr Config (Pass #1)
frr version 10.6.1
frr defaults traditional
hostname apanatto-thinkpadt14gen5.rmtit.csb
!
debug zebra dplane dpdk
!
vrf main
exit-vrf
end
!
end
2026-08-24 17:34:44,831  INFO: "frr version 10.6.1" cannot be removed
2026-08-24 17:34:44,831  INFO: "frr defaults traditional" cannot be removed
2026-08-24 17:34:44,831  INFO: build//frr_install/var/run/frr/reload-78V481.txt content
['hostname grout\n', 'hostname grout\n']
[400127|mgmtd] sending configuration
[400128|zebra] sending configuration
[400131|ospfd] sending configuration
[400132|ospf6d] sending configuration
ZEBRA: [VTVCM-Y2NW3] Configuration Read in Took: 00:00:00
ZEBRA: [G6NKK-8C6DV] end_config: VTY:0x1ead2840, pending SET-CFG: 0
[400128|zebra] done
[400127|mgmtd] done
MGMTD: [VTVCM-Y2NW3] Configuration Read in Took: 00:00:00
MGMTD: [G6NKK-8C6DV] end_config: VTY:0x35dd78c0, pending SET-CFG: 0
[400134|bgpd] sending configuration
[400135|isisd] sending configuration
OSPF: [VTVCM-Y2NW3] Configuration Read in Took: 00:00:00
OSPF: [G6NKK-8C6DV] end_config: VTY:0x26031e00, pending SET-CFG: 0
OSPF6: [VTVCM-Y2NW3] Configuration Read in Took: 00:00:00
[400132|ospf6d] done
OSPF6: [G6NKK-8C6DV] end_config: VTY:0x2ab395a0, pending SET-CFG: 0
BGP: [VTVCM-Y2NW3] Configuration Read in Took: 00:00:00
BGP: [G6NKK-8C6DV] end_config: VTY:0x1f155b60, pending SET-CFG: 0
[400134|bgpd] done
ISIS: [VTVCM-Y2NW3] Configuration Read in Took: 00:00:00
ISIS: [G6NKK-8C6DV] end_config: VTY:0xff70de0, pending SET-CFG: 0
[400135|isisd] done
[400143|staticd] sending configuration
[400144|bfdd] sending configuration
Waiting for children to finish applying config...
STATIC: [VTVCM-Y2NW3] Configuration Read in Took: 00:00:00
[400148|watchfrr] sending configuration
[400143|staticd] done
STATIC: [G6NKK-8C6DV] end_config: VTY:0xa0f9aa0, pending SET-CFG: 0
BFD: [VTVCM-Y2NW3] Configuration Read in Took: 00:00:00
BFD: [G6NKK-8C6DV] end_config: VTY:0x37c70ec0, pending SET-CFG: 0
[400144|bfdd] done
[400148|watchfrr] done
[400131|ospfd] done
+ grcli interface del p0
DEBUG: API: accept_conn_cb: new connection fd=26 pid=400151
DEBUG: API: read_cb: pid=400151 id=1 req_type=0xcafe1981 (GR_HELLO) req_len=132 status=0 (Success) resp_len=2
DEBUG: API: api_send: pid=400151 for_id=2 len=316
DEBUG: API: api_send: pid=400151 for_id=2 len=466
DEBUG: API: read_cb: pid=400151 id=2 req_type=0xacdc0004 (GR_IFACE_LIST) req_len=1 status=0 (Success) resp_len=0
DEBUG: API: read_cb: pid=400151 id=3 req_type=0xacdc0003 (GR_IFACE_GET) req_len=18 status=0 (Success) resp_len=466
DEBUG: IFACE: iface_event: iface event [0xacdc1003] PRE_REMOVE triggered for iface p0.
DEBUG: ROUTE: rib4_delete: VRF 1: 172.16.0.2/32
INFO: WORKER: port_unplug: port 0 unplugged
DEBUG: ROUTE: rib4_delete: VRF 1: 172.16.0.0/24
DEBUG: ROUTE: rib6_delete: VRF 1: fe80:2::/64
DEBUG: IFACE: iface_event: iface event [0xacdc1007] STATUS_DOWN triggered for iface p0.
DEBUG: MEMPOOL: gr_pktmbuf_pool_release: release mempool mbuf_-1:0 reserved 512 -> 256 (size 2047)
DEBUG: IFACE: iface_event: iface event [0xacdc1004] REMOVE triggered for iface p0.
DEBUG: MEMPOOL: gr_pktmbuf_pool_release: release mempool mbuf_0:1 reserved 511 -> 0 (size 2047)
DEBUG: MEMPOOL: gr_pktmbuf_pool_release: schedule mempool mbuf_0:1 for deferred free
INFO: PORT: iface_port_fini: port 0 destroyed
DEBUG: API: read_cb: pid=400151 id=4 req_type=0xacdc0002 (GR_IFACE_DEL) req_len=2 status=0 (Success) resp_len=0
DEBUG: API: disconnect_client: client pid=400151 disconnected
> nh del: type=L3 iface=p0 vrf=main origin=zebra family=ipv4 addr=172.16.0.2 state=reachable mac=fe:78:40:7f:f0:3f
> addr4 del: iface=p0 172.16.0.1/24
> route4 del: vrf=main 172.16.0.0/24 origin=link via type=L3 iface=p0 vrf=main origin=INTERNAL family=ipv4 addr=172.16.0.1/24 state=reachable mac=fa:2a:ff:46:d7:2c flags=local link
> addr6 del: iface=p0 fe80::f82a:ffff:fe46:d72c/64
> route6 del: vrf=main fe80:2::/64 origin=link via type=L3 iface=p0 vrf=main origin=INTERNAL family=ipv6 addr=fe80::f82a:ffff:fe46:d72c/64 state=reachable mac=fa:2a:ff:46:d7:2c f
> iface pre del: p0 type=port id=2 mtu=1500
> iface down: p0 type=port id=2 mtu=1500
> iface del: p0 type=port id=2 mtu=1500
ZEBRA: GROUT: dplane_read_notifications: GR_EVENT_IP_ADDR_DEL
ZEBRA: GROUT: grout_interface_addr4_change: del 172.16.0.1/24 iface 2
ZEBRA: GROUT: zebra_read_notifications: GR_EVENT_NEXTHOP_DELETE
ZEBRA: GROUT: grout_nexthop_change: del nh_id 0 origin zebra
ZEBRA: GROUT: grout_neigh_notify: del neigh iface=2 172.16.0.2 fe:78:40:7f:f0:3f
ZEBRA: GROUT: grout_nexthop_change: nexthop without ID, skip
ZEBRA: GROUT: dplane_read_notifications: GR_EVENT_IP6_ADDR_DEL
ZEBRA: GROUT: grout_interface_addr6_change: del fe80::f82a:ffff:fe46:d72c/64 iface 2
ZEBRA: GROUT: dplane_read_notifications: GR_EVENT_IFACE_STATUS_DOWN
ZEBRA: GROUT: grout_link_change: add iface p0
ZEBRA: GROUT: dplane_read_notifications: GR_EVENT_IFACE_REMOVE
ZEBRA: GROUT: grout_link_change: del iface p0
ZEBRA: GROUT: zebra_read_notifications: GR_EVENT_IP_ROUTE_DEL
ZEBRA: GROUT: grout_route4_change: del 172.16.0.0/24 origin link nh_id 0 route_vrf 1 nh_vrf 1
ZEBRA: GROUT: grout_route_change: link route, skip
ZEBRA: GROUT: zebra_read_notifications: GR_EVENT_IP6_ROUTE_DEL
ZEBRA: GROUT: grout_route6_change: del fe80:2::/64 origin link nh_id 0 route_vrf 1 nh_vrf 1
ZEBRA: GROUT: grout_route_change: link route, skip
+ echo 'Teardown complete'
Teardown complete
+ for i in $(seq 1 $iterations)
+ echo '=== Iteration 14/20 ==='
=== Iteration 14/20 ===
+ setup_bgp
+ python3 /home/apanatto/dev/github.com/DPDK/grout/subprojects/frr-frr-10.6.1/tools/frr-reload.py --confdir build//frr_install/etc/frr --bindir build//frr_install/bin --rundir build//frr_install/var/run/frr --reload --debug --stdout /tmp/tmp.kCeOhDfbvG/bgp.conf
ZEBRA: GROUT: grout_add_del_route: del 172.16.0.0/24 origin link nh_id 76 vrf 1
ZEBRA: GROUT: grout_add_del_route: non-frr origin, skip
ZEBRA: GROUT: grout_add_del_route: del 172.16.0.0/24 origin link nh_id 76 vrf 1
ZEBRA: GROUT: grout_add_del_route: non-frr origin, skip
ZEBRA: GROUT: grout_add_del_route: del 172.16.0.1/32 origin link nh_id 76 vrf 1
ZEBRA: GROUT: grout_add_del_route: non-frr origin, skip
ZEBRA: GROUT: grout_add_del_route: del 172.16.0.1/32 origin link nh_id 76 vrf 1
ZEBRA: GROUT: grout_add_del_route: non-frr origin, skip
ZEBRA: GROUT: grout_add_del_route: del fe80::/64 origin link nh_id 75 vrf 1
ZEBRA: GROUT: grout_add_del_route: non-frr origin, skip
ZEBRA: GROUT: grout_add_del_route: del fe80::/64 origin link nh_id 75 vrf 1
ZEBRA: GROUT: grout_add_del_route: non-frr origin, skip
2026-08-24 17:34:44,962  INFO: Called via "Namespace(input=None, reload=True, test=False, debug=True, log_level='info', stdout=True, pathspace=None, filename='/tmp/tmp.kCeOhDfbvG/bgp.conf', overwrite=False, bindir='build//frr_install/bin', confdir='build//frr_install/etc/frr', rundir='build//frr_install/var/run/frr', vty_socket=None, daemon='', test_reset=False, logfmt=False, logfile='/var/log/frr/frr-reload.log')"
2026-08-24 17:34:44,963  INFO: Loading Config object from file /tmp/tmp.kCeOhDfbvG/bgp.conf
2026-08-24 17:34:44,969 DEBUG: LINE hostname grout                                    : single-line context
2026-08-24 17:34:44,969 DEBUG: LINE debug zebra dplane dpdk                           : single-line context
2026-08-24 17:34:44,969 DEBUG: LINE router bgp 64512                                  : enter context router bgp 64512                                  
2026-08-24 17:34:44,969 DEBUG: LINE bgp router-id 172.16.0.1                          : add to current context router bgp 64512                                  
2026-08-24 17:34:44,969 DEBUG: LINE neighbor 172.16.0.2 remote-as 64512               : add to current context router bgp 64512                                  
2026-08-24 17:34:44,969 DEBUG: LINE address-family ipv4 unicast                       : enter context router bgp 64512 address-family ipv4 unicast      
2026-08-24 17:34:44,969 DEBUG: LINE network 172.16.0.0/24                             : add to current context router bgp 64512 address-family ipv4 unicast      
2026-08-24 17:34:44,969 DEBUG: LINE exit-address-family                               : exit context router bgp 64512 address-family ipv4 unicast      
2026-08-24 17:34:44,969 DEBUG: LINE exit                                              : exit context router bgp 64512                                  
2026-08-24 17:34:44,978 DEBUG: New Frr Config
hostname grout
debug zebra dplane dpdk
router bgp 64512
bgp router-id 172.16.0.1
neighbor 172.16.0.2 remote-as 64512
address-family ipv4 unicast
network 172.16.0.0/24
exit-address-family
exit

end

2026-08-24 17:34:44,978  INFO: Loading Config object from vtysh show running
2026-08-24 17:34:45,013 DEBUG: LINE frr version 10.6.1                                : single-line context
2026-08-24 17:34:45,013 DEBUG: LINE frr defaults traditional                          : single-line context
2026-08-24 17:34:45,013 DEBUG: LINE hostname apanatto-thinkpadt14gen5.rmtit.csb       : single-line context
2026-08-24 17:34:45,013 DEBUG: LINE debug zebra dplane dpdk                           : single-line context
2026-08-24 17:34:45,013 DEBUG: LINE vrf main                                          : enter context vrf main                                          
2026-08-24 17:34:45,013 DEBUG: LINE exit-vrf                                          : exit context vrf main                                          
2026-08-24 17:34:45,013 DEBUG: Running Frr Config (Pass #0)
frr version 10.6.1
frr defaults traditional
hostname apanatto-thinkpadt14gen5.rmtit.csb
!
debug zebra dplane dpdk
!
vrf main
exit-vrf
end
!
end
2026-08-24 17:34:45,014  INFO: "frr version 10.6.1" cannot be removed
2026-08-24 17:34:45,014  INFO: "frr defaults traditional" cannot be removed
2026-08-24 17:34:45,021  INFO: Executed "no hostname apanatto-thinkpadt14gen5.rmtit.csb"
2026-08-24 17:34:45,021  INFO: build//frr_install/var/run/frr/reload-79JSNB.txt content
['hostname grout\n',
 'router bgp 64512\nexit\n',
 'router bgp 64512\n bgp router-id 172.16.0.1\nexit\n',
 'router bgp 64512\n neighbor 172.16.0.2 remote-as 64512\nexit\n',
 'router bgp 64512\n address-family ipv4 unicast\n exit\nexit\n',
 'router bgp 64512\n'
 ' address-family ipv4 unicast\n'
 '  network 172.16.0.0/24 \n'
 ' exit\n'
 'exit\n']
[400161|mgmtd] sending configuration
[400162|zebra] sending configuration
[400165|ospfd] sending configuration
[400166|ospf6d] sending configuration
[400168|bgpd] sending configuration
[400169|isisd] sending configuration
ZEBRA: [VTVCM-Y2NW3] Configuration Read in Took: 00:00:00
[400162|zebra] done
ZEBRA: [G6NKK-8C6DV] end_config: VTY:0x1ead2840, pending SET-CFG: 0
[400161|mgmtd] done
MGMTD: [VTVCM-Y2NW3] Configuration Read in Took: 00:00:00
MGMTD: [G6NKK-8C6DV] end_config: VTY:0x35df98f0, pending SET-CFG: 0
OSPF: [VTVCM-Y2NW3] Configuration Read in Took: 00:00:00
OSPF: [G6NKK-8C6DV] end_config: VTY:0x26031e00, pending SET-CFG: 0
OSPF6: [VTVCM-Y2NW3] Configuration Read in Took: 00:00:00
OSPF6: [G6NKK-8C6DV] end_config: VTY:0x2ab46760, pending SET-CFG: 0
[400165|ospfd] done
[400166|ospf6d] done
ISIS: [VTVCM-Y2NW3] Configuration Read in Took: 00:00:00
ISIS: [G6NKK-8C6DV] end_config: VTY:0xff70dc0, pending SET-CFG: 0
[400169|isisd] done
ZEBRA: [WMBNH-V6XN6] Unable to find specified Interface for default
ZEBRA: [WMBNH-V6XN6] Unable to find specified Interface for default
[400177|staticd] sending configuration
[400178|bfdd] sending configuration
BGP: [VTVCM-Y2NW3] Configuration Read in Took: 00:00:00
[400168|bgpd] done
BGP: [G6NKK-8C6DV] end_config: VTY:0x1f155b60, pending SET-CFG: 0
STATIC: [VTVCM-Y2NW3] Configuration Read in Took: 00:00:00
STATIC: [G6NKK-8C6DV] end_config: VTY:0xa0f9aa0, pending SET-CFG: 0
[400177|staticd] done
Waiting for children to finish applying config...
BFD: [VTVCM-Y2NW3] Configuration Read in Took: 00:00:00
BFD: [G6NKK-8C6DV] end_config: VTY:0x37c70ea0, pending SET-CFG: 0
[400182|watchfrr] sending configuration
[400178|bfdd] done
[400182|watchfrr] done
2026-08-24 17:34:45,031  INFO: Loading Config object from vtysh show running
2026-08-24 17:34:45,049 DEBUG: LINE frr version 10.6.1                                : single-line context
2026-08-24 17:34:45,049 DEBUG: LINE frr defaults traditional                          : single-line context
2026-08-24 17:34:45,049 DEBUG: LINE hostname apanatto-thinkpadt14gen5.rmtit.csb       : single-line context
2026-08-24 17:34:45,049 DEBUG: LINE debug zebra dplane dpdk                           : single-line context
2026-08-24 17:34:45,049 DEBUG: LINE vrf main                                          : enter context vrf main                                          
2026-08-24 17:34:45,049 DEBUG: LINE exit-vrf                                          : exit context vrf main                                          
2026-08-24 17:34:45,049 DEBUG: LINE router bgp 64512                                  : enter context router bgp 64512                                  
2026-08-24 17:34:45,049 DEBUG: LINE bgp router-id 172.16.0.1                          : add to current context router bgp 64512                                  
2026-08-24 17:34:45,049 DEBUG: LINE neighbor 172.16.0.2 remote-as 64512               : add to current context router bgp 64512                                  
2026-08-24 17:34:45,049 DEBUG: LINE address-family ipv4 unicast                       : enter context router bgp 64512 address-family ipv4 unicast      
2026-08-24 17:34:45,049 DEBUG: LINE network 172.16.0.0/24                             : add to current context router bgp 64512 address-family ipv4 unicast      
2026-08-24 17:34:45,049 DEBUG: LINE exit-address-family                               : exit context router bgp 64512 address-family ipv4 unicast      
2026-08-24 17:34:45,049 DEBUG: LINE exit                                              : exit context router bgp 64512                                  
2026-08-24 17:34:45,049 DEBUG: Running Frr Config (Pass #1)
frr version 10.6.1
frr defaults traditional
hostname apanatto-thinkpadt14gen5.rmtit.csb
!
debug zebra dplane dpdk
!
vrf main
exit-vrf
end
!
router bgp 64512
bgp router-id 172.16.0.1
neighbor 172.16.0.2 remote-as 64512
!
address-family ipv4 unicast
network 172.16.0.0/24
exit-address-family
exit
!
end
2026-08-24 17:34:45,049  INFO: "frr version 10.6.1" cannot be removed
2026-08-24 17:34:45,049  INFO: "frr defaults traditional" cannot be removed
2026-08-24 17:34:45,049  INFO: build//frr_install/var/run/frr/reload-8BYBAB.txt content
['hostname grout\n',
 'hostname grout\n',
 'router bgp 64512\nexit\n',
 'router bgp 64512\n bgp router-id 172.16.0.1\nexit\n',
 'router bgp 64512\n neighbor 172.16.0.2 remote-as 64512\nexit\n',
 'router bgp 64512\n address-family ipv4 unicast\n exit\nexit\n',
 'router bgp 64512\n'
 ' address-family ipv4 unicast\n'
 '  network 172.16.0.0/24 \n'
 ' exit\n'
 'exit\n']
[400194|mgmtd] sending configuration
[400195|zebra] sending configuration
[400198|ospfd] sending configuration
[400199|ospf6d] sending configuration
[400201|bgpd] sending configuration
[400202|isisd] sending configuration
MGMTD: [VTVCM-Y2NW3] Configuration Read in Took: 00:00:00
MGMTD: [G6NKK-8C6DV] end_config: VTY:0x35df98f0, pending SET-CFG: 0
ZEBRA: [VTVCM-Y2NW3] Configuration Read in Took: 00:00:00
ZEBRA: [G6NKK-8C6DV] end_config: VTY:0x1ead2840, pending SET-CFG: 0
OSPF: [VTVCM-Y2NW3] Configuration Read in Took: 00:00:00
[400195|zebra] done
OSPF: [G6NKK-8C6DV] end_config: VTY:0x26031e00, pending SET-CFG: 0
[400198|ospfd] done
OSPF6: [VTVCM-Y2NW3] Configuration Read in Took: 00:00:00
OSPF6: [G6NKK-8C6DV] end_config: VTY:0x2ab46720, pending SET-CFG: 0
ISIS: [VTVCM-Y2NW3] Configuration Read in Took: 00:00:00
[400210|staticd] sending configuration
ISIS: [G6NKK-8C6DV] end_config: VTY:0xff70dc0, pending SET-CFG: 0
[400211|bfdd] sending configuration
[400199|ospf6d] done
[400194|mgmtd] done
Waiting for children to finish applying config...
[400202|isisd] done
BGP: [VTVCM-Y2NW3] Configuration Read in Took: 00:00:00
BGP: [G6NKK-8C6DV] end_config: VTY:0x1f155b60, pending SET-CFG: 0
[400215|watchfrr] sending configuration
[400201|bgpd] done
STATIC: [VTVCM-Y2NW3] Configuration Read in Took: 00:00:00
STATIC: [G6NKK-8C6DV] end_config: VTY:0xa0f9aa0, pending SET-CFG: 0
[400210|staticd] done
BFD: [VTVCM-Y2NW3] Configuration Read in Took: 00:00:00
[400215|watchfrr] done
[400211|bfdd] done
BFD: [G6NKK-8C6DV] end_config: VTY:0x37c70ea0, pending SET-CFG: 0
+ grcli interface add port p0 devargs net_tap0,remote=veth0
DEBUG: API: accept_conn_cb: new connection fd=26 pid=400218
DEBUG: API: read_cb: pid=400218 id=1 req_type=0xcafe1981 (GR_HELLO) req_len=132 status=0 (Success) resp_len=2
ERR: TAP: tap_nl_dump_ext_ack(): Cannot delete qdisc with handle of zero
DEBUG: MEMPOOL: gr_pktmbuf_pool_get: allocate mempool mbuf_0:0 reserved 511 (size 2047, mbuf_size 2048)
INFO: WORKER: port_plug: port 0 plugged
DEBUG: GRAPH: worker_graph_new: [CPU 6] <- port=0 rxq=0 burst_size=64
DEBUG: GRAPH: worker_graph_new: [CPU 6] -> port 0 txq 0
DEBUG: IFACE: iface_event: iface event [0xacdc1008] MAC_CHANGE triggered for iface p0.
DEBUG: MEMPOOL: gr_pktmbuf_pool_get: reuse mempool mbuf_-1:0 reserved 256 -> 512 (size 2047, mbuf_size 2048)
DEBUG: IFACE: iface_event: iface event [0xacdc1001] ADD triggered for iface p0.
DEBUG: IFACE: iface_event: iface event [0xacdc1002] POST_ADD triggered for iface p0.
INFO: ADDRESS: mcast6_addr_add: p0: joining multicast group ff02::1:ff46:d72c
INFO: ADDRESS: mcast6_addr_add: p0: joining multicast group ff01::1
INFO: ADDRESS: mcast6_addr_add: p0: joining multicast group ff02::1
INFO: ADDRESS: mcast6_addr_add: p0: joining multicast group ff01::2
INFO: ADDRESS: mcast6_addr_add: p0: joining multicast group ff02::2
INFO: ADDRESS: mcast6_addr_add: p0: joining multicast group ff05::2
INFO: ADDRESS: mcast6_addr_add: p0: joining multicast group ff02::5
INFO: ADDRESS: mcast6_addr_add: p0: joining multicast group ff02::6
INFO: ADDRESS: mcast6_addr_add: p0: joining multicast group ff02::8
INFO: ADDRESS: mcast6_addr_add: p0: joining multicast group ff02::16
DEBUG: API: read_cb: pid=400218 id=2 req_type=0xacdc0001 (GR_IFACE_ADD) req_len=466 status=0 (Success) resp_len=2
Created interface 2
> iface mac change: p0 type=port id=2 mtu=0
> iface add: p0 type=port id=2 mtu=0
> route6 add: vrf=main fe80::f82a:ffff:fe46:d72c/64 origin=link via type=L3 iface=p0 vrf=main origin=INTERNAL family=ipv6 addr=fe80::f82a:ffff:fe46:d72c/64 state=reachable mac=fa:2a:ff:46:d7:2c f
> addr6 add: iface=p0 fe80::f82a:ffff:fe46:d72c/64
> iface post add: p0 type=port id=2 mtu=0
DEBUG: API: disconnect_client: client pid=400218 disconnected
ZEBRA: GROUT: zebra_read_notifications: GR_EVENT_IP6_ROUTE_ADD
ZEBRA: GROUT: grout_route6_change: add fe80::f82a:ffff:fe46:d72c/64 origin link nh_id 0 route_vrf 1 nh_vrf 1
ZEBRA: GROUT: grout_route_change: link route, skip
ZEBRA: GROUT: dplane_read_notifications: GR_EVENT_IFACE_MAC_CHANGE
ZEBRA: GROUT: grout_link_change: add iface p0
ZEBRA: GROUT: dplane_read_notifications: GR_EVENT_IFACE_ADD
ZEBRA: GROUT: grout_link_change: add iface p0
ZEBRA: GROUT: dplane_read_notifications: GR_EVENT_IP6_ADDR_ADD
ZEBRA: GROUT: grout_interface_addr6_change: add fe80::f82a:ffff:fe46:d72c/64 iface 2
NOTICE: TRACE: [rx p0] fa:2a:ff:46:d7:2c > 33:33:00:00:00:16 / IPv6 :: > ff02::16 ttl=1 proto=HOPOPT(0) / ICMPv6 type=143 code=0, (pkt_len=90)
NOTICE: TRACE: [drop icmp6_input_unsupported] 1 packets
+ grcli address add 172.16.0.1/24 iface p0
DEBUG: API: accept_conn_cb: new connection fd=26 pid=400219
DEBUG: API: read_cb: pid=400219 id=1 req_type=0xcafe1981 (GR_HELLO) req_len=132 status=0 (Success) resp_len=2
DEBUG: API: api_send: pid=400219 for_id=2 len=316
DEBUG: API: api_send: pid=400219 for_id=2 len=466
DEBUG: API: read_cb: pid=400219 id=2 req_type=0xacdc0004 (GR_IFACE_LIST) req_len=1 status=0 (Success) resp_len=0
DEBUG: API: read_cb: pid=400219 id=3 req_type=0xacdc0003 (GR_IFACE_GET) req_len=18 status=0 (Success) resp_len=466
DEBUG: API: read_cb: pid=400219 id=4 req_type=0xf00d0005 (GR_IP4_ADDR_ADD) req_len=16 status=0 (Success) resp_len=0
DEBUG: API: disconnect_client: client pid=400219 disconnected
> route4 add: vrf=main 172.16.0.1/24 origin=link via type=L3 iface=p0 vrf=main origin=INTERNAL family=ipv4 addr=172.16.0.1/24 state=reachable mac=fa:2a:ff:46:d7:2c flags=local link
> addr4 add: iface=p0 172.16.0.1/24
ZEBRA: GROUT: dplane_read_notifications: GR_EVENT_IP_ADDR_ADD
ZEBRA: GROUT: grout_interface_addr4_change: add 172.16.0.1/24 iface 2
ZEBRA: GROUT: zebra_read_notifications: GR_EVENT_IP_ROUTE_ADD
ZEBRA: GROUT: grout_route4_change: add 172.16.0.1/24 origin link nh_id 0 route_vrf 1 nh_vrf 1
ZEBRA: GROUT: grout_route_change: link route, skip
+ sleep 3
INFO: PORT: link_event_cb: p0: link status up
DEBUG: IFACE: iface_event: iface event [0xacdc1006] STATUS_UP triggered for iface p0.
DEBUG: MEMPOOL: pending_free_cb: deferred free mempool mbuf_0:1 after 537 ms
NOTICE: TRACE: [tx p0] fa:2a:ff:46:d7:2c > ff:ff:ff:ff:ff:ff / ARP announce 172.16.0.1 is at fa:2a:ff:46:d7:2c, (pkt_len=42)
NOTICE: TRACE: [tx p0] fa:2a:ff:46:d7:2c > 33:33:00:00:00:01 / IPv6 fe80::f82a:ffff:fe46:d72c > ff02::1 ttl=255 proto=ICMPv6(58) / ICMPv6 neigh advert fe80::f82a:ffff:fe46:d72c is at (solicited=0) / Option target_lladdr=fa:2a:ff:46:d7:2c, (pkt_len=86)
> iface up: p0 type=port id=2 mtu=1500
ZEBRA: GROUT: dplane_read_notifications: GR_EVENT_IFACE_STATUS_UP
ZEBRA: GROUT: grout_link_change: add iface p0
ZEBRA: GROUT: grout_add_del_route: add fe80::/64 origin link nh_id 81 vrf 1
ZEBRA: GROUT: grout_add_del_route: non-frr origin, skip
ZEBRA: GROUT: grout_add_del_route: add fe80::/64 origin link nh_id 81 vrf 1
ZEBRA: GROUT: grout_add_del_route: non-frr origin, skip
ZEBRA: GROUT: grout_add_del_route: add 172.16.0.0/24 origin link nh_id 82 vrf 1
ZEBRA: GROUT: grout_add_del_route: non-frr origin, skip
ZEBRA: GROUT: grout_add_del_route: add 172.16.0.0/24 origin link nh_id 82 vrf 1
ZEBRA: GROUT: grout_add_del_route: non-frr origin, skip
ZEBRA: GROUT: grout_add_del_route: add 172.16.0.1/32 origin link nh_id 82 vrf 1
ZEBRA: GROUT: grout_add_del_route: non-frr origin, skip
ZEBRA: GROUT: grout_add_del_route: add 172.16.0.1/32 origin link nh_id 82 vrf 1
ZEBRA: GROUT: grout_add_del_route: non-frr origin, skip
NOTICE: TRACE: [rx p0] fe:78:40:7f:f0:3f > fa:2a:ff:46:d7:2c / IP 172.16.0.2 > 172.16.0.1 ttl=255 proto=TCP(6) / TCP 40234 > 179 flags=S, (pkt_len=74)
NOTICE: TRACE: [cp tx p0] fa:2a:ff:46:d7:2c > fa:2a:ff:46:d7:2c / IP 172.16.0.2 > 172.16.0.1 ttl=255 proto=TCP(6) / TCP 40234 > 179 flags=S, (pkt_len=74)
NOTICE: TRACE: [tx p0] fa:2a:ff:46:d7:2c > ff:ff:ff:ff:ff:ff / ARP request who has 172.16.0.2? tell 172.16.0.1, (pkt_len=42)
> nh new: type=L3 iface=p0 vrf=main origin=learn family=ipv4 addr=172.16.0.2 state=new flags=neigh
NOTICE: TRACE: [rx p0] fe:78:40:7f:f0:3f > fa:2a:ff:46:d7:2c / ARP reply 172.16.0.2 is at fe:78:40:7f:f0:3f, (pkt_len=42)
ZEBRA: GROUT: zebra_read_notifications: GR_EVENT_NEXTHOP_NEW
NOTICE: TRACE: [tx p0] fa:2a:ff:46:d7:2c > fe:78:40:7f:f0:3f / IP 172.16.0.1 > 172.16.0.2 ttl=255 proto=TCP(6) / TCP 179 > 40234 flags=SA, (pkt_len=74)
ZEBRA: GROUT: grout_nexthop_change: add nh_id 0 origin learn
> nh update: type=L3 iface=p0 vrf=main origin=learn family=ipv4 addr=172.16.0.2 state=reachable mac=fe:78:40:7f:f0:3f flags=neigh
ZEBRA: GROUT: grout_nexthop_change: dynamic neighbor learn, skip
NOTICE: TRACE: [rx p0] fe:78:40:7f:f0:3f > fa:2a:ff:46:d7:2c / IP 172.16.0.2 > 172.16.0.1 ttl=255 proto=TCP(6) / TCP 40234 > 179 flags=A, (pkt_len=66)
NOTICE: TRACE: [cp tx p0] fa:2a:ff:46:d7:2c > fa:2a:ff:46:d7:2c / IP 172.16.0.2 > 172.16.0.1 ttl=255 proto=TCP(6) / TCP 40234 > 179 flags=A, (pkt_len=66)
NOTICE: TRACE: [rx p0] fe:78:40:7f:f0:3f > fa:2a:ff:46:d7:2c / IP 172.16.0.2 > 172.16.0.1 ttl=255 proto=TCP(6) / TCP 40234 > 179 flags=PA, (pkt_len=197)
NOTICE: TRACE: [tx p0] fa:2a:ff:46:d7:2c > fe:78:40:7f:f0:3f / IP 172.16.0.1 > 172.16.0.2 ttl=255 proto=TCP(6) / TCP 179 > 40234 flags=FA, (pkt_len=66)
ZEBRA: GROUT: zebra_read_notifications: GR_EVENT_NEXTHOP_UPDATE
ZEBRA: GROUT: grout_nexthop_change: add nh_id 0 origin learn
ZEBRA: GROUT: grout_neigh_notify: add neigh iface=2 172.16.0.2 fe:78:40:7f:f0:3f
ZEBRA: GROUT: grout_nexthop_change: dynamic neighbor learn, skip
NOTICE: TRACE: [cp tx p0] fa:2a:ff:46:d7:2c > fa:2a:ff:46:d7:2c / IP 172.16.0.2 > 172.16.0.1 ttl=255 proto=TCP(6) / TCP 40234 > 179 flags=PA, (pkt_len=197)
NOTICE: TRACE: [rx p0] fe:78:40:7f:f0:3f > fa:2a:ff:46:d7:2c / IP 172.16.0.2 > 172.16.0.1 ttl=255 proto=TCP(6) / TCP 40234 > 179 flags=A, (pkt_len=66)
NOTICE: TRACE: [tx p0] fa:2a:ff:46:d7:2c > fe:78:40:7f:f0:3f / IP 172.16.0.1 > 172.16.0.2 ttl=64 proto=TCP(6) / TCP 179 > 40234 flags=R, (pkt_len=54)
NOTICE: TRACE: [cp tx p0] fa:2a:ff:46:d7:2c > fa:2a:ff:46:d7:2c / IP 172.16.0.2 > 172.16.0.1 ttl=255 proto=TCP(6) / TCP 40234 > 179 flags=A, (pkt_len=66)
NOTICE: TRACE: [rx p0] fe:78:40:7f:f0:3f > fa:2a:ff:46:d7:2c / IP 172.16.0.2 > 172.16.0.1 ttl=255 proto=TCP(6) / TCP 40234 > 179 flags=FA, (pkt_len=66)
NOTICE: TRACE: [tx p0] fa:2a:ff:46:d7:2c > fe:78:40:7f:f0:3f / IP 172.16.0.1 > 172.16.0.2 ttl=64 proto=TCP(6) / TCP 179 > 40234 flags=R, (pkt_len=54)
NOTICE: TRACE: [cp tx p0] fa:2a:ff:46:d7:2c > fa:2a:ff:46:d7:2c / IP 172.16.0.2 > 172.16.0.1 ttl=255 proto=TCP(6) / TCP 40234 > 179 flags=FA, (pkt_len=66)
NOTICE: TRACE: [tx p0] fa:2a:ff:46:d7:2c > fe:78:40:7f:f0:3f / IP 172.16.0.1 > 172.16.0.2 ttl=64 proto=TCP(6) / TCP 179 > 40234 flags=R, (pkt_len=54)
NOTICE: TRACE: [rx p0] fa:2a:ff:46:d7:2c > 33:33:00:00:00:16 / IPv6 :: > ff02::16 ttl=1 proto=HOPOPT(0) / ICMPv6 type=143 code=0, (pkt_len=90)
NOTICE: TRACE: [drop icmp6_input_unsupported] 1 packets
NOTICE: TRACE: [tx p0] fa:2a:ff:46:d7:2c > fe:78:40:7f:f0:3f / IP 172.16.0.1 > 172.16.0.2 ttl=255 proto=TCP(6) / TCP 48722 > 179 flags=S, (pkt_len=74)
NOTICE: TRACE: [rx p0] fe:78:40:7f:f0:3f > fa:2a:ff:46:d7:2c / IP 172.16.0.2 > 172.16.0.1 ttl=255 proto=TCP(6) / TCP 179 > 48722 flags=SA, (pkt_len=74)
NOTICE: TRACE: [cp tx p0] fa:2a:ff:46:d7:2c > fa:2a:ff:46:d7:2c / IP 172.16.0.2 > 172.16.0.1 ttl=255 proto=TCP(6) / TCP 179 > 48722 flags=SA, (pkt_len=74)
NOTICE: TRACE: [tx p0] fa:2a:ff:46:d7:2c > fe:78:40:7f:f0:3f / IP 172.16.0.1 > 172.16.0.2 ttl=255 proto=TCP(6) / TCP 48722 > 179 flags=A, (pkt_len=66)
NOTICE: TRACE: [tx p0] fa:2a:ff:46:d7:2c > fe:78:40:7f:f0:3f / IP 172.16.0.1 > 172.16.0.2 ttl=255 proto=TCP(6) / TCP 48722 > 179 flags=PA, (pkt_len=197)
NOTICE: TRACE: [rx p0] fe:78:40:7f:f0:3f > fa:2a:ff:46:d7:2c / IP 172.16.0.2 > 172.16.0.1 ttl=255 proto=TCP(6) / TCP 179 > 48722 flags=A, (pkt_len=66)
NOTICE: TRACE: [cp tx p0] fa:2a:ff:46:d7:2c > fa:2a:ff:46:d7:2c / IP 172.16.0.2 > 172.16.0.1 ttl=255 proto=TCP(6) / TCP 179 > 48722 flags=A, (pkt_len=66)
NOTICE: TRACE: [rx p0] fe:78:40:7f:f0:3f > fa:2a:ff:46:d7:2c / IP 172.16.0.2 > 172.16.0.1 ttl=255 proto=TCP(6) / TCP 179 > 48722 flags=PA, (pkt_len=197)
NOTICE: TRACE: [cp tx p0] fa:2a:ff:46:d7:2c > fa:2a:ff:46:d7:2c / IP 172.16.0.2 > 172.16.0.1 ttl=255 proto=TCP(6) / TCP 179 > 48722 flags=PA, (pkt_len=197)
NOTICE: TRACE: [tx p0] fa:2a:ff:46:d7:2c > fe:78:40:7f:f0:3f / IP 172.16.0.1 > 172.16.0.2 ttl=255 proto=TCP(6) / TCP 48722 > 179 flags=A, (pkt_len=66)
NOTICE: TRACE: [rx p0] fe:78:40:7f:f0:3f > fa:2a:ff:46:d7:2c / IP 172.16.0.2 > 172.16.0.1 ttl=255 proto=TCP(6) / TCP 179 > 48722 flags=PA, (pkt_len=85)
NOTICE: TRACE: [tx p0] fa:2a:ff:46:d7:2c > fe:78:40:7f:f0:3f / IP 172.16.0.1 > 172.16.0.2 ttl=255 proto=TCP(6) / TCP 48722 > 179 flags=PA, (pkt_len=85)
NOTICE: TRACE: [cp tx p0] fa:2a:ff:46:d7:2c > fa:2a:ff:46:d7:2c / IP 172.16.0.2 > 172.16.0.1 ttl=255 proto=TCP(6) / TCP 179 > 48722 flags=PA, (pkt_len=85)
NOTICE: TRACE: [rx p0] fe:78:40:7f:f0:3f > fa:2a:ff:46:d7:2c / IP 172.16.0.2 > 172.16.0.1 ttl=255 proto=TCP(6) / TCP 179 > 48722 flags=A, (pkt_len=66)
NOTICE: TRACE: [tx p0] fa:2a:ff:46:d7:2c > fe:78:40:7f:f0:3f / IP 172.16.0.1 > 172.16.0.2 ttl=255 proto=TCP(6) / TCP 48722 > 179 flags=A, (pkt_len=66)
NOTICE: TRACE: [cp tx p0] fa:2a:ff:46:d7:2c > fa:2a:ff:46:d7:2c / IP 172.16.0.2 > 172.16.0.1 ttl=255 proto=TCP(6) / TCP 179 > 48722 flags=A, (pkt_len=66)
NOTICE: TRACE: [tx p0] fa:2a:ff:46:d7:2c > fe:78:40:7f:f0:3f / IP 172.16.0.1 > 172.16.0.2 ttl=255 proto=TCP(6) / TCP 48722 > 179 flags=PA, (pkt_len=145)
NOTICE: TRACE: [rx p0] fe:78:40:7f:f0:3f > fa:2a:ff:46:d7:2c / IP 172.16.0.2 > 172.16.0.1 ttl=255 proto=TCP(6) / TCP 179 > 48722 flags=A, (pkt_len=66)
NOTICE: TRACE: [cp tx p0] fa:2a:ff:46:d7:2c > fa:2a:ff:46:d7:2c / IP 172.16.0.2 > 172.16.0.1 ttl=255 proto=TCP(6) / TCP 179 > 48722 flags=A, (pkt_len=66)
[bgp-peer] BGP: [M59KS-A3ZXZ] bgp_update_receive_eor: rcvd End-of-RIB for IPv4 Unicast from 172.16.0.1 in vrf default
NOTICE: TRACE: [rx p0] fe:78:40:7f:f0:3f > fa:2a:ff:46:d7:2c / IP 172.16.0.2 > 172.16.0.1 ttl=255 proto=TCP(6) / TCP 179 > 48722 flags=PA, (pkt_len=149)
NOTICE: TRACE: [cp tx p0] fa:2a:ff:46:d7:2c > fa:2a:ff:46:d7:2c / IP 172.16.0.2 > 172.16.0.1 ttl=255 proto=TCP(6) / TCP 179 > 48722 flags=PA, (pkt_len=149)
NOTICE: TRACE: [tx p0] fa:2a:ff:46:d7:2c > fe:78:40:7f:f0:3f / IP 172.16.0.1 > 172.16.0.2 ttl=255 proto=TCP(6) / TCP 48722 > 179 flags=A, (pkt_len=66)
BGP: [M59KS-A3ZXZ] bgp_update_receive_eor: rcvd End-of-RIB for IPv4 Unicast from 172.16.0.2 in vrf default
DEBUG: API: read_cb: pid=397682 id=72 req_type=0xacdc2003 (GR_NH_ADD) req_len=44 status=0 (Success) resp_len=0
> nh update: type=L3 id=84 iface=p0 vrf=main origin=zebra family=ipv4 addr=172.16.0.2 state=reachable mac=fe:78:40:7f:f0:3f
DEBUG: API: read_cb: pid=397682 id=73 req_type=0xf00d0001 (GR_IP4_ROUTE_ADD) req_len=24 status=0 (Success) resp_len=0
> route4 add: vrf=main 16.0.0.0/24 origin=bgp via type=L3 id=84 iface=p0 vrf=main origin=zebra family=ipv4 addr=172.16.0.2 state=reachable mac=fe:78:40:7f:f0:3f
ZEBRA: GROUT: grout_add_del_nexthop: add nh_id 84 origin zebra
ZEBRA: GROUT: grout_add_nexthop: nh_id 84 type L3
ZEBRA: GROUT: grout_client_send_recv: GR_NH_ADD: success
ZEBRA: GROUT: grout_add_del_route: add 16.0.0.0/24 origin bgp nh_id 84 vrf 1
ZEBRA: GROUT: grout_client_send_recv: GR_IP4_ROUTE_ADD: success
+ wait_bgp_established 30
+ local timeout=30
+ local elapsed=0
+ '[' 0 -lt 30 ']'
+ vtysh -c 'show bgp summary json'
+ jq -e '.ipv4Unicast.peers."172.16.0.2".state == "Established"'
+ return 0
+ teardown_bgp
+ python3 /home/apanatto/dev/github.com/DPDK/grout/subprojects/frr-frr-10.6.1/tools/frr-reload.py --confdir build//frr_install/etc/frr --bindir build//frr_install/bin --rundir build//frr_install/var/run/frr --reload --debug --stdout /tmp/tmp.kCeOhDfbvG/base.conf
2026-08-24 17:34:48,179  INFO: Called via "Namespace(input=None, reload=True, test=False, debug=True, log_level='info', stdout=True, pathspace=None, filename='/tmp/tmp.kCeOhDfbvG/base.conf', overwrite=False, bindir='build//frr_install/bin', confdir='build//frr_install/etc/frr', rundir='build//frr_install/var/run/frr', vty_socket=None, daemon='', test_reset=False, logfmt=False, logfile='/var/log/frr/frr-reload.log')"
2026-08-24 17:34:48,179  INFO: Loading Config object from file /tmp/tmp.kCeOhDfbvG/base.conf
2026-08-24 17:34:48,183 DEBUG: LINE hostname grout                                    : single-line context
2026-08-24 17:34:48,184 DEBUG: LINE debug zebra dplane dpdk                           : single-line context
2026-08-24 17:34:48,192 DEBUG: New Frr Config
hostname grout
debug zebra dplane dpdk

end

2026-08-24 17:34:48,192  INFO: Loading Config object from vtysh show running
2026-08-24 17:34:48,201 DEBUG: LINE frr version 10.6.1                                : single-line context
2026-08-24 17:34:48,201 DEBUG: LINE frr defaults traditional                          : single-line context
2026-08-24 17:34:48,201 DEBUG: LINE hostname apanatto-thinkpadt14gen5.rmtit.csb       : single-line context
2026-08-24 17:34:48,201 DEBUG: LINE debug zebra dplane dpdk                           : single-line context
2026-08-24 17:34:48,201 DEBUG: LINE vrf main                                          : enter context vrf main                                          
2026-08-24 17:34:48,201 DEBUG: LINE exit-vrf                                          : exit context vrf main                                          
2026-08-24 17:34:48,201 DEBUG: LINE router bgp 64512                                  : enter context router bgp 64512                                  
2026-08-24 17:34:48,201 DEBUG: LINE bgp router-id 172.16.0.1                          : add to current context router bgp 64512                                  
2026-08-24 17:34:48,201 DEBUG: LINE neighbor 172.16.0.2 remote-as 64512               : add to current context router bgp 64512                                  
2026-08-24 17:34:48,202 DEBUG: LINE address-family ipv4 unicast                       : enter context router bgp 64512 address-family ipv4 unicast      
2026-08-24 17:34:48,202 DEBUG: LINE network 172.16.0.0/24                             : add to current context router bgp 64512 address-family ipv4 unicast      
2026-08-24 17:34:48,202 DEBUG: LINE exit-address-family                               : exit context router bgp 64512 address-family ipv4 unicast      
2026-08-24 17:34:48,202 DEBUG: LINE exit                                              : exit context router bgp 64512                                  
2026-08-24 17:34:48,202 DEBUG: Running Frr Config (Pass #0)
frr version 10.6.1
frr defaults traditional
hostname apanatto-thinkpadt14gen5.rmtit.csb
!
debug zebra dplane dpdk
!
vrf main
exit-vrf
end
!
router bgp 64512
bgp router-id 172.16.0.1
neighbor 172.16.0.2 remote-as 64512
!
address-family ipv4 unicast
network 172.16.0.0/24
exit-address-family
exit
!
end
2026-08-24 17:34:48,203  INFO: "frr version 10.6.1" cannot be removed
2026-08-24 17:34:48,203  INFO: "frr defaults traditional" cannot be removed
2026-08-24 17:34:48,211  INFO: Executed "no hostname apanatto-thinkpadt14gen5.rmtit.csb"
ZEBRA: [WMBNH-V6XN6] Unable to find specified Interface for default
ZEBRA: [WMBNH-V6XN6] Unable to find specified Interface for default
NOTICE: TRACE: [tx p0] fa:2a:ff:46:d7:2c > fe:78:40:7f:f0:3f / IP 172.16.0.1 > 172.16.0.2 ttl=255 proto=TCP(6) / TCP 48722 > 179 flags=FA, (pkt_len=66)
NOTICE: TRACE: [rx p0] fe:78:40:7f:f0:3f > fa:2a:ff:46:d7:2c / IP 172.16.0.2 > 172.16.0.1 ttl=255 proto=TCP(6) / TCP 179 > 48722 flags=FA, (pkt_len=66)
NOTICE: TRACE: [cp tx p0] fa:2a:ff:46:d7:2c > fa:2a:ff:46:d7:2c / IP 172.16.0.2 > 172.16.0.1 ttl=255 proto=TCP(6) / TCP 179 > 48722 flags=FA, (pkt_len=66)
NOTICE: TRACE: [tx p0] fa:2a:ff:46:d7:2c > fe:78:40:7f:f0:3f / IP 172.16.0.1 > 172.16.0.2 ttl=255 proto=TCP(6) / TCP 48722 > 179 flags=A, (pkt_len=66)
2026-08-24 17:34:48,219  INFO: Executed "no router bgp 64512"
2026-08-24 17:34:48,219  INFO: build//frr_install/var/run/frr/reload-8JJH3Q.txt content
['hostname grout\n']
[400282|mgmtd] sending configuration
[400283|zebra] sending configuration
[400286|ospfd] sending configuration
[400287|ospf6d] sending configuration
ZEBRA: [VTVCM-Y2NW3] Configuration Read in Took: 00:00:00
ZEBRA: [G6NKK-8C6DV] end_config: VTY:0x1ead2840, pending SET-CFG: 0
MGMTD: [VTVCM-Y2NW3] Configuration Read in Took: 00:00:00
MGMTD: [G6NKK-8C6DV] end_config: VTY:0x35df98f0, pending SET-CFG: 0
[400282|mgmtd] done
[400289|bgpd] sending configuration
[400283|zebra] done
[400290|isisd] sending configuration
OSPF6: [VTVCM-Y2NW3] Configuration Read in Took: 00:00:00
[400286|ospfd] done
OSPF6: [G6NKK-8C6DV] end_config: VTY:0x2ab395a0, pending SET-CFG: 0
OSPF: [VTVCM-Y2NW3] Configuration Read in Took: 00:00:00
[400287|ospf6d] done
OSPF: [G6NKK-8C6DV] end_config: VTY:0x26031e00, pending SET-CFG: 0
BGP: [VTVCM-Y2NW3] Configuration Read in Took: 00:00:00
BGP: [G6NKK-8C6DV] end_config: VTY:0x1f155b60, pending SET-CFG: 0
[400289|bgpd] done
ISIS: [VTVCM-Y2NW3] Configuration Read in Took: 00:00:00
ISIS: [G6NKK-8C6DV] end_config: VTY:0xff70de0, pending SET-CFG: 0
[400290|isisd] done
[400299|bfdd] sending configuration
[400298|staticd] sending configuration
Waiting for children to finish applying config...
[400303|watchfrr] sending configuration
STATIC: [VTVCM-Y2NW3] Configuration Read in Took: 00:00:00
STATIC: [G6NKK-8C6DV] end_config: VTY:0xa0f9aa0, pending SET-CFG: 0
BFD: [VTVCM-Y2NW3] Configuration Read in Took: 00:00:00
BFD: [G6NKK-8C6DV] end_config: VTY:0x37c70ec0, pending SET-CFG: 0
[400299|bfdd] done
[400298|staticd] done
[400303|watchfrr] done
DEBUG: ROUTE: rib4_delete: VRF 1: 16.0.0.0/24
DEBUG: API: read_cb: pid=397682 id=74 req_type=0xf00d0002 (GR_IP4_ROUTE_DEL) req_len=16 status=0 (Success) resp_len=0
ZEBRA: GROUT: grout_add_del_route: del 16.0.0.0/24 origin bgp nh_id 84 vrf 1
> route4 del: vrf=main 16.0.0.0/24 origin=bgp via type=L3 id=84 iface=p0 vrf=main origin=zebra family=ipv4 addr=172.16.0.2 state=reachable mac=fe:78:40:7f:f0:3f
ZEBRA: GROUT: grout_client_send_recv: GR_IP4_ROUTE_DEL: success
2026-08-24 17:34:48,230  INFO: Loading Config object from vtysh show running
2026-08-24 17:34:48,239 DEBUG: LINE frr version 10.6.1                                : single-line context
2026-08-24 17:34:48,239 DEBUG: LINE frr defaults traditional                          : single-line context
2026-08-24 17:34:48,239 DEBUG: LINE hostname apanatto-thinkpadt14gen5.rmtit.csb       : single-line context
2026-08-24 17:34:48,239 DEBUG: LINE debug zebra dplane dpdk                           : single-line context
2026-08-24 17:34:48,239 DEBUG: LINE vrf main                                          : enter context vrf main                                          
2026-08-24 17:34:48,239 DEBUG: LINE exit-vrf                                          : exit context vrf main                                          
2026-08-24 17:34:48,239 DEBUG: Running Frr Config (Pass #1)
frr version 10.6.1
frr defaults traditional
hostname apanatto-thinkpadt14gen5.rmtit.csb
!
debug zebra dplane dpdk
!
vrf main
exit-vrf
end
!
end
2026-08-24 17:34:48,239  INFO: "frr version 10.6.1" cannot be removed
2026-08-24 17:34:48,239  INFO: "frr defaults traditional" cannot be removed
2026-08-24 17:34:48,239  INFO: build//frr_install/var/run/frr/reload-CVOFT1.txt content
['hostname grout\n', 'hostname grout\n']
[400307|mgmtd] sending configuration
[400308|zebra] sending configuration
[400311|ospfd] sending configuration
[400312|ospf6d] sending configuration
MGMTD: [VTVCM-Y2NW3] Configuration Read in Took: 00:00:00
[400314|bgpd] sending configuration
MGMTD: [G6NKK-8C6DV] end_config: VTY:0x35df98f0, pending SET-CFG: 0
ZEBRA: [VTVCM-Y2NW3] Configuration Read in Took: 00:00:00
ZEBRA: [G6NKK-8C6DV] end_config: VTY:0x1ead2840, pending SET-CFG: 0
[400308|zebra] done
[400307|mgmtd] done
[400315|isisd] sending configuration
OSPF: [VTVCM-Y2NW3] Configuration Read in Took: 00:00:00
[400311|ospfd] done
OSPF: [G6NKK-8C6DV] end_config: VTY:0x26031e00, pending SET-CFG: 0
OSPF6: [VTVCM-Y2NW3] Configuration Read in Took: 00:00:00
OSPF6: [G6NKK-8C6DV] end_config: VTY:0x2ab395a0, pending SET-CFG: 0
[400312|ospf6d] done
BGP: [VTVCM-Y2NW3] Configuration Read in Took: 00:00:00
BGP: [G6NKK-8C6DV] end_config: VTY:0x1f155b60, pending SET-CFG: 0
[400314|bgpd] done
ISIS: [VTVCM-Y2NW3] Configuration Read in Took: 00:00:00
ISIS: [G6NKK-8C6DV] end_config: VTY:0xff70de0, pending SET-CFG: 0
[400315|isisd] done
[400323|staticd] sending configuration
[400324|bfdd] sending configuration
STATIC: [VTVCM-Y2NW3] Configuration Read in Took: 00:00:00
Waiting for children to finish applying config...
[400323|staticd] done
STATIC: [G6NKK-8C6DV] end_config: VTY:0xa0f9aa0, pending SET-CFG: 0
BFD: [VTVCM-Y2NW3] Configuration Read in Took: 00:00:00
BFD: [G6NKK-8C6DV] end_config: VTY:0x37c70ec0, pending SET-CFG: 0
[400324|bfdd] done
[400328|watchfrr] sending configuration
[400328|watchfrr] done
+ grcli interface del p0
DEBUG: API: accept_conn_cb: new connection fd=26 pid=400331
DEBUG: API: read_cb: pid=400331 id=1 req_type=0xcafe1981 (GR_HELLO) req_len=132 status=0 (Success) resp_len=2
DEBUG: API: api_send: pid=400331 for_id=2 len=316
DEBUG: API: api_send: pid=400331 for_id=2 len=466
DEBUG: API: read_cb: pid=400331 id=2 req_type=0xacdc0004 (GR_IFACE_LIST) req_len=1 status=0 (Success) resp_len=0
DEBUG: API: read_cb: pid=400331 id=3 req_type=0xacdc0003 (GR_IFACE_GET) req_len=18 status=0 (Success) resp_len=466
DEBUG: IFACE: iface_event: iface event [0xacdc1003] PRE_REMOVE triggered for iface p0.
DEBUG: ROUTE: rib4_delete: VRF 1: 172.16.0.2/32
INFO: WORKER: port_unplug: port 0 unplugged
DEBUG: ROUTE: rib4_delete: VRF 1: 172.16.0.0/24
DEBUG: ROUTE: rib6_delete: VRF 1: fe80:2::/64
DEBUG: IFACE: iface_event: iface event [0xacdc1007] STATUS_DOWN triggered for iface p0.
DEBUG: MEMPOOL: gr_pktmbuf_pool_release: release mempool mbuf_-1:0 reserved 512 -> 256 (size 2047)
DEBUG: IFACE: iface_event: iface event [0xacdc1004] REMOVE triggered for iface p0.
DEBUG: MEMPOOL: gr_pktmbuf_pool_release: release mempool mbuf_0:0 reserved 511 -> 0 (size 2047)
DEBUG: MEMPOOL: gr_pktmbuf_pool_release: schedule mempool mbuf_0:0 for deferred free
INFO: PORT: iface_port_fini: port 0 destroyed
DEBUG: API: read_cb: pid=400331 id=4 req_type=0xacdc0002 (GR_IFACE_DEL) req_len=2 status=0 (Success) resp_len=0
DEBUG: API: disconnect_client: client pid=400331 disconnected
> nh del: type=L3 iface=p0 vrf=main origin=zebra family=ipv4 addr=172.16.0.2 state=reachable mac=fe:78:40:7f:f0:3f
> addr4 del: iface=p0 172.16.0.1/24
> route4 del: vrf=main 172.16.0.0/24 origin=link via type=L3 iface=p0 vrf=main origin=INTERNAL family=ipv4 addr=172.16.0.1/24 state=reachable mac=fa:2a:ff:46:d7:2c flags=local link
> addr6 del: iface=p0 fe80::f82a:ffff:fe46:d72c/64
> route6 del: vrf=main fe80:2::/64 origin=link via type=L3 iface=p0 vrf=main origin=INTERNAL family=ipv6 addr=fe80::f82a:ffff:fe46:d72c/64 state=reachable mac=fa:2a:ff:46:d7:2c f
> iface pre del: p0 type=port id=2 mtu=1500
> iface down: p0 type=port id=2 mtu=1500
> iface del: p0 type=port id=2 mtu=1500
ZEBRA: GROUT: dplane_read_notifications: GR_EVENT_IP_ADDR_DEL
ZEBRA: GROUT: grout_interface_addr4_change: del 172.16.0.1/24 iface 2
ZEBRA: GROUT: zebra_read_notifications: GR_EVENT_NEXTHOP_DELETE
ZEBRA: GROUT: grout_nexthop_change: del nh_id 0 origin zebra
ZEBRA: GROUT: grout_neigh_notify: del neigh iface=2 172.16.0.2 fe:78:40:7f:f0:3f
ZEBRA: GROUT: grout_nexthop_change: nexthop without ID, skip
ZEBRA: GROUT: dplane_read_notifications: GR_EVENT_IP6_ADDR_DEL
ZEBRA: GROUT: grout_interface_addr6_change: del fe80::f82a:ffff:fe46:d72c/64 iface 2
ZEBRA: GROUT: dplane_read_notifications: GR_EVENT_IFACE_STATUS_DOWN
ZEBRA: GROUT: grout_link_change: add iface p0
ZEBRA: GROUT: dplane_read_notifications: GR_EVENT_IFACE_REMOVE
ZEBRA: GROUT: grout_link_change: del iface p0
ZEBRA: GROUT: zebra_read_notifications: GR_EVENT_IP_ROUTE_DEL
ZEBRA: GROUT: grout_route4_change: del 172.16.0.0/24 origin link nh_id 0 route_vrf 1 nh_vrf 1
ZEBRA: GROUT: grout_route_change: link route, skip
ZEBRA: GROUT: zebra_read_notifications: GR_EVENT_IP6_ROUTE_DEL
ZEBRA: GROUT: grout_route6_change: del fe80:2::/64 origin link nh_id 0 route_vrf 1 nh_vrf 1
ZEBRA: GROUT: grout_route_change: link route, skip
+ echo 'Teardown complete'
Teardown complete
+ for i in $(seq 1 $iterations)
+ echo '=== Iteration 15/20 ==='
=== Iteration 15/20 ===
+ setup_bgp
+ python3 /home/apanatto/dev/github.com/DPDK/grout/subprojects/frr-frr-10.6.1/tools/frr-reload.py --confdir build//frr_install/etc/frr --bindir build//frr_install/bin --rundir build//frr_install/var/run/frr --reload --debug --stdout /tmp/tmp.kCeOhDfbvG/bgp.conf
ZEBRA: GROUT: grout_add_del_route: del 172.16.0.0/24 origin link nh_id 82 vrf 1
ZEBRA: GROUT: grout_add_del_route: non-frr origin, skip
ZEBRA: GROUT: grout_add_del_route: del 172.16.0.0/24 origin link nh_id 82 vrf 1
ZEBRA: GROUT: grout_add_del_route: non-frr origin, skip
ZEBRA: GROUT: grout_add_del_route: del 172.16.0.1/32 origin link nh_id 82 vrf 1
ZEBRA: GROUT: grout_add_del_route: non-frr origin, skip
ZEBRA: GROUT: grout_add_del_route: del 172.16.0.1/32 origin link nh_id 82 vrf 1
ZEBRA: GROUT: grout_add_del_route: non-frr origin, skip
ZEBRA: GROUT: grout_add_del_route: del fe80::/64 origin link nh_id 81 vrf 1
ZEBRA: GROUT: grout_add_del_route: non-frr origin, skip
ZEBRA: GROUT: grout_add_del_route: del fe80::/64 origin link nh_id 81 vrf 1
ZEBRA: GROUT: grout_add_del_route: non-frr origin, skip
2026-08-24 17:34:48,384  INFO: Called via "Namespace(input=None, reload=True, test=False, debug=True, log_level='info', stdout=True, pathspace=None, filename='/tmp/tmp.kCeOhDfbvG/bgp.conf', overwrite=False, bindir='build//frr_install/bin', confdir='build//frr_install/etc/frr', rundir='build//frr_install/var/run/frr', vty_socket=None, daemon='', test_reset=False, logfmt=False, logfile='/var/log/frr/frr-reload.log')"
2026-08-24 17:34:48,384  INFO: Loading Config object from file /tmp/tmp.kCeOhDfbvG/bgp.conf
2026-08-24 17:34:48,389 DEBUG: LINE hostname grout                                    : single-line context
2026-08-24 17:34:48,390 DEBUG: LINE debug zebra dplane dpdk                           : single-line context
2026-08-24 17:34:48,390 DEBUG: LINE router bgp 64512                                  : enter context router bgp 64512                                  
2026-08-24 17:34:48,390 DEBUG: LINE bgp router-id 172.16.0.1                          : add to current context router bgp 64512                                  
2026-08-24 17:34:48,390 DEBUG: LINE neighbor 172.16.0.2 remote-as 64512               : add to current context router bgp 64512                                  
2026-08-24 17:34:48,390 DEBUG: LINE address-family ipv4 unicast                       : enter context router bgp 64512 address-family ipv4 unicast      
2026-08-24 17:34:48,390 DEBUG: LINE network 172.16.0.0/24                             : add to current context router bgp 64512 address-family ipv4 unicast      
2026-08-24 17:34:48,390 DEBUG: LINE exit-address-family                               : exit context router bgp 64512 address-family ipv4 unicast      
2026-08-24 17:34:48,390 DEBUG: LINE exit                                              : exit context router bgp 64512                                  
2026-08-24 17:34:48,398 DEBUG: New Frr Config
hostname grout
debug zebra dplane dpdk
router bgp 64512
bgp router-id 172.16.0.1
neighbor 172.16.0.2 remote-as 64512
address-family ipv4 unicast
network 172.16.0.0/24
exit-address-family
exit

end

2026-08-24 17:34:48,398  INFO: Loading Config object from vtysh show running
2026-08-24 17:34:48,433 DEBUG: LINE frr version 10.6.1                                : single-line context
2026-08-24 17:34:48,433 DEBUG: LINE frr defaults traditional                          : single-line context
2026-08-24 17:34:48,433 DEBUG: LINE hostname apanatto-thinkpadt14gen5.rmtit.csb       : single-line context
2026-08-24 17:34:48,433 DEBUG: LINE debug zebra dplane dpdk                           : single-line context
2026-08-24 17:34:48,433 DEBUG: LINE vrf main                                          : enter context vrf main                                          
2026-08-24 17:34:48,433 DEBUG: LINE exit-vrf                                          : exit context vrf main                                          
2026-08-24 17:34:48,433 DEBUG: Running Frr Config (Pass #0)
frr version 10.6.1
frr defaults traditional
hostname apanatto-thinkpadt14gen5.rmtit.csb
!
debug zebra dplane dpdk
!
vrf main
exit-vrf
end
!
end
2026-08-24 17:34:48,434  INFO: "frr version 10.6.1" cannot be removed
2026-08-24 17:34:48,434  INFO: "frr defaults traditional" cannot be removed
DEBUG: MEMPOOL: pending_free_cb: deferred free mempool mbuf_0:0 after 128 ms
2026-08-24 17:34:48,464  INFO: Executed "no hostname apanatto-thinkpadt14gen5.rmtit.csb"
2026-08-24 17:34:48,465  INFO: build//frr_install/var/run/frr/reload-2RIM1N.txt content
['hostname grout\n',
 'router bgp 64512\nexit\n',
 'router bgp 64512\n bgp router-id 172.16.0.1\nexit\n',
 'router bgp 64512\n neighbor 172.16.0.2 remote-as 64512\nexit\n',
 'router bgp 64512\n address-family ipv4 unicast\n exit\nexit\n',
 'router bgp 64512\n'
 ' address-family ipv4 unicast\n'
 '  network 172.16.0.0/24 \n'
 ' exit\n'
 'exit\n']
[400339|mgmtd] sending configuration
[400340|zebra] sending configuration
[400343|ospfd] sending configuration
[400344|ospf6d] sending configuration
[400346|bgpd] sending configuration
[400347|isisd] sending configuration
ZEBRA: [VTVCM-Y2NW3] Configuration Read in Took: 00:00:00
ZEBRA: [G6NKK-8C6DV] end_config: VTY:0x1ead2840, pending SET-CFG: 0
[400340|zebra] done
OSPF6: [VTVCM-Y2NW3] Configuration Read in Took: 00:00:00
[400344|ospf6d] done
OSPF6: [G6NKK-8C6DV] end_config: VTY:0x2ab395a0, pending SET-CFG: 0
[400339|mgmtd] done
MGMTD: [VTVCM-Y2NW3] Configuration Read in Took: 00:00:00
MGMTD: [G6NKK-8C6DV] end_config: VTY:0x35dd78c0, pending SET-CFG: 0
OSPF: [VTVCM-Y2NW3] Configuration Read in Took: 00:00:00
OSPF: [G6NKK-8C6DV] end_config: VTY:0x26031e00, pending SET-CFG: 0
[400343|ospfd] done
ZEBRA: [WMBNH-V6XN6] Unable to find specified Interface for default
ZEBRA: [WMBNH-V6XN6] Unable to find specified Interface for default
[400355|staticd] sending configuration
[400356|bfdd] sending configuration
Waiting for children to finish applying config...
[400360|watchfrr] sending configuration
ISIS: [VTVCM-Y2NW3] Configuration Read in Took: 00:00:00
[400347|isisd] done
ISIS: [G6NKK-8C6DV] end_config: VTY:0xff70dc0, pending SET-CFG: 0
BFD: [VTVCM-Y2NW3] Configuration Read in Took: 00:00:00
BFD: [G6NKK-8C6DV] end_config: VTY:0x37c70ea0, pending SET-CFG: 0
[400356|bfdd] done
STATIC: [VTVCM-Y2NW3] Configuration Read in Took: 00:00:00
STATIC: [G6NKK-8C6DV] end_config: VTY:0xa0f9aa0, pending SET-CFG: 0
[400355|staticd] done
BGP: [VTVCM-Y2NW3] Configuration Read in Took: 00:00:00
BGP: [G6NKK-8C6DV] end_config: VTY:0x1f155b60, pending SET-CFG: 0
[400346|bgpd] done
[400360|watchfrr] done
2026-08-24 17:34:48,477  INFO: Loading Config object from vtysh show running
2026-08-24 17:34:48,484 DEBUG: LINE frr version 10.6.1                                : single-line context
2026-08-24 17:34:48,484 DEBUG: LINE frr defaults traditional                          : single-line context
2026-08-24 17:34:48,484 DEBUG: LINE hostname apanatto-thinkpadt14gen5.rmtit.csb       : single-line context
2026-08-24 17:34:48,484 DEBUG: LINE debug zebra dplane dpdk                           : single-line context
2026-08-24 17:34:48,484 DEBUG: LINE vrf main                                          : enter context vrf main                                          
2026-08-24 17:34:48,484 DEBUG: LINE exit-vrf                                          : exit context vrf main                                          
2026-08-24 17:34:48,484 DEBUG: LINE router bgp 64512                                  : enter context router bgp 64512                                  
2026-08-24 17:34:48,484 DEBUG: LINE bgp router-id 172.16.0.1                          : add to current context router bgp 64512                                  
2026-08-24 17:34:48,484 DEBUG: LINE neighbor 172.16.0.2 remote-as 64512               : add to current context router bgp 64512                                  
2026-08-24 17:34:48,484 DEBUG: LINE address-family ipv4 unicast                       : enter context router bgp 64512 address-family ipv4 unicast      
2026-08-24 17:34:48,484 DEBUG: LINE network 172.16.0.0/24                             : add to current context router bgp 64512 address-family ipv4 unicast      
2026-08-24 17:34:48,484 DEBUG: LINE exit-address-family                               : exit context router bgp 64512 address-family ipv4 unicast      
2026-08-24 17:34:48,484 DEBUG: LINE exit                                              : exit context router bgp 64512                                  
2026-08-24 17:34:48,484 DEBUG: Running Frr Config (Pass #1)
frr version 10.6.1
frr defaults traditional
hostname apanatto-thinkpadt14gen5.rmtit.csb
!
debug zebra dplane dpdk
!
vrf main
exit-vrf
end
!
router bgp 64512
bgp router-id 172.16.0.1
neighbor 172.16.0.2 remote-as 64512
!
address-family ipv4 unicast
network 172.16.0.0/24
exit-address-family
exit
!
end
2026-08-24 17:34:48,484  INFO: "frr version 10.6.1" cannot be removed
2026-08-24 17:34:48,484  INFO: "frr defaults traditional" cannot be removed
2026-08-24 17:34:48,484  INFO: build//frr_install/var/run/frr/reload-L27ZHI.txt content
['hostname grout\n',
 'hostname grout\n',
 'router bgp 64512\nexit\n',
 'router bgp 64512\n bgp router-id 172.16.0.1\nexit\n',
 'router bgp 64512\n neighbor 172.16.0.2 remote-as 64512\nexit\n',
 'router bgp 64512\n address-family ipv4 unicast\n exit\nexit\n',
 'router bgp 64512\n'
 ' address-family ipv4 unicast\n'
 '  network 172.16.0.0/24 \n'
 ' exit\n'
 'exit\n']
[400365|mgmtd] sending configuration
[400366|zebra] sending configuration
[400369|ospfd] sending configuration
[400370|ospf6d] sending configuration
[400373|isisd] sending configuration
[400372|bgpd] sending configuration
MGMTD: [VTVCM-Y2NW3] Configuration Read in Took: 00:00:00
MGMTD: [G6NKK-8C6DV] end_config: VTY:0x35dd78c0, pending SET-CFG: 0
ZEBRA: [VTVCM-Y2NW3] Configuration Read in Took: 00:00:00
ZEBRA: [G6NKK-8C6DV] end_config: VTY:0x1ead2840, pending SET-CFG: 0
OSPF: [VTVCM-Y2NW3] Configuration Read in Took: 00:00:00
[400366|zebra] done
[400369|ospfd] done
OSPF: [G6NKK-8C6DV] end_config: VTY:0x26031e00, pending SET-CFG: 0
OSPF6: [VTVCM-Y2NW3] Configuration Read in Took: 00:00:00
OSPF6: [G6NKK-8C6DV] end_config: VTY:0x2ab395a0, pending SET-CFG: 0
[400370|ospf6d] done
[400381|staticd] sending configuration
ISIS: [VTVCM-Y2NW3] Configuration Read in Took: 00:00:00
ISIS: [G6NKK-8C6DV] end_config: VTY:0xff70dc0, pending SET-CFG: 0
[400373|isisd] done
[400365|mgmtd] done
[400382|bfdd] sending configuration
Waiting for children to finish applying config...
[400386|watchfrr] sending configuration
STATIC: [VTVCM-Y2NW3] Configuration Read in Took: 00:00:00
STATIC: [G6NKK-8C6DV] end_config: VTY:0xa0f9aa0, pending SET-CFG: 0
[400381|staticd] done
BFD: [VTVCM-Y2NW3] Configuration Read in Took: 00:00:00
BFD: [G6NKK-8C6DV] end_config: VTY:0x37c70ea0, pending SET-CFG: 0
BGP: [VTVCM-Y2NW3] Configuration Read in Took: 00:00:00
BGP: [G6NKK-8C6DV] end_config: VTY:0x1f155b60, pending SET-CFG: 0
[400382|bfdd] done
[400372|bgpd] done
[400386|watchfrr] done
+ grcli interface add port p0 devargs net_tap0,remote=veth0
DEBUG: API: accept_conn_cb: new connection fd=26 pid=400389
DEBUG: API: read_cb: pid=400389 id=1 req_type=0xcafe1981 (GR_HELLO) req_len=132 status=0 (Success) resp_len=2
ERR: TAP: tap_nl_dump_ext_ack(): Cannot delete qdisc with handle of zero
DEBUG: MEMPOOL: gr_pktmbuf_pool_get: allocate mempool mbuf_0:0 reserved 511 (size 2047, mbuf_size 2048)
INFO: WORKER: port_plug: port 0 plugged
DEBUG: GRAPH: worker_graph_new: [CPU 6] <- port=0 rxq=0 burst_size=64
DEBUG: GRAPH: worker_graph_new: [CPU 6] -> port 0 txq 0
DEBUG: IFACE: iface_event: iface event [0xacdc1008] MAC_CHANGE triggered for iface p0.
DEBUG: MEMPOOL: gr_pktmbuf_pool_get: reuse mempool mbuf_-1:0 reserved 256 -> 512 (size 2047, mbuf_size 2048)
DEBUG: IFACE: iface_event: iface event [0xacdc1001] ADD triggered for iface p0.
DEBUG: IFACE: iface_event: iface event [0xacdc1002] POST_ADD triggered for iface p0.
INFO: ADDRESS: mcast6_addr_add: p0: joining multicast group ff02::1:ff46:d72c
INFO: ADDRESS: mcast6_addr_add: p0: joining multicast group ff01::1
INFO: ADDRESS: mcast6_addr_add: p0: joining multicast group ff02::1
INFO: ADDRESS: mcast6_addr_add: p0: joining multicast group ff01::2
INFO: ADDRESS: mcast6_addr_add: p0: joining multicast group ff02::2
INFO: ADDRESS: mcast6_addr_add: p0: joining multicast group ff05::2
INFO: ADDRESS: mcast6_addr_add: p0: joining multicast group ff02::5
INFO: ADDRESS: mcast6_addr_add: p0: joining multicast group ff02::6
INFO: ADDRESS: mcast6_addr_add: p0: joining multicast group ff02::8
INFO: ADDRESS: mcast6_addr_add: p0: joining multicast group ff02::16
DEBUG: API: read_cb: pid=400389 id=2 req_type=0xacdc0001 (GR_IFACE_ADD) req_len=466 status=0 (Success) resp_len=2
Created interface 2
> iface mac change: p0 type=port id=2 mtu=0
> iface add: p0 type=port id=2 mtu=0
> route6 add: vrf=main fe80::f82a:ffff:fe46:d72c/64 origin=link via type=L3 iface=p0 vrf=main origin=INTERNAL family=ipv6 addr=fe80::f82a:ffff:fe46:d72c/64 state=reachable mac=fa:2a:ff:46:d7:2c f
> addr6 add: iface=p0 fe80::f82a:ffff:fe46:d72c/64
> iface post add: p0 type=port id=2 mtu=0
DEBUG: API: disconnect_client: client pid=400389 disconnected
ZEBRA: GROUT: zebra_read_notifications: GR_EVENT_IP6_ROUTE_ADD
ZEBRA: GROUT: grout_route6_change: add fe80::f82a:ffff:fe46:d72c/64 origin link nh_id 0 route_vrf 1 nh_vrf 1
ZEBRA: GROUT: grout_route_change: link route, skip
ZEBRA: GROUT: dplane_read_notifications: GR_EVENT_IFACE_MAC_CHANGE
ZEBRA: GROUT: grout_link_change: add iface p0
ZEBRA: GROUT: dplane_read_notifications: GR_EVENT_IFACE_ADD
ZEBRA: GROUT: grout_link_change: add iface p0
ZEBRA: GROUT: dplane_read_notifications: GR_EVENT_IP6_ADDR_ADD
ZEBRA: GROUT: grout_interface_addr6_change: add fe80::f82a:ffff:fe46:d72c/64 iface 2
NOTICE: TRACE: [rx p0] fa:2a:ff:46:d7:2c > 33:33:00:00:00:16 / IPv6 :: > ff02::16 ttl=1 proto=HOPOPT(0) / ICMPv6 type=143 code=0, (pkt_len=90)
NOTICE: TRACE: [drop icmp6_input_unsupported] 1 packets
+ grcli address add 172.16.0.1/24 iface p0
DEBUG: API: accept_conn_cb: new connection fd=26 pid=400390
DEBUG: API: read_cb: pid=400390 id=1 req_type=0xcafe1981 (GR_HELLO) req_len=132 status=0 (Success) resp_len=2
DEBUG: API: api_send: pid=400390 for_id=2 len=316
DEBUG: API: api_send: pid=400390 for_id=2 len=466
DEBUG: API: read_cb: pid=400390 id=2 req_type=0xacdc0004 (GR_IFACE_LIST) req_len=1 status=0 (Success) resp_len=0
DEBUG: API: read_cb: pid=400390 id=3 req_type=0xacdc0003 (GR_IFACE_GET) req_len=18 status=0 (Success) resp_len=466
DEBUG: API: read_cb: pid=400390 id=4 req_type=0xf00d0005 (GR_IP4_ADDR_ADD) req_len=16 status=0 (Success) resp_len=0
DEBUG: API: disconnect_client: client pid=400390 disconnected
> route4 add: vrf=main 172.16.0.1/24 origin=link via type=L3 iface=p0 vrf=main origin=INTERNAL family=ipv4 addr=172.16.0.1/24 state=reachable mac=fa:2a:ff:46:d7:2c flags=local link
> addr4 add: iface=p0 172.16.0.1/24
ZEBRA: GROUT: zebra_read_notifications: GR_EVENT_IP_ROUTE_ADD
ZEBRA: GROUT: grout_route4_change: add 172.16.0.1/24 origin link nh_id 0 route_vrf 1 nh_vrf 1
ZEBRA: GROUT: grout_route_change: link route, skip
ZEBRA: GROUT: dplane_read_notifications: GR_EVENT_IP_ADDR_ADD
ZEBRA: GROUT: grout_interface_addr4_change: add 172.16.0.1/24 iface 2
+ sleep 3
NOTICE: TRACE: [rx p0] fa:2a:ff:46:d7:2c > 33:33:00:00:00:16 / IPv6 :: > ff02::16 ttl=1 proto=HOPOPT(0) / ICMPv6 type=143 code=0, (pkt_len=90)
NOTICE: TRACE: [drop icmp6_input_unsupported] 1 packets
NOTICE: TRACE: [rx p0] fe:78:40:7f:f0:3f > fa:2a:ff:46:d7:2c / IP 172.16.0.2 > 172.16.0.1 ttl=255 proto=TCP(6) / TCP 40250 > 179 flags=S, (pkt_len=74)
ERR: CTLPLANE: iface_cp_tx: write to tap device failed Input/output error
NOTICE: TRACE: [cp tx p0] fa:2a:ff:46:d7:2c > fa:2a:ff:46:d7:2c / IP 172.16.0.2 > 172.16.0.1 ttl=255 proto=TCP(6) / TCP 40250 > 179 flags=S, (pkt_len=74)
NOTICE: TRACE: [rx p0] fa:2a:ff:46:d7:2c > 33:33:ff:46:d7:2c / IPv6 :: > ff02::1:ff46:d72c ttl=255 proto=ICMPv6(58) / ICMPv6 neigh solicit who has fe80::f82a:ffff:fe46:d72c? / Option type=14 len=8(1), (pkt_len=86)
NOTICE: TRACE: [drop ndp_ns_input_drop] 1 packets
INFO: PORT: link_event_cb: p0: link status up
DEBUG: IFACE: iface_event: iface event [0xacdc1006] STATUS_UP triggered for iface p0.
> iface up: p0 type=port id=2 mtu=1500
NOTICE: TRACE: [drop icmp6_output_no_route] 1 packets
NOTICE: TRACE: [tx p0] fa:2a:ff:46:d7:2c > ff:ff:ff:ff:ff:ff / ARP announce 172.16.0.1 is at fa:2a:ff:46:d7:2c, (pkt_len=42)
ZEBRA: GROUT: dplane_read_notifications: GR_EVENT_IFACE_STATUS_UP
ZEBRA: GROUT: grout_link_change: add iface p0
ZEBRA: GROUT: grout_add_del_route: add fe80::/64 origin link nh_id 87 vrf 1
ZEBRA: GROUT: grout_add_del_route: non-frr origin, skip
ZEBRA: GROUT: grout_add_del_route: add fe80::/64 origin link nh_id 87 vrf 1
ZEBRA: GROUT: grout_add_del_route: non-frr origin, skip
ZEBRA: GROUT: grout_add_del_route: add 172.16.0.0/24 origin link nh_id 88 vrf 1
ZEBRA: GROUT: grout_add_del_route: non-frr origin, skip
ZEBRA: GROUT: grout_add_del_route: add 172.16.0.0/24 origin link nh_id 88 vrf 1
ZEBRA: GROUT: grout_add_del_route: non-frr origin, skip
ZEBRA: GROUT: grout_add_del_route: add 172.16.0.1/32 origin link nh_id 88 vrf 1
ZEBRA: GROUT: grout_add_del_route: non-frr origin, skip
ZEBRA: GROUT: grout_add_del_route: add 172.16.0.1/32 origin link nh_id 88 vrf 1
ZEBRA: GROUT: grout_add_del_route: non-frr origin, skip
NOTICE: TRACE: [tx p0] fa:2a:ff:46:d7:2c > ff:ff:ff:ff:ff:ff / ARP request who has 172.16.0.2? tell 172.16.0.1, (pkt_len=42)
NOTICE: TRACE: [rx p0] fe:78:40:7f:f0:3f > fa:2a:ff:46:d7:2c / ARP reply 172.16.0.2 is at fe:78:40:7f:f0:3f, (pkt_len=42)
ZEBRA: GROUT: zebra_read_notifications: GR_EVENT_NEXTHOP_NEW
ZEBRA: GROUT: grout_nexthop_change: add nh_id 0 origin learn
NOTICE: TRACE: [tx p0] fa:2a:ff:46:d7:2c > fe:78:40:7f:f0:3f / IP 172.16.0.1 > 172.16.0.2 ttl=255 proto=TCP(6) / TCP 48734 > 179 flags=S, (pkt_len=74)
ZEBRA: GROUT: grout_nexthop_change: dynamic neighbor learn, skip
NOTICE: TRACE: [rx p0] fe:78:40:7f:f0:3f > fa:2a:ff:46:d7:2c / IP 172.16.0.2 > 172.16.0.1 ttl=255 proto=TCP(6) / TCP 179 > 48734 flags=SA, (pkt_len=74)
NOTICE: TRACE: [cp tx p0] fa:2a:ff:46:d7:2c > fa:2a:ff:46:d7:2c / IP 172.16.0.2 > 172.16.0.1 ttl=255 proto=TCP(6) / TCP 179 > 48734 flags=SA, (pkt_len=74)
> nh new: type=L3 iface=p0 vrf=main origin=learn family=ipv4 addr=172.16.0.2 state=new flags=neigh
> nh update: type=L3 iface=p0 vrf=main origin=learn family=ipv4 addr=172.16.0.2 state=reachable mac=fe:78:40:7f:f0:3f flags=neigh
NOTICE: TRACE: [tx p0] fa:2a:ff:46:d7:2c > fe:78:40:7f:f0:3f / IP 172.16.0.1 > 172.16.0.2 ttl=255 proto=TCP(6) / TCP 48734 > 179 flags=A, (pkt_len=66)
ZEBRA: GROUT: zebra_read_notifications: GR_EVENT_NEXTHOP_UPDATE
ZEBRA: GROUT: grout_nexthop_change: add nh_id 0 origin learn
ZEBRA: GROUT: grout_neigh_notify: add neigh iface=2 172.16.0.2 fe:78:40:7f:f0:3f
ZEBRA: GROUT: grout_nexthop_change: dynamic neighbor learn, skip
NOTICE: TRACE: [tx p0] fa:2a:ff:46:d7:2c > fe:78:40:7f:f0:3f / IP 172.16.0.1 > 172.16.0.2 ttl=255 proto=TCP(6) / TCP 48734 > 179 flags=PA, (pkt_len=197)
NOTICE: TRACE: [rx p0] fe:78:40:7f:f0:3f > fa:2a:ff:46:d7:2c / IP 172.16.0.2 > 172.16.0.1 ttl=255 proto=TCP(6) / TCP 179 > 48734 flags=A, (pkt_len=66)
NOTICE: TRACE: [cp tx p0] fa:2a:ff:46:d7:2c > fa:2a:ff:46:d7:2c / IP 172.16.0.2 > 172.16.0.1 ttl=255 proto=TCP(6) / TCP 179 > 48734 flags=A, (pkt_len=66)
NOTICE: TRACE: [rx p0] fe:78:40:7f:f0:3f > fa:2a:ff:46:d7:2c / IP 172.16.0.2 > 172.16.0.1 ttl=255 proto=TCP(6) / TCP 179 > 48734 flags=PA, (pkt_len=197)
NOTICE: TRACE: [cp tx p0] fa:2a:ff:46:d7:2c > fa:2a:ff:46:d7:2c / IP 172.16.0.2 > 172.16.0.1 ttl=255 proto=TCP(6) / TCP 179 > 48734 flags=PA, (pkt_len=197)
NOTICE: TRACE: [tx p0] fa:2a:ff:46:d7:2c > fe:78:40:7f:f0:3f / IP 172.16.0.1 > 172.16.0.2 ttl=255 proto=TCP(6) / TCP 48734 > 179 flags=A, (pkt_len=66)
NOTICE: TRACE: [rx p0] fe:78:40:7f:f0:3f > fa:2a:ff:46:d7:2c / IP 172.16.0.2 > 172.16.0.1 ttl=255 proto=TCP(6) / TCP 179 > 48734 flags=PA, (pkt_len=85)
NOTICE: TRACE: [tx p0] fa:2a:ff:46:d7:2c > fe:78:40:7f:f0:3f / IP 172.16.0.1 > 172.16.0.2 ttl=255 proto=TCP(6) / TCP 48734 > 179 flags=PA, (pkt_len=85)
NOTICE: TRACE: [cp tx p0] fa:2a:ff:46:d7:2c > fa:2a:ff:46:d7:2c / IP 172.16.0.2 > 172.16.0.1 ttl=255 proto=TCP(6) / TCP 179 > 48734 flags=PA, (pkt_len=85)
NOTICE: TRACE: [rx p0] fe:78:40:7f:f0:3f > fa:2a:ff:46:d7:2c / IP 172.16.0.2 > 172.16.0.1 ttl=255 proto=TCP(6) / TCP 179 > 48734 flags=A, (pkt_len=66)
NOTICE: TRACE: [tx p0] fa:2a:ff:46:d7:2c > fe:78:40:7f:f0:3f / IP 172.16.0.1 > 172.16.0.2 ttl=255 proto=TCP(6) / TCP 48734 > 179 flags=A, (pkt_len=66)
NOTICE: TRACE: [cp tx p0] fa:2a:ff:46:d7:2c > fa:2a:ff:46:d7:2c / IP 172.16.0.2 > 172.16.0.1 ttl=255 proto=TCP(6) / TCP 179 > 48734 flags=A, (pkt_len=66)
NOTICE: TRACE: [rx p0] fa:2a:ff:46:d7:2c > 33:33:00:00:00:16 / IPv6 fe80::f82a:ffff:fe46:d72c > ff02::16 ttl=1 proto=HOPOPT(0) / ICMPv6 type=143 code=0, (pkt_len=90)
NOTICE: TRACE: [rx p0] fa:2a:ff:46:d7:2c > 33:33:00:00:00:02 / IPv6 fe80::f82a:ffff:fe46:d72c > ff02::2 ttl=255 proto=ICMPv6(58) / ICMPv6 router solicit / Option src_lladdr=fa:2a:ff:46:d7:2c, (pkt_len=70)
NOTICE: TRACE: [drop icmp6_input_unsupported] 1 packets
NOTICE: TRACE: [tx p0] fa:2a:ff:46:d7:2c > 33:33:00:00:00:01 / IPv6 fe80::f82a:ffff:fe46:d72c > ff02::1 ttl=255 proto=ICMPv6(58) / ICMPv6 router advert / Option src_lladdr=fa:2a:ff:46:d7:2c, (pkt_len=78)
NOTICE: TRACE: [rx p0] fa:2a:ff:46:d7:2c > 33:33:00:00:00:16 / IPv6 fe80::f82a:ffff:fe46:d72c > ff02::16 ttl=1 proto=HOPOPT(0) / ICMPv6 type=143 code=0, (pkt_len=90)
NOTICE: TRACE: [drop icmp6_input_unsupported] 1 packets
NOTICE: TRACE: [tx p0] fa:2a:ff:46:d7:2c > fe:78:40:7f:f0:3f / IP 172.16.0.1 > 172.16.0.2 ttl=255 proto=TCP(6) / TCP 48734 > 179 flags=PA, (pkt_len=145)
NOTICE: TRACE: [rx p0] fe:78:40:7f:f0:3f > fa:2a:ff:46:d7:2c / IP 172.16.0.2 > 172.16.0.1 ttl=255 proto=TCP(6) / TCP 179 > 48734 flags=A, (pkt_len=66)
NOTICE: TRACE: [cp tx p0] fa:2a:ff:46:d7:2c > fa:2a:ff:46:d7:2c / IP 172.16.0.2 > 172.16.0.1 ttl=255 proto=TCP(6) / TCP 179 > 48734 flags=A, (pkt_len=66)
[bgp-peer] BGP: [M59KS-A3ZXZ] bgp_update_receive_eor: rcvd End-of-RIB for IPv4 Unicast from 172.16.0.1 in vrf default
NOTICE: TRACE: [rx p0] fe:78:40:7f:f0:3f > fa:2a:ff:46:d7:2c / IP 172.16.0.2 > 172.16.0.1 ttl=255 proto=TCP(6) / TCP 179 > 48734 flags=PA, (pkt_len=149)
NOTICE: TRACE: [cp tx p0] fa:2a:ff:46:d7:2c > fa:2a:ff:46:d7:2c / IP 172.16.0.2 > 172.16.0.1 ttl=255 proto=TCP(6) / TCP 179 > 48734 flags=PA, (pkt_len=149)
NOTICE: TRACE: [tx p0] fa:2a:ff:46:d7:2c > fe:78:40:7f:f0:3f / IP 172.16.0.1 > 172.16.0.2 ttl=255 proto=TCP(6) / TCP 48734 > 179 flags=A, (pkt_len=66)
BGP: [M59KS-A3ZXZ] bgp_update_receive_eor: rcvd End-of-RIB for IPv4 Unicast from 172.16.0.2 in vrf default
DEBUG: API: read_cb: pid=397682 id=75 req_type=0xacdc2003 (GR_NH_ADD) req_len=44 status=0 (Success) resp_len=0
DEBUG: API: read_cb: pid=397682 id=76 req_type=0xf00d0001 (GR_IP4_ROUTE_ADD) req_len=24 status=0 (Success) resp_len=0
> nh update: type=L3 id=90 iface=p0 vrf=main origin=zebra family=ipv4 addr=172.16.0.2 state=reachable mac=fe:78:40:7f:f0:3f
> route4 add: vrf=main 16.0.0.0/24 origin=bgp via type=L3 id=90 iface=p0 vrf=main origin=zebra family=ipv4 addr=172.16.0.2 state=reachable mac=fe:78:40:7f:f0:3f
ZEBRA: GROUT: grout_add_del_nexthop: add nh_id 90 origin zebra
ZEBRA: GROUT: grout_add_nexthop: nh_id 90 type L3
ZEBRA: GROUT: grout_client_send_recv: GR_NH_ADD: success
ZEBRA: GROUT: grout_add_del_route: add 16.0.0.0/24 origin bgp nh_id 90 vrf 1
ZEBRA: GROUT: grout_client_send_recv: GR_IP4_ROUTE_ADD: success
+ wait_bgp_established 30
+ local timeout=30
+ local elapsed=0
+ '[' 0 -lt 30 ']'
+ vtysh -c 'show bgp summary json'
+ jq -e '.ipv4Unicast.peers."172.16.0.2".state == "Established"'
+ return 0
+ teardown_bgp
+ python3 /home/apanatto/dev/github.com/DPDK/grout/subprojects/frr-frr-10.6.1/tools/frr-reload.py --confdir build//frr_install/etc/frr --bindir build//frr_install/bin --rundir build//frr_install/var/run/frr --reload --debug --stdout /tmp/tmp.kCeOhDfbvG/base.conf
2026-08-24 17:34:51,622  INFO: Called via "Namespace(input=None, reload=True, test=False, debug=True, log_level='info', stdout=True, pathspace=None, filename='/tmp/tmp.kCeOhDfbvG/base.conf', overwrite=False, bindir='build//frr_install/bin', confdir='build//frr_install/etc/frr', rundir='build//frr_install/var/run/frr', vty_socket=None, daemon='', test_reset=False, logfmt=False, logfile='/var/log/frr/frr-reload.log')"
2026-08-24 17:34:51,622  INFO: Loading Config object from file /tmp/tmp.kCeOhDfbvG/base.conf
2026-08-24 17:34:51,629 DEBUG: LINE hostname grout                                    : single-line context
2026-08-24 17:34:51,629 DEBUG: LINE debug zebra dplane dpdk                           : single-line context
2026-08-24 17:34:51,637 DEBUG: New Frr Config
hostname grout
debug zebra dplane dpdk

end

2026-08-24 17:34:51,637  INFO: Loading Config object from vtysh show running
2026-08-24 17:34:51,646 DEBUG: LINE frr version 10.6.1                                : single-line context
2026-08-24 17:34:51,646 DEBUG: LINE frr defaults traditional                          : single-line context
2026-08-24 17:34:51,646 DEBUG: LINE hostname apanatto-thinkpadt14gen5.rmtit.csb       : single-line context
2026-08-24 17:34:51,646 DEBUG: LINE debug zebra dplane dpdk                           : single-line context
2026-08-24 17:34:51,646 DEBUG: LINE vrf main                                          : enter context vrf main                                          
2026-08-24 17:34:51,646 DEBUG: LINE exit-vrf                                          : exit context vrf main                                          
2026-08-24 17:34:51,646 DEBUG: LINE router bgp 64512                                  : enter context router bgp 64512                                  
2026-08-24 17:34:51,646 DEBUG: LINE bgp router-id 172.16.0.1                          : add to current context router bgp 64512                                  
2026-08-24 17:34:51,646 DEBUG: LINE neighbor 172.16.0.2 remote-as 64512               : add to current context router bgp 64512                                  
2026-08-24 17:34:51,646 DEBUG: LINE address-family ipv4 unicast                       : enter context router bgp 64512 address-family ipv4 unicast      
2026-08-24 17:34:51,646 DEBUG: LINE network 172.16.0.0/24                             : add to current context router bgp 64512 address-family ipv4 unicast      
2026-08-24 17:34:51,646 DEBUG: LINE exit-address-family                               : exit context router bgp 64512 address-family ipv4 unicast      
2026-08-24 17:34:51,646 DEBUG: LINE exit                                              : exit context router bgp 64512                                  
2026-08-24 17:34:51,646 DEBUG: Running Frr Config (Pass #0)
frr version 10.6.1
frr defaults traditional
hostname apanatto-thinkpadt14gen5.rmtit.csb
!
debug zebra dplane dpdk
!
vrf main
exit-vrf
end
!
router bgp 64512
bgp router-id 172.16.0.1
neighbor 172.16.0.2 remote-as 64512
!
address-family ipv4 unicast
network 172.16.0.0/24
exit-address-family
exit
!
end
2026-08-24 17:34:51,647  INFO: "frr version 10.6.1" cannot be removed
2026-08-24 17:34:51,647  INFO: "frr defaults traditional" cannot be removed
2026-08-24 17:34:51,652  INFO: Executed "no hostname apanatto-thinkpadt14gen5.rmtit.csb"
ZEBRA: [WMBNH-V6XN6] Unable to find specified Interface for default
ZEBRA: [WMBNH-V6XN6] Unable to find specified Interface for default
NOTICE: TRACE: [tx p0] fa:2a:ff:46:d7:2c > fe:78:40:7f:f0:3f / IP 172.16.0.1 > 172.16.0.2 ttl=255 proto=TCP(6) / TCP 48734 > 179 flags=FA, (pkt_len=66)
2026-08-24 17:34:51,661  INFO: Executed "no router bgp 64512"
NOTICE: TRACE: [rx p0] fe:78:40:7f:f0:3f > fa:2a:ff:46:d7:2c / IP 172.16.0.2 > 172.16.0.1 ttl=255 proto=TCP(6) / TCP 179 > 48734 flags=FA, (pkt_len=66)
2026-08-24 17:34:51,661  INFO: build//frr_install/var/run/frr/reload-OU4W5L.txt content
['hostname grout\n']
NOTICE: TRACE: [cp tx p0] fa:2a:ff:46:d7:2c > fa:2a:ff:46:d7:2c / IP 172.16.0.2 > 172.16.0.1 ttl=255 proto=TCP(6) / TCP 179 > 48734 flags=FA, (pkt_len=66)
NOTICE: TRACE: [tx p0] fa:2a:ff:46:d7:2c > fe:78:40:7f:f0:3f / IP 172.16.0.1 > 172.16.0.2 ttl=255 proto=TCP(6) / TCP 48734 > 179 flags=A, (pkt_len=66)
[400427|mgmtd] sending configuration
[400428|zebra] sending configuration
[400431|ospfd] sending configuration
[400432|ospf6d] sending configuration
[400427|mgmtd] done
MGMTD: [VTVCM-Y2NW3] Configuration Read in Took: 00:00:00
[400435|isisd] sending configuration
MGMTD: [G6NKK-8C6DV] end_config: VTY:0x35dd78c0, pending SET-CFG: 0
[400434|bgpd] sending configuration
OSPF6: [VTVCM-Y2NW3] Configuration Read in Took: 00:00:00
OSPF6: [G6NKK-8C6DV] end_config: VTY:0x2ab395a0, pending SET-CFG: 0
[400432|ospf6d] done
[400431|ospfd] done
OSPF: [VTVCM-Y2NW3] Configuration Read in Took: 00:00:00
[400428|zebra] done
OSPF: [G6NKK-8C6DV] end_config: VTY:0x26031e00, pending SET-CFG: 0
ZEBRA: [VTVCM-Y2NW3] Configuration Read in Took: 00:00:00
ZEBRA: [G6NKK-8C6DV] end_config: VTY:0x1ead2840, pending SET-CFG: 0
ISIS: [VTVCM-Y2NW3] Configuration Read in Took: 00:00:00
ISIS: [G6NKK-8C6DV] end_config: VTY:0xff70de0, pending SET-CFG: 0
BGP: [VTVCM-Y2NW3] Configuration Read in Took: 00:00:00
[400434|bgpd] done
BGP: [G6NKK-8C6DV] end_config: VTY:0x1f155b60, pending SET-CFG: 0
[400443|staticd] sending configuration
[400444|bfdd] sending configuration
[400435|isisd] done
Waiting for children to finish applying config...
BFD: [VTVCM-Y2NW3] Configuration Read in Took: 00:00:00
BFD: [G6NKK-8C6DV] end_config: VTY:0x37c70ec0, pending SET-CFG: 0
[400444|bfdd] done
STATIC: [VTVCM-Y2NW3] Configuration Read in Took: 00:00:00
[400443|staticd] done
STATIC: [G6NKK-8C6DV] end_config: VTY:0xa0f9aa0, pending SET-CFG: 0
[400448|watchfrr] sending configuration
DEBUG: ROUTE: rib4_delete: VRF 1: 16.0.0.0/24
DEBUG: API: read_cb: pid=397682 id=77 req_type=0xf00d0002 (GR_IP4_ROUTE_DEL) req_len=16 status=0 (Success) resp_len=0
> route4 del: vrf=main 16.0.0.0/24 origin=bgp via type=L3 id=90 iface=p0 vrf=main origin=zebra family=ipv4 addr=172.16.0.2 state=reachable mac=fe:78:40:7f:f0:3f
ZEBRA: GROUT: grout_add_del_route: del 16.0.0.0/24 origin bgp nh_id 90 vrf 1
ZEBRA: GROUT: grout_client_send_recv: GR_IP4_ROUTE_DEL: success
[400448|watchfrr] done
2026-08-24 17:34:51,672  INFO: Loading Config object from vtysh show running
2026-08-24 17:34:51,680 DEBUG: LINE frr version 10.6.1                                : single-line context
2026-08-24 17:34:51,680 DEBUG: LINE frr defaults traditional                          : single-line context
2026-08-24 17:34:51,680 DEBUG: LINE hostname apanatto-thinkpadt14gen5.rmtit.csb       : single-line context
2026-08-24 17:34:51,680 DEBUG: LINE debug zebra dplane dpdk                           : single-line context
2026-08-24 17:34:51,680 DEBUG: LINE vrf main                                          : enter context vrf main                                          
2026-08-24 17:34:51,680 DEBUG: LINE exit-vrf                                          : exit context vrf main                                          
2026-08-24 17:34:51,680 DEBUG: Running Frr Config (Pass #1)
frr version 10.6.1
frr defaults traditional
hostname apanatto-thinkpadt14gen5.rmtit.csb
!
debug zebra dplane dpdk
!
vrf main
exit-vrf
end
!
end
2026-08-24 17:34:51,680  INFO: "frr version 10.6.1" cannot be removed
2026-08-24 17:34:51,680  INFO: "frr defaults traditional" cannot be removed
2026-08-24 17:34:51,680  INFO: build//frr_install/var/run/frr/reload-Z8C6UK.txt content
['hostname grout\n', 'hostname grout\n']
[400452|mgmtd] sending configuration
[400453|zebra] sending configuration
[400456|ospfd] sending configuration
[400457|ospf6d] sending configuration
MGMTD: [VTVCM-Y2NW3] Configuration Read in Took: 00:00:00
MGMTD: [G6NKK-8C6DV] end_config: VTY:0x35dd78c0, pending SET-CFG: 0
[400452|mgmtd] done
[400453|zebra] done
ZEBRA: [VTVCM-Y2NW3] Configuration Read in Took: 00:00:00
ZEBRA: [G6NKK-8C6DV] end_config: VTY:0x1ead2840, pending SET-CFG: 0
[400459|bgpd] sending configuration
[400460|isisd] sending configuration
OSPF: [VTVCM-Y2NW3] Configuration Read in Took: 00:00:00
OSPF: [G6NKK-8C6DV] end_config: VTY:0x26031e00, pending SET-CFG: 0
OSPF6: [VTVCM-Y2NW3] Configuration Read in Took: 00:00:00
[400457|ospf6d] done
OSPF6: [G6NKK-8C6DV] end_config: VTY:0x2ab395a0, pending SET-CFG: 0
[400456|ospfd] done
BGP: [VTVCM-Y2NW3] Configuration Read in Took: 00:00:00
BGP: [G6NKK-8C6DV] end_config: VTY:0x1f155b60, pending SET-CFG: 0
[400459|bgpd] done
[400468|staticd] sending configuration
ISIS: [VTVCM-Y2NW3] Configuration Read in Took: 00:00:00
ISIS: [G6NKK-8C6DV] end_config: VTY:0xff70de0, pending SET-CFG: 0
[400460|isisd] done
[400469|bfdd] sending configuration
STATIC: [VTVCM-Y2NW3] Configuration Read in Took: 00:00:00
STATIC: [G6NKK-8C6DV] end_config: VTY:0xa0f9aa0, pending SET-CFG: 0
[400468|staticd] done
Waiting for children to finish applying config...
[400473|watchfrr] sending configuration
BFD: [VTVCM-Y2NW3] Configuration Read in Took: 00:00:00
BFD: [G6NKK-8C6DV] end_config: VTY:0x37c70ec0, pending SET-CFG: 0
[400469|bfdd] done
[400473|watchfrr] done
+ grcli interface del p0
DEBUG: API: accept_conn_cb: new connection fd=26 pid=400476
DEBUG: API: read_cb: pid=400476 id=1 req_type=0xcafe1981 (GR_HELLO) req_len=132 status=0 (Success) resp_len=2
DEBUG: API: api_send: pid=400476 for_id=2 len=316
DEBUG: API: api_send: pid=400476 for_id=2 len=466
DEBUG: API: read_cb: pid=400476 id=2 req_type=0xacdc0004 (GR_IFACE_LIST) req_len=1 status=0 (Success) resp_len=0
DEBUG: API: read_cb: pid=400476 id=3 req_type=0xacdc0003 (GR_IFACE_GET) req_len=18 status=0 (Success) resp_len=466
DEBUG: IFACE: iface_event: iface event [0xacdc1003] PRE_REMOVE triggered for iface p0.
DEBUG: ROUTE: rib4_delete: VRF 1: 172.16.0.2/32
INFO: WORKER: port_unplug: port 0 unplugged
DEBUG: ROUTE: rib4_delete: VRF 1: 172.16.0.0/24
DEBUG: ROUTE: rib6_delete: VRF 1: fe80:2::/64
DEBUG: IFACE: iface_event: iface event [0xacdc1007] STATUS_DOWN triggered for iface p0.
DEBUG: MEMPOOL: gr_pktmbuf_pool_release: release mempool mbuf_-1:0 reserved 512 -> 256 (size 2047)
DEBUG: IFACE: iface_event: iface event [0xacdc1004] REMOVE triggered for iface p0.
DEBUG: MEMPOOL: gr_pktmbuf_pool_release: release mempool mbuf_0:0 reserved 511 -> 0 (size 2047)
DEBUG: MEMPOOL: gr_pktmbuf_pool_release: schedule mempool mbuf_0:0 for deferred free
INFO: PORT: iface_port_fini: port 0 destroyed
DEBUG: API: read_cb: pid=400476 id=4 req_type=0xacdc0002 (GR_IFACE_DEL) req_len=2 status=0 (Success) resp_len=0
DEBUG: API: disconnect_client: client pid=400476 disconnected
> nh del: type=L3 iface=p0 vrf=main origin=zebra family=ipv4 addr=172.16.0.2 state=reachable mac=fe:78:40:7f:f0:3f
> addr4 del: iface=p0 172.16.0.1/24
> route4 del: vrf=main 172.16.0.0/24 origin=link via type=L3 iface=p0 vrf=main origin=INTERNAL family=ipv4 addr=172.16.0.1/24 state=reachable mac=fa:2a:ff:46:d7:2c flags=local link
> addr6 del: iface=p0 fe80::f82a:ffff:fe46:d72c/64
> route6 del: vrf=main fe80:2::/64 origin=link via type=L3 iface=p0 vrf=main origin=INTERNAL family=ipv6 addr=fe80::f82a:ffff:fe46:d72c/64 state=reachable mac=fa:2a:ff:46:d7:2c f
> iface pre del: p0 type=port id=2 mtu=1500
> iface down: p0 type=port id=2 mtu=1500
> iface del: p0 type=port id=2 mtu=1500
ZEBRA: GROUT: dplane_read_notifications: GR_EVENT_IP_ADDR_DEL
ZEBRA: GROUT: grout_interface_addr4_change: del 172.16.0.1/24 iface 2
ZEBRA: GROUT: zebra_read_notifications: GR_EVENT_NEXTHOP_DELETE
ZEBRA: GROUT: grout_nexthop_change: del nh_id 0 origin zebra
ZEBRA: GROUT: grout_neigh_notify: del neigh iface=2 172.16.0.2 fe:78:40:7f:f0:3f
ZEBRA: GROUT: grout_nexthop_change: nexthop without ID, skip
ZEBRA: GROUT: dplane_read_notifications: GR_EVENT_IP6_ADDR_DEL
ZEBRA: GROUT: grout_interface_addr6_change: del fe80::f82a:ffff:fe46:d72c/64 iface 2
ZEBRA: GROUT: dplane_read_notifications: GR_EVENT_IFACE_STATUS_DOWN
ZEBRA: GROUT: grout_link_change: add iface p0
ZEBRA: GROUT: dplane_read_notifications: GR_EVENT_IFACE_REMOVE
ZEBRA: GROUT: grout_link_change: del iface p0
ZEBRA: GROUT: zebra_read_notifications: GR_EVENT_IP_ROUTE_DEL
ZEBRA: GROUT: grout_route4_change: del 172.16.0.0/24 origin link nh_id 0 route_vrf 1 nh_vrf 1
ZEBRA: GROUT: grout_route_change: link route, skip
ZEBRA: GROUT: zebra_read_notifications: GR_EVENT_IP6_ROUTE_DEL
ZEBRA: GROUT: grout_route6_change: del fe80:2::/64 origin link nh_id 0 route_vrf 1 nh_vrf 1
ZEBRA: GROUT: grout_route_change: link route, skip
+ echo 'Teardown complete'
Teardown complete
+ for i in $(seq 1 $iterations)
+ echo '=== Iteration 16/20 ==='
=== Iteration 16/20 ===
+ setup_bgp
+ python3 /home/apanatto/dev/github.com/DPDK/grout/subprojects/frr-frr-10.6.1/tools/frr-reload.py --confdir build//frr_install/etc/frr --bindir build//frr_install/bin --rundir build//frr_install/var/run/frr --reload --debug --stdout /tmp/tmp.kCeOhDfbvG/bgp.conf
ZEBRA: GROUT: grout_add_del_route: del 172.16.0.0/24 origin link nh_id 88 vrf 1
ZEBRA: GROUT: grout_add_del_route: non-frr origin, skip
ZEBRA: GROUT: grout_add_del_route: del 172.16.0.0/24 origin link nh_id 88 vrf 1
ZEBRA: GROUT: grout_add_del_route: non-frr origin, skip
ZEBRA: GROUT: grout_add_del_route: del 172.16.0.1/32 origin link nh_id 88 vrf 1
ZEBRA: GROUT: grout_add_del_route: non-frr origin, skip
ZEBRA: GROUT: grout_add_del_route: del 172.16.0.1/32 origin link nh_id 88 vrf 1
ZEBRA: GROUT: grout_add_del_route: non-frr origin, skip
ZEBRA: GROUT: grout_add_del_route: del fe80::/64 origin link nh_id 87 vrf 1
ZEBRA: GROUT: grout_add_del_route: non-frr origin, skip
ZEBRA: GROUT: grout_add_del_route: del fe80::/64 origin link nh_id 87 vrf 1
ZEBRA: GROUT: grout_add_del_route: non-frr origin, skip
2026-08-24 17:34:51,820  INFO: Called via "Namespace(input=None, reload=True, test=False, debug=True, log_level='info', stdout=True, pathspace=None, filename='/tmp/tmp.kCeOhDfbvG/bgp.conf', overwrite=False, bindir='build//frr_install/bin', confdir='build//frr_install/etc/frr', rundir='build//frr_install/var/run/frr', vty_socket=None, daemon='', test_reset=False, logfmt=False, logfile='/var/log/frr/frr-reload.log')"
2026-08-24 17:34:51,820  INFO: Loading Config object from file /tmp/tmp.kCeOhDfbvG/bgp.conf
2026-08-24 17:34:51,826 DEBUG: LINE hostname grout                                    : single-line context
2026-08-24 17:34:51,826 DEBUG: LINE debug zebra dplane dpdk                           : single-line context
2026-08-24 17:34:51,826 DEBUG: LINE router bgp 64512                                  : enter context router bgp 64512                                  
2026-08-24 17:34:51,826 DEBUG: LINE bgp router-id 172.16.0.1                          : add to current context router bgp 64512                                  
2026-08-24 17:34:51,826 DEBUG: LINE neighbor 172.16.0.2 remote-as 64512               : add to current context router bgp 64512                                  
2026-08-24 17:34:51,827 DEBUG: LINE address-family ipv4 unicast                       : enter context router bgp 64512 address-family ipv4 unicast      
2026-08-24 17:34:51,827 DEBUG: LINE network 172.16.0.0/24                             : add to current context router bgp 64512 address-family ipv4 unicast      
2026-08-24 17:34:51,827 DEBUG: LINE exit-address-family                               : exit context router bgp 64512 address-family ipv4 unicast      
2026-08-24 17:34:51,827 DEBUG: LINE exit                                              : exit context router bgp 64512                                  
2026-08-24 17:34:51,835 DEBUG: New Frr Config
hostname grout
debug zebra dplane dpdk
router bgp 64512
bgp router-id 172.16.0.1
neighbor 172.16.0.2 remote-as 64512
address-family ipv4 unicast
network 172.16.0.0/24
exit-address-family
exit

end

2026-08-24 17:34:51,835  INFO: Loading Config object from vtysh show running
2026-08-24 17:34:51,871 DEBUG: LINE frr version 10.6.1                                : single-line context
2026-08-24 17:34:51,871 DEBUG: LINE frr defaults traditional                          : single-line context
2026-08-24 17:34:51,871 DEBUG: LINE hostname apanatto-thinkpadt14gen5.rmtit.csb       : single-line context
2026-08-24 17:34:51,872 DEBUG: LINE debug zebra dplane dpdk                           : single-line context
2026-08-24 17:34:51,872 DEBUG: LINE vrf main                                          : enter context vrf main                                          
2026-08-24 17:34:51,872 DEBUG: LINE exit-vrf                                          : exit context vrf main                                          
2026-08-24 17:34:51,872 DEBUG: Running Frr Config (Pass #0)
frr version 10.6.1
frr defaults traditional
hostname apanatto-thinkpadt14gen5.rmtit.csb
!
debug zebra dplane dpdk
!
vrf main
exit-vrf
end
!
end
2026-08-24 17:34:51,873  INFO: "frr version 10.6.1" cannot be removed
2026-08-24 17:34:51,873  INFO: "frr defaults traditional" cannot be removed
2026-08-24 17:34:51,901  INFO: Executed "no hostname apanatto-thinkpadt14gen5.rmtit.csb"
2026-08-24 17:34:51,901  INFO: build//frr_install/var/run/frr/reload-0MVQZ5.txt content
['hostname grout\n',
 'router bgp 64512\nexit\n',
 'router bgp 64512\n bgp router-id 172.16.0.1\nexit\n',
 'router bgp 64512\n neighbor 172.16.0.2 remote-as 64512\nexit\n',
 'router bgp 64512\n address-family ipv4 unicast\n exit\nexit\n',
 'router bgp 64512\n'
 ' address-family ipv4 unicast\n'
 '  network 172.16.0.0/24 \n'
 ' exit\n'
 'exit\n']
[400484|mgmtd] sending configuration
[400485|zebra] sending configuration
[400488|ospfd] sending configuration
[400489|ospf6d] sending configuration
[400491|bgpd] sending configuration
[400492|isisd] sending configuration
MGMTD: [VTVCM-Y2NW3] Configuration Read in Took: 00:00:00
[400484|mgmtd] done
MGMTD: [G6NKK-8C6DV] end_config: VTY:0x35dd78c0, pending SET-CFG: 0
ZEBRA: [VTVCM-Y2NW3] Configuration Read in Took: 00:00:00
ZEBRA: [G6NKK-8C6DV] end_config: VTY:0x1ead2840, pending SET-CFG: 0
[400485|zebra] done
OSPF: [VTVCM-Y2NW3] Configuration Read in Took: 00:00:00
OSPF: [G6NKK-8C6DV] end_config: VTY:0x26031e00, pending SET-CFG: 0
OSPF6: [VTVCM-Y2NW3] Configuration Read in Took: 00:00:00
[400489|ospf6d] done
[400488|ospfd] done
OSPF6: [G6NKK-8C6DV] end_config: VTY:0x2ab395a0, pending SET-CFG: 0
[400500|staticd] sending configuration
[400501|bfdd] sending configuration
ZEBRA: [WMBNH-V6XN6] Unable to find specified Interface for default
ZEBRA: [WMBNH-V6XN6] Unable to find specified Interface for default
Waiting for children to finish applying config...
[400505|watchfrr] sending configuration
ISIS: [VTVCM-Y2NW3] Configuration Read in Took: 00:00:00
ISIS: [G6NKK-8C6DV] end_config: VTY:0xff70dc0, pending SET-CFG: 0
[400492|isisd] done
STATIC: [VTVCM-Y2NW3] Configuration Read in Took: 00:00:00
STATIC: [G6NKK-8C6DV] end_config: VTY:0xa0f9aa0, pending SET-CFG: 0
BFD: [VTVCM-Y2NW3] Configuration Read in Took: 00:00:00
[400500|staticd] done
BFD: [G6NKK-8C6DV] end_config: VTY:0x37c70ea0, pending SET-CFG: 0
[400501|bfdd] done
BGP: [VTVCM-Y2NW3] Configuration Read in Took: 00:00:00
[400505|watchfrr] done
BGP: [G6NKK-8C6DV] end_config: VTY:0x1f155b60, pending SET-CFG: 0
[400491|bgpd] done
2026-08-24 17:34:51,912  INFO: Loading Config object from vtysh show running
2026-08-24 17:34:51,920 DEBUG: LINE frr version 10.6.1                                : single-line context
2026-08-24 17:34:51,920 DEBUG: LINE frr defaults traditional                          : single-line context
2026-08-24 17:34:51,920 DEBUG: LINE hostname apanatto-thinkpadt14gen5.rmtit.csb       : single-line context
2026-08-24 17:34:51,920 DEBUG: LINE debug zebra dplane dpdk                           : single-line context
2026-08-24 17:34:51,920 DEBUG: LINE vrf main                                          : enter context vrf main                                          
2026-08-24 17:34:51,920 DEBUG: LINE exit-vrf                                          : exit context vrf main                                          
2026-08-24 17:34:51,920 DEBUG: LINE router bgp 64512                                  : enter context router bgp 64512                                  
2026-08-24 17:34:51,920 DEBUG: LINE bgp router-id 172.16.0.1                          : add to current context router bgp 64512                                  
2026-08-24 17:34:51,920 DEBUG: LINE neighbor 172.16.0.2 remote-as 64512               : add to current context router bgp 64512                                  
2026-08-24 17:34:51,920 DEBUG: LINE address-family ipv4 unicast                       : enter context router bgp 64512 address-family ipv4 unicast      
2026-08-24 17:34:51,920 DEBUG: LINE network 172.16.0.0/24                             : add to current context router bgp 64512 address-family ipv4 unicast      
2026-08-24 17:34:51,920 DEBUG: LINE exit-address-family                               : exit context router bgp 64512 address-family ipv4 unicast      
2026-08-24 17:34:51,920 DEBUG: LINE exit                                              : exit context router bgp 64512                                  
2026-08-24 17:34:51,920 DEBUG: Running Frr Config (Pass #1)
frr version 10.6.1
frr defaults traditional
hostname apanatto-thinkpadt14gen5.rmtit.csb
!
debug zebra dplane dpdk
!
vrf main
exit-vrf
end
!
router bgp 64512
bgp router-id 172.16.0.1
neighbor 172.16.0.2 remote-as 64512
!
address-family ipv4 unicast
network 172.16.0.0/24
exit-address-family
exit
!
end
2026-08-24 17:34:51,920  INFO: "frr version 10.6.1" cannot be removed
2026-08-24 17:34:51,920  INFO: "frr defaults traditional" cannot be removed
2026-08-24 17:34:51,920  INFO: build//frr_install/var/run/frr/reload-RA1ESU.txt content
['hostname grout\n',
 'hostname grout\n',
 'router bgp 64512\nexit\n',
 'router bgp 64512\n bgp router-id 172.16.0.1\nexit\n',
 'router bgp 64512\n neighbor 172.16.0.2 remote-as 64512\nexit\n',
 'router bgp 64512\n address-family ipv4 unicast\n exit\nexit\n',
 'router bgp 64512\n'
 ' address-family ipv4 unicast\n'
 '  network 172.16.0.0/24 \n'
 ' exit\n'
 'exit\n']
[400509|mgmtd] sending configuration
[400510|zebra] sending configuration
[400513|ospfd] sending configuration
[400514|ospf6d] sending configuration
[400516|bgpd] sending configuration
[400517|isisd] sending configuration
MGMTD: [VTVCM-Y2NW3] Configuration Read in Took: 00:00:00
MGMTD: [G6NKK-8C6DV] end_config: VTY:0x35dd78c0, pending SET-CFG: 0
[400510|zebra] done
ZEBRA: [VTVCM-Y2NW3] Configuration Read in Took: 00:00:00
[400509|mgmtd] done
ZEBRA: [G6NKK-8C6DV] end_config: VTY:0x1ead2840, pending SET-CFG: 0
OSPF: [VTVCM-Y2NW3] Configuration Read in Took: 00:00:00
OSPF: [G6NKK-8C6DV] end_config: VTY:0x26031e00, pending SET-CFG: 0
OSPF6: [VTVCM-Y2NW3] Configuration Read in Took: 00:00:00
OSPF6: [G6NKK-8C6DV] end_config: VTY:0x2ab395a0, pending SET-CFG: 0
[400514|ospf6d] done
[400513|ospfd] done
[400525|staticd] sending configuration
[400526|bfdd] sending configuration
ISIS: [VTVCM-Y2NW3] Configuration Read in Took: 00:00:00
ISIS: [G6NKK-8C6DV] end_config: VTY:0xff70dc0, pending SET-CFG: 0
[400517|isisd] done
Waiting for children to finish applying config...
[400530|watchfrr] sending configuration
BGP: [VTVCM-Y2NW3] Configuration Read in Took: 00:00:00
BGP: [G6NKK-8C6DV] end_config: VTY:0x1f155b60, pending SET-CFG: 0
STATIC: [VTVCM-Y2NW3] Configuration Read in Took: 00:00:00
STATIC: [G6NKK-8C6DV] end_config: VTY:0xa0f9aa0, pending SET-CFG: 0
[400525|staticd] done
[400516|bgpd] done
BFD: [VTVCM-Y2NW3] Configuration Read in Took: 00:00:00
BFD: [G6NKK-8C6DV] end_config: VTY:0x37c70ea0, pending SET-CFG: 0
[400530|watchfrr] done
[400526|bfdd] done
+ grcli interface add port p0 devargs net_tap0,remote=veth0
DEBUG: API: accept_conn_cb: new connection fd=26 pid=400533
DEBUG: API: read_cb: pid=400533 id=1 req_type=0xcafe1981 (GR_HELLO) req_len=132 status=0 (Success) resp_len=2
ERR: TAP: tap_nl_dump_ext_ack(): Cannot delete qdisc with handle of zero
DEBUG: MEMPOOL: gr_pktmbuf_pool_get: allocate mempool mbuf_0:1 reserved 511 (size 2047, mbuf_size 2048)
INFO: WORKER: port_plug: port 0 plugged
DEBUG: GRAPH: worker_graph_new: [CPU 6] <- port=0 rxq=0 burst_size=64
DEBUG: GRAPH: worker_graph_new: [CPU 6] -> port 0 txq 0
DEBUG: IFACE: iface_event: iface event [0xacdc1008] MAC_CHANGE triggered for iface p0.
DEBUG: MEMPOOL: gr_pktmbuf_pool_get: reuse mempool mbuf_-1:0 reserved 256 -> 512 (size 2047, mbuf_size 2048)
DEBUG: IFACE: iface_event: iface event [0xacdc1001] ADD triggered for iface p0.
DEBUG: IFACE: iface_event: iface event [0xacdc1002] POST_ADD triggered for iface p0.
INFO: ADDRESS: mcast6_addr_add: p0: joining multicast group ff02::1:ff46:d72c
INFO: ADDRESS: mcast6_addr_add: p0: joining multicast group ff01::1
INFO: ADDRESS: mcast6_addr_add: p0: joining multicast group ff02::1
INFO: ADDRESS: mcast6_addr_add: p0: joining multicast group ff01::2
INFO: ADDRESS: mcast6_addr_add: p0: joining multicast group ff02::2
INFO: ADDRESS: mcast6_addr_add: p0: joining multicast group ff05::2
INFO: ADDRESS: mcast6_addr_add: p0: joining multicast group ff02::5
INFO: ADDRESS: mcast6_addr_add: p0: joining multicast group ff02::6
INFO: ADDRESS: mcast6_addr_add: p0: joining multicast group ff02::8
INFO: ADDRESS: mcast6_addr_add: p0: joining multicast group ff02::16
DEBUG: API: read_cb: pid=400533 id=2 req_type=0xacdc0001 (GR_IFACE_ADD) req_len=466 status=0 (Success) resp_len=2
Created interface 2
> iface mac change: p0 type=port id=2 mtu=0
> iface add: p0 type=port id=2 mtu=0
> route6 add: vrf=main fe80::f82a:ffff:fe46:d72c/64 origin=link via type=L3 iface=p0 vrf=main origin=INTERNAL family=ipv6 addr=fe80::f82a:ffff:fe46:d72c/64 state=reachable mac=fa:2a:ff:46:d7:2c f
> addr6 add: iface=p0 fe80::f82a:ffff:fe46:d72c/64
> iface post add: p0 type=port id=2 mtu=0
DEBUG: API: disconnect_client: client pid=400533 disconnected
ZEBRA: GROUT: zebra_read_notifications: GR_EVENT_IP6_ROUTE_ADD
ZEBRA: GROUT: grout_route6_change: add fe80::f82a:ffff:fe46:d72c/64 origin link nh_id 0 route_vrf 1 nh_vrf 1
ZEBRA: GROUT: grout_route_change: link route, skip
ZEBRA: GROUT: dplane_read_notifications: GR_EVENT_IFACE_MAC_CHANGE
ZEBRA: GROUT: grout_link_change: add iface p0
ZEBRA: GROUT: dplane_read_notifications: GR_EVENT_IFACE_ADD
ZEBRA: GROUT: grout_link_change: add iface p0
ZEBRA: GROUT: dplane_read_notifications: GR_EVENT_IP6_ADDR_ADD
ZEBRA: GROUT: grout_interface_addr6_change: add fe80::f82a:ffff:fe46:d72c/64 iface 2
+ grcli address add 172.16.0.1/24 iface p0
NOTICE: TRACE: [rx p0] fa:2a:ff:46:d7:2c > 33:33:00:00:00:16 / IPv6 :: > ff02::16 ttl=1 proto=HOPOPT(0) / ICMPv6 type=143 code=0, (pkt_len=90)
NOTICE: TRACE: [drop icmp6_input_unsupported] 1 packets
DEBUG: API: accept_conn_cb: new connection fd=26 pid=400534
DEBUG: API: read_cb: pid=400534 id=1 req_type=0xcafe1981 (GR_HELLO) req_len=132 status=0 (Success) resp_len=2
DEBUG: API: api_send: pid=400534 for_id=2 len=316
DEBUG: API: api_send: pid=400534 for_id=2 len=466
DEBUG: API: read_cb: pid=400534 id=2 req_type=0xacdc0004 (GR_IFACE_LIST) req_len=1 status=0 (Success) resp_len=0
DEBUG: API: read_cb: pid=400534 id=3 req_type=0xacdc0003 (GR_IFACE_GET) req_len=18 status=0 (Success) resp_len=466
DEBUG: API: read_cb: pid=400534 id=4 req_type=0xf00d0005 (GR_IP4_ADDR_ADD) req_len=16 status=0 (Success) resp_len=0
DEBUG: API: disconnect_client: client pid=400534 disconnected
> route4 add: vrf=main 172.16.0.1/24 origin=link via type=L3 iface=p0 vrf=main origin=INTERNAL family=ipv4 addr=172.16.0.1/24 state=reachable mac=fa:2a:ff:46:d7:2c flags=local link
> addr4 add: iface=p0 172.16.0.1/24
ZEBRA: GROUT: zebra_read_notifications: GR_EVENT_IP_ROUTE_ADD
ZEBRA: GROUT: grout_route4_change: add 172.16.0.1/24 origin link nh_id 0 route_vrf 1 nh_vrf 1
ZEBRA: GROUT: grout_route_change: link route, skip
ZEBRA: GROUT: dplane_read_notifications: GR_EVENT_IP_ADDR_ADD
ZEBRA: GROUT: grout_interface_addr4_change: add 172.16.0.1/24 iface 2
+ sleep 3
NOTICE: TRACE: [rx p0] fa:2a:ff:46:d7:2c > 33:33:ff:46:d7:2c / IPv6 :: > ff02::1:ff46:d72c ttl=255 proto=ICMPv6(58) / ICMPv6 neigh solicit who has fe80::f82a:ffff:fe46:d72c? / Option type=14 len=8(1), (pkt_len=86)
DEBUG: MEMPOOL: pending_free_cb: deferred free mempool mbuf_0:0 after 681 ms
INFO: PORT: link_event_cb: p0: link status up
DEBUG: IFACE: iface_event: iface event [0xacdc1006] STATUS_UP triggered for iface p0.
NOTICE: TRACE: [tx p0] fa:2a:ff:46:d7:2c > ff:ff:ff:ff:ff:ff / ARP announce 172.16.0.1 is at fa:2a:ff:46:d7:2c, (pkt_len=42)
> iface up: p0 type=port id=2 mtu=1500
NOTICE: TRACE: [tx p0] fa:2a:ff:46:d7:2c > 33:33:00:00:00:01 / IPv6 fe80::f82a:ffff:fe46:d72c > ff02::1 ttl=255 proto=ICMPv6(58) / ICMPv6 neigh advert fe80::f82a:ffff:fe46:d72c is at (solicited=0) / Option target_lladdr=fa:2a:ff:46:d7:2c, (pkt_len=86)
ZEBRA: GROUT: dplane_read_notifications: GR_EVENT_IFACE_STATUS_UP
ZEBRA: GROUT: grout_link_change: add iface p0
ZEBRA: GROUT: grout_add_del_route: add fe80::/64 origin link nh_id 93 vrf 1
ZEBRA: GROUT: grout_add_del_route: non-frr origin, skip
ZEBRA: GROUT: grout_add_del_route: add fe80::/64 origin link nh_id 93 vrf 1
ZEBRA: GROUT: grout_add_del_route: non-frr origin, skip
ZEBRA: GROUT: grout_add_del_route: add 172.16.0.0/24 origin link nh_id 94 vrf 1
ZEBRA: GROUT: grout_add_del_route: non-frr origin, skip
ZEBRA: GROUT: grout_add_del_route: add 172.16.0.0/24 origin link nh_id 94 vrf 1
ZEBRA: GROUT: grout_add_del_route: non-frr origin, skip
ZEBRA: GROUT: grout_add_del_route: add 172.16.0.1/32 origin link nh_id 94 vrf 1
ZEBRA: GROUT: grout_add_del_route: non-frr origin, skip
ZEBRA: GROUT: grout_add_del_route: add 172.16.0.1/32 origin link nh_id 94 vrf 1
ZEBRA: GROUT: grout_add_del_route: non-frr origin, skip
NOTICE: TRACE: [rx p0] fe:78:40:7f:f0:3f > fa:2a:ff:46:d7:2c / IP 172.16.0.2 > 172.16.0.1 ttl=255 proto=TCP(6) / TCP 40254 > 179 flags=S, (pkt_len=74)
NOTICE: TRACE: [cp tx p0] fa:2a:ff:46:d7:2c > fa:2a:ff:46:d7:2c / IP 172.16.0.2 > 172.16.0.1 ttl=255 proto=TCP(6) / TCP 40254 > 179 flags=S, (pkt_len=74)
NOTICE: TRACE: [tx p0] fa:2a:ff:46:d7:2c > ff:ff:ff:ff:ff:ff / ARP request who has 172.16.0.2? tell 172.16.0.1, (pkt_len=42)
> nh new: type=L3 iface=p0 vrf=main origin=learn family=ipv4 addr=172.16.0.2 state=new flags=neigh
NOTICE: TRACE: [rx p0] fe:78:40:7f:f0:3f > fa:2a:ff:46:d7:2c / ARP reply 172.16.0.2 is at fe:78:40:7f:f0:3f, (pkt_len=42)
NOTICE: TRACE: [tx p0] fa:2a:ff:46:d7:2c > fe:78:40:7f:f0:3f / IP 172.16.0.1 > 172.16.0.2 ttl=255 proto=TCP(6) / TCP 179 > 40254 flags=SA, (pkt_len=74)
> nh update: type=L3 iface=p0 vrf=main origin=learn family=ipv4 addr=172.16.0.2 state=reachable mac=fe:78:40:7f:f0:3f flags=neigh
ZEBRA: GROUT: zebra_read_notifications: GR_EVENT_NEXTHOP_NEW
ZEBRA: GROUT: grout_nexthop_change: add nh_id 0 origin learn
ZEBRA: GROUT: grout_nexthop_change: dynamic neighbor learn, skip
ZEBRA: GROUT: zebra_read_notifications: GR_EVENT_NEXTHOP_UPDATE
NOTICE: TRACE: [rx p0] fe:78:40:7f:f0:3f > fa:2a:ff:46:d7:2c / IP 172.16.0.2 > 172.16.0.1 ttl=255 proto=TCP(6) / TCP 40254 > 179 flags=A, (pkt_len=66)
ZEBRA: GROUT: grout_nexthop_change: add nh_id 0 origin learn
ZEBRA: GROUT: grout_neigh_notify: add neigh iface=2 172.16.0.2 fe:78:40:7f:f0:3f
ZEBRA: GROUT: grout_nexthop_change: dynamic neighbor learn, skip
NOTICE: TRACE: [cp tx p0] fa:2a:ff:46:d7:2c > fa:2a:ff:46:d7:2c / IP 172.16.0.2 > 172.16.0.1 ttl=255 proto=TCP(6) / TCP 40254 > 179 flags=A, (pkt_len=66)
NOTICE: TRACE: [rx p0] fe:78:40:7f:f0:3f > fa:2a:ff:46:d7:2c / IP 172.16.0.2 > 172.16.0.1 ttl=255 proto=TCP(6) / TCP 40254 > 179 flags=PA, (pkt_len=197)
NOTICE: TRACE: [cp tx p0] fa:2a:ff:46:d7:2c > fa:2a:ff:46:d7:2c / IP 172.16.0.2 > 172.16.0.1 ttl=255 proto=TCP(6) / TCP 40254 > 179 flags=PA, (pkt_len=197)
NOTICE: TRACE: [tx p0] fa:2a:ff:46:d7:2c > fe:78:40:7f:f0:3f / IP 172.16.0.1 > 172.16.0.2 ttl=255 proto=TCP(6) / TCP 179 > 40254 flags=A, (pkt_len=66)
NOTICE: TRACE: [tx p0] fa:2a:ff:46:d7:2c > fe:78:40:7f:f0:3f / IP 172.16.0.1 > 172.16.0.2 ttl=255 proto=TCP(6) / TCP 179 > 40254 flags=RA, (pkt_len=66)
[bgp-peer] BGP: [H4B4J-DCW2R][EC 33554455] 172.16.0.1 [Error] bgp_read_packet error: Connection reset by peer
NOTICE: TRACE: [tx p0] fa:2a:ff:46:d7:2c > fe:78:40:7f:f0:3f / IP 172.16.0.1 > 172.16.0.2 ttl=255 proto=TCP(6) / TCP 48746 > 179 flags=S, (pkt_len=74)
NOTICE: TRACE: [rx p0] fe:78:40:7f:f0:3f > fa:2a:ff:46:d7:2c / IP 172.16.0.2 > 172.16.0.1 ttl=255 proto=TCP(6) / TCP 179 > 48746 flags=SA, (pkt_len=74)
NOTICE: TRACE: [cp tx p0] fa:2a:ff:46:d7:2c > fa:2a:ff:46:d7:2c / IP 172.16.0.2 > 172.16.0.1 ttl=255 proto=TCP(6) / TCP 179 > 48746 flags=SA, (pkt_len=74)
NOTICE: TRACE: [tx p0] fa:2a:ff:46:d7:2c > fe:78:40:7f:f0:3f / IP 172.16.0.1 > 172.16.0.2 ttl=255 proto=TCP(6) / TCP 48746 > 179 flags=A, (pkt_len=66)
NOTICE: TRACE: [tx p0] fa:2a:ff:46:d7:2c > fe:78:40:7f:f0:3f / IP 172.16.0.1 > 172.16.0.2 ttl=255 proto=TCP(6) / TCP 48746 > 179 flags=PA, (pkt_len=197)
NOTICE: TRACE: [rx p0] fe:78:40:7f:f0:3f > fa:2a:ff:46:d7:2c / IP 172.16.0.2 > 172.16.0.1 ttl=255 proto=TCP(6) / TCP 179 > 48746 flags=PA, (pkt_len=197)
NOTICE: TRACE: [rx p0] fe:78:40:7f:f0:3f > fa:2a:ff:46:d7:2c / IP 172.16.0.2 > 172.16.0.1 ttl=255 proto=TCP(6) / TCP 179 > 48746 flags=A, (pkt_len=66)
NOTICE: TRACE: [cp tx p0] fa:2a:ff:46:d7:2c > fa:2a:ff:46:d7:2c / IP 172.16.0.2 > 172.16.0.1 ttl=255 proto=TCP(6) / TCP 179 > 48746 flags=PA, (pkt_len=197)
NOTICE: TRACE: [cp tx p0] fa:2a:ff:46:d7:2c > fa:2a:ff:46:d7:2c / IP 172.16.0.2 > 172.16.0.1 ttl=255 proto=TCP(6) / TCP 179 > 48746 flags=A, (pkt_len=66)
NOTICE: TRACE: [tx p0] fa:2a:ff:46:d7:2c > fe:78:40:7f:f0:3f / IP 172.16.0.1 > 172.16.0.2 ttl=255 proto=TCP(6) / TCP 48746 > 179 flags=A, (pkt_len=66)
NOTICE: TRACE: [tx p0] fa:2a:ff:46:d7:2c > fe:78:40:7f:f0:3f / IP 172.16.0.1 > 172.16.0.2 ttl=255 proto=TCP(6) / TCP 48746 > 179 flags=PA, (pkt_len=85)
NOTICE: TRACE: [rx p0] fe:78:40:7f:f0:3f > fa:2a:ff:46:d7:2c / IP 172.16.0.2 > 172.16.0.1 ttl=255 proto=TCP(6) / TCP 179 > 48746 flags=PA, (pkt_len=85)
NOTICE: TRACE: [cp tx p0] fa:2a:ff:46:d7:2c > fa:2a:ff:46:d7:2c / IP 172.16.0.2 > 172.16.0.1 ttl=255 proto=TCP(6) / TCP 179 > 48746 flags=PA, (pkt_len=85)
NOTICE: TRACE: [rx p0] fa:2a:ff:46:d7:2c > 33:33:00:00:00:16 / IPv6 :: > ff02::16 ttl=1 proto=HOPOPT(0) / ICMPv6 type=143 code=0, (pkt_len=90)
NOTICE: TRACE: [drop icmp6_input_unsupported] 1 packets
NOTICE: TRACE: [rx p0] fe:78:40:7f:f0:3f > fa:2a:ff:46:d7:2c / IP 172.16.0.2 > 172.16.0.1 ttl=255 proto=TCP(6) / TCP 179 > 48746 flags=A, (pkt_len=66)
NOTICE: TRACE: [tx p0] fa:2a:ff:46:d7:2c > fe:78:40:7f:f0:3f / IP 172.16.0.1 > 172.16.0.2 ttl=255 proto=TCP(6) / TCP 48746 > 179 flags=A, (pkt_len=66)
NOTICE: TRACE: [cp tx p0] fa:2a:ff:46:d7:2c > fa:2a:ff:46:d7:2c / IP 172.16.0.2 > 172.16.0.1 ttl=255 proto=TCP(6) / TCP 179 > 48746 flags=A, (pkt_len=66)
NOTICE: TRACE: [tx p0] fa:2a:ff:46:d7:2c > fe:78:40:7f:f0:3f / IP 172.16.0.1 > 172.16.0.2 ttl=255 proto=TCP(6) / TCP 48746 > 179 flags=PA, (pkt_len=145)
NOTICE: TRACE: [rx p0] fe:78:40:7f:f0:3f > fa:2a:ff:46:d7:2c / IP 172.16.0.2 > 172.16.0.1 ttl=255 proto=TCP(6) / TCP 179 > 48746 flags=A, (pkt_len=66)
NOTICE: TRACE: [cp tx p0] fa:2a:ff:46:d7:2c > fa:2a:ff:46:d7:2c / IP 172.16.0.2 > 172.16.0.1 ttl=255 proto=TCP(6) / TCP 179 > 48746 flags=A, (pkt_len=66)
[bgp-peer] BGP: [M59KS-A3ZXZ] bgp_update_receive_eor: rcvd End-of-RIB for IPv4 Unicast from 172.16.0.1 in vrf default
NOTICE: TRACE: [rx p0] fe:78:40:7f:f0:3f > fa:2a:ff:46:d7:2c / IP 172.16.0.2 > 172.16.0.1 ttl=255 proto=TCP(6) / TCP 179 > 48746 flags=PA, (pkt_len=149)
NOTICE: TRACE: [cp tx p0] fa:2a:ff:46:d7:2c > fa:2a:ff:46:d7:2c / IP 172.16.0.2 > 172.16.0.1 ttl=255 proto=TCP(6) / TCP 179 > 48746 flags=PA, (pkt_len=149)
NOTICE: TRACE: [tx p0] fa:2a:ff:46:d7:2c > fe:78:40:7f:f0:3f / IP 172.16.0.1 > 172.16.0.2 ttl=255 proto=TCP(6) / TCP 48746 > 179 flags=A, (pkt_len=66)
BGP: [M59KS-A3ZXZ] bgp_update_receive_eor: rcvd End-of-RIB for IPv4 Unicast from 172.16.0.2 in vrf default
DEBUG: API: read_cb: pid=397682 id=78 req_type=0xacdc2003 (GR_NH_ADD) req_len=44 status=0 (Success) resp_len=0
DEBUG: API: read_cb: pid=397682 id=79 req_type=0xf00d0001 (GR_IP4_ROUTE_ADD) req_len=24 status=0 (Success) resp_len=0
ZEBRA: GROUT: grout_add_del_nexthop: add nh_id 96 origin zebra
ZEBRA: GROUT: grout_add_nexthop: nh_id 96 type L3
> nh update: type=L3 id=96 iface=p0 vrf=main origin=zebra family=ipv4 addr=172.16.0.2 state=reachable mac=fe:78:40:7f:f0:3f
> route4 add: vrf=main 16.0.0.0/24 origin=bgp via type=L3 id=96 iface=p0 vrf=main origin=zebra family=ipv4 addr=172.16.0.2 state=reachable mac=fe:78:40:7f:f0:3f
ZEBRA: GROUT: grout_client_send_recv: GR_NH_ADD: success
ZEBRA: GROUT: grout_add_del_route: add 16.0.0.0/24 origin bgp nh_id 96 vrf 1
ZEBRA: GROUT: grout_client_send_recv: GR_IP4_ROUTE_ADD: success
+ wait_bgp_established 30
+ local timeout=30
+ local elapsed=0
+ '[' 0 -lt 30 ']'
+ vtysh -c 'show bgp summary json'
+ jq -e '.ipv4Unicast.peers."172.16.0.2".state == "Established"'
+ return 0
+ teardown_bgp
+ python3 /home/apanatto/dev/github.com/DPDK/grout/subprojects/frr-frr-10.6.1/tools/frr-reload.py --confdir build//frr_install/etc/frr --bindir build//frr_install/bin --rundir build//frr_install/var/run/frr --reload --debug --stdout /tmp/tmp.kCeOhDfbvG/base.conf
2026-08-24 17:34:55,050  INFO: Called via "Namespace(input=None, reload=True, test=False, debug=True, log_level='info', stdout=True, pathspace=None, filename='/tmp/tmp.kCeOhDfbvG/base.conf', overwrite=False, bindir='build//frr_install/bin', confdir='build//frr_install/etc/frr', rundir='build//frr_install/var/run/frr', vty_socket=None, daemon='', test_reset=False, logfmt=False, logfile='/var/log/frr/frr-reload.log')"
2026-08-24 17:34:55,050  INFO: Loading Config object from file /tmp/tmp.kCeOhDfbvG/base.conf
2026-08-24 17:34:55,055 DEBUG: LINE hostname grout                                    : single-line context
2026-08-24 17:34:55,055 DEBUG: LINE debug zebra dplane dpdk                           : single-line context
2026-08-24 17:34:55,062 DEBUG: New Frr Config
hostname grout
debug zebra dplane dpdk

end

2026-08-24 17:34:55,062  INFO: Loading Config object from vtysh show running
2026-08-24 17:34:55,070 DEBUG: LINE frr version 10.6.1                                : single-line context
2026-08-24 17:34:55,070 DEBUG: LINE frr defaults traditional                          : single-line context
2026-08-24 17:34:55,070 DEBUG: LINE hostname apanatto-thinkpadt14gen5.rmtit.csb       : single-line context
2026-08-24 17:34:55,070 DEBUG: LINE debug zebra dplane dpdk                           : single-line context
2026-08-24 17:34:55,070 DEBUG: LINE vrf main                                          : enter context vrf main                                          
2026-08-24 17:34:55,070 DEBUG: LINE exit-vrf                                          : exit context vrf main                                          
2026-08-24 17:34:55,070 DEBUG: LINE router bgp 64512                                  : enter context router bgp 64512                                  
2026-08-24 17:34:55,070 DEBUG: LINE bgp router-id 172.16.0.1                          : add to current context router bgp 64512                                  
2026-08-24 17:34:55,070 DEBUG: LINE neighbor 172.16.0.2 remote-as 64512               : add to current context router bgp 64512                                  
2026-08-24 17:34:55,071 DEBUG: LINE address-family ipv4 unicast                       : enter context router bgp 64512 address-family ipv4 unicast      
2026-08-24 17:34:55,071 DEBUG: LINE network 172.16.0.0/24                             : add to current context router bgp 64512 address-family ipv4 unicast      
2026-08-24 17:34:55,071 DEBUG: LINE exit-address-family                               : exit context router bgp 64512 address-family ipv4 unicast      
2026-08-24 17:34:55,071 DEBUG: LINE exit                                              : exit context router bgp 64512                                  
2026-08-24 17:34:55,071 DEBUG: Running Frr Config (Pass #0)
frr version 10.6.1
frr defaults traditional
hostname apanatto-thinkpadt14gen5.rmtit.csb
!
debug zebra dplane dpdk
!
vrf main
exit-vrf
end
!
router bgp 64512
bgp router-id 172.16.0.1
neighbor 172.16.0.2 remote-as 64512
!
address-family ipv4 unicast
network 172.16.0.0/24
exit-address-family
exit
!
end
2026-08-24 17:34:55,071  INFO: "frr version 10.6.1" cannot be removed
2026-08-24 17:34:55,071  INFO: "frr defaults traditional" cannot be removed
2026-08-24 17:34:55,078  INFO: Executed "no hostname apanatto-thinkpadt14gen5.rmtit.csb"
ZEBRA: [WMBNH-V6XN6] Unable to find specified Interface for default
ZEBRA: [WMBNH-V6XN6] Unable to find specified Interface for default
NOTICE: TRACE: [tx p0] fa:2a:ff:46:d7:2c > fe:78:40:7f:f0:3f / IP 172.16.0.1 > 172.16.0.2 ttl=255 proto=TCP(6) / TCP 48746 > 179 flags=FA, (pkt_len=66)
2026-08-24 17:34:55,084  INFO: Executed "no router bgp 64512"
NOTICE: TRACE: [rx p0] fe:78:40:7f:f0:3f > fa:2a:ff:46:d7:2c / IP 172.16.0.2 > 172.16.0.1 ttl=255 proto=TCP(6) / TCP 179 > 48746 flags=FA, (pkt_len=66)
2026-08-24 17:34:55,085  INFO: build//frr_install/var/run/frr/reload-QX3GTT.txt content
['hostname grout\n']
NOTICE: TRACE: [cp tx p0] fa:2a:ff:46:d7:2c > fa:2a:ff:46:d7:2c / IP 172.16.0.2 > 172.16.0.1 ttl=255 proto=TCP(6) / TCP 179 > 48746 flags=FA, (pkt_len=66)
NOTICE: TRACE: [tx p0] fa:2a:ff:46:d7:2c > fe:78:40:7f:f0:3f / IP 172.16.0.1 > 172.16.0.2 ttl=255 proto=TCP(6) / TCP 48746 > 179 flags=A, (pkt_len=66)
[400556|mgmtd] sending configuration
[400557|zebra] sending configuration
[400560|ospfd] sending configuration
[400561|ospf6d] sending configuration
MGMTD: [VTVCM-Y2NW3] Configuration Read in Took: 00:00:00
MGMTD: [G6NKK-8C6DV] end_config: VTY:0x35dd78c0, pending SET-CFG: 0
[400556|mgmtd] done
[400563|bgpd] sending configuration
ZEBRA: [VTVCM-Y2NW3] Configuration Read in Took: 00:00:00
[400560|ospfd] done
[400564|isisd] sending configuration
ZEBRA: [G6NKK-8C6DV] end_config: VTY:0x1ead2840, pending SET-CFG: 0
[400557|zebra] done
OSPF: [VTVCM-Y2NW3] Configuration Read in Took: 00:00:00
OSPF: [G6NKK-8C6DV] end_config: VTY:0x26031e00, pending SET-CFG: 0
OSPF6: [VTVCM-Y2NW3] Configuration Read in Took: 00:00:00
OSPF6: [G6NKK-8C6DV] end_config: VTY:0x2ab395a0, pending SET-CFG: 0
[400561|ospf6d] done
BGP: [VTVCM-Y2NW3] Configuration Read in Took: 00:00:00
BGP: [G6NKK-8C6DV] end_config: VTY:0x1f155b60, pending SET-CFG: 0
ISIS: [VTVCM-Y2NW3] Configuration Read in Took: 00:00:00
[400563|bgpd] done
ISIS: [G6NKK-8C6DV] end_config: VTY:0xff70de0, pending SET-CFG: 0
[400564|isisd] done
[400572|staticd] sending configuration
[400573|bfdd] sending configuration
Waiting for children to finish applying config...
STATIC: [VTVCM-Y2NW3] Configuration Read in Took: 00:00:00
[400572|staticd] done
STATIC: [G6NKK-8C6DV] end_config: VTY:0xa0f9aa0, pending SET-CFG: 0
[400577|watchfrr] sending configuration
DEBUG: ROUTE: rib4_delete: VRF 1: 16.0.0.0/24
DEBUG: API: read_cb: pid=397682 id=80 req_type=0xf00d0002 (GR_IP4_ROUTE_DEL) req_len=16 status=0 (Success) resp_len=0
> route4 del: vrf=main 16.0.0.0/24 origin=bgp via type=L3 id=96 iface=p0 vrf=main origin=zebra family=ipv4 addr=172.16.0.2 state=reachable mac=fe:78:40:7f:f0:3f
BFD: [VTVCM-Y2NW3] Configuration Read in Took: 00:00:00
BFD: [G6NKK-8C6DV] end_config: VTY:0x37c70ec0, pending SET-CFG: 0
[400573|bfdd] done
ZEBRA: GROUT: grout_add_del_route: del 16.0.0.0/24 origin bgp nh_id 96 vrf 1
ZEBRA: GROUT: grout_client_send_recv: GR_IP4_ROUTE_DEL: success
[400577|watchfrr] done
2026-08-24 17:34:55,095  INFO: Loading Config object from vtysh show running
2026-08-24 17:34:55,103 DEBUG: LINE frr version 10.6.1                                : single-line context
2026-08-24 17:34:55,103 DEBUG: LINE frr defaults traditional                          : single-line context
2026-08-24 17:34:55,103 DEBUG: LINE hostname apanatto-thinkpadt14gen5.rmtit.csb       : single-line context
2026-08-24 17:34:55,103 DEBUG: LINE debug zebra dplane dpdk                           : single-line context
2026-08-24 17:34:55,103 DEBUG: LINE vrf main                                          : enter context vrf main                                          
2026-08-24 17:34:55,104 DEBUG: LINE exit-vrf                                          : exit context vrf main                                          
2026-08-24 17:34:55,104 DEBUG: Running Frr Config (Pass #1)
frr version 10.6.1
frr defaults traditional
hostname apanatto-thinkpadt14gen5.rmtit.csb
!
debug zebra dplane dpdk
!
vrf main
exit-vrf
end
!
end
2026-08-24 17:34:55,104  INFO: "frr version 10.6.1" cannot be removed
2026-08-24 17:34:55,104  INFO: "frr defaults traditional" cannot be removed
2026-08-24 17:34:55,104  INFO: build//frr_install/var/run/frr/reload-3ZESPK.txt content
['hostname grout\n', 'hostname grout\n']
[400581|mgmtd] sending configuration
[400582|zebra] sending configuration
[400585|ospfd] sending configuration
[400586|ospf6d] sending configuration
[400588|bgpd] sending configuration
MGMTD: [VTVCM-Y2NW3] Configuration Read in Took: 00:00:00
MGMTD: [G6NKK-8C6DV] end_config: VTY:0x35dd78c0, pending SET-CFG: 0
ZEBRA: [VTVCM-Y2NW3] Configuration Read in Took: 00:00:00
ZEBRA: [G6NKK-8C6DV] end_config: VTY:0x1ead2840, pending SET-CFG: 0
[400581|mgmtd] done
[400582|zebra] done
OSPF: [VTVCM-Y2NW3] Configuration Read in Took: 00:00:00
OSPF: [G6NKK-8C6DV] end_config: VTY:0x26031e00, pending SET-CFG: 0
[400585|ospfd] done
OSPF6: [VTVCM-Y2NW3] Configuration Read in Took: 00:00:00
OSPF6: [G6NKK-8C6DV] end_config: VTY:0x2ab46610, pending SET-CFG: 0
BGP: [VTVCM-Y2NW3] Configuration Read in Took: 00:00:00
[400588|bgpd] done
BGP: [G6NKK-8C6DV] end_config: VTY:0x1f155b60, pending SET-CFG: 0
[400586|ospf6d] done
[400589|isisd] sending configuration
[400597|staticd] sending configuration
[400598|bfdd] sending configuration
Waiting for children to finish applying config...
[400602|watchfrr] sending configuration
STATIC: [VTVCM-Y2NW3] Configuration Read in Took: 00:00:00
STATIC: [G6NKK-8C6DV] end_config: VTY:0xa0f9aa0, pending SET-CFG: 0
[400597|staticd] done
BFD: [VTVCM-Y2NW3] Configuration Read in Took: 00:00:00
BFD: [G6NKK-8C6DV] end_config: VTY:0x37c70ec0, pending SET-CFG: 0
[400598|bfdd] done
ISIS: [VTVCM-Y2NW3] Configuration Read in Took: 00:00:00
ISIS: [G6NKK-8C6DV] end_config: VTY:0xff70de0, pending SET-CFG: 0
[400602|watchfrr] done
[400589|isisd] done
+ grcli interface del p0
DEBUG: API: accept_conn_cb: new connection fd=26 pid=400605
DEBUG: API: read_cb: pid=400605 id=1 req_type=0xcafe1981 (GR_HELLO) req_len=132 status=0 (Success) resp_len=2
DEBUG: API: api_send: pid=400605 for_id=2 len=316
DEBUG: API: api_send: pid=400605 for_id=2 len=466
DEBUG: API: read_cb: pid=400605 id=2 req_type=0xacdc0004 (GR_IFACE_LIST) req_len=1 status=0 (Success) resp_len=0
DEBUG: API: read_cb: pid=400605 id=3 req_type=0xacdc0003 (GR_IFACE_GET) req_len=18 status=0 (Success) resp_len=466
DEBUG: IFACE: iface_event: iface event [0xacdc1003] PRE_REMOVE triggered for iface p0.
DEBUG: ROUTE: rib4_delete: VRF 1: 172.16.0.2/32
INFO: WORKER: port_unplug: port 0 unplugged
DEBUG: ROUTE: rib4_delete: VRF 1: 172.16.0.0/24
DEBUG: ROUTE: rib6_delete: VRF 1: fe80:2::/64
DEBUG: IFACE: iface_event: iface event [0xacdc1007] STATUS_DOWN triggered for iface p0.
DEBUG: MEMPOOL: gr_pktmbuf_pool_release: release mempool mbuf_-1:0 reserved 512 -> 256 (size 2047)
DEBUG: IFACE: iface_event: iface event [0xacdc1004] REMOVE triggered for iface p0.
DEBUG: MEMPOOL: gr_pktmbuf_pool_release: release mempool mbuf_0:1 reserved 511 -> 0 (size 2047)
DEBUG: MEMPOOL: gr_pktmbuf_pool_release: schedule mempool mbuf_0:1 for deferred free
INFO: PORT: iface_port_fini: port 0 destroyed
DEBUG: API: read_cb: pid=400605 id=4 req_type=0xacdc0002 (GR_IFACE_DEL) req_len=2 status=0 (Success) resp_len=0
DEBUG: API: disconnect_client: client pid=400605 disconnected
ZEBRA: GROUT: zebra_read_notifications: GR_EVENT_NEXTHOP_DELETE
ZEBRA: GROUT: grout_nexthop_change: del nh_id 0 origin zebra
ZEBRA: GROUT: grout_neigh_notify: del neigh iface=2 172.16.0.2 fe:78:40:7f:f0:3f
> nh del: type=L3 iface=p0 vrf=main origin=zebra family=ipv4 addr=172.16.0.2 state=reachable mac=fe:78:40:7f:f0:3f
> addr4 del: iface=p0 172.16.0.1/24
> route4 del: vrf=main 172.16.0.0/24 origin=link via type=L3 iface=p0 vrf=main origin=INTERNAL family=ipv4 addr=172.16.0.1/24 state=reachable mac=fa:2a:ff:46:d7:2c flags=local link
> addr6 del: iface=p0 fe80::f82a:ffff:fe46:d72c/64
> route6 del: vrf=main fe80:2::/64 origin=link via type=L3 iface=p0 vrf=main origin=INTERNAL family=ipv6 addr=fe80::f82a:ffff:fe46:d72c/64 state=reachable mac=fa:2a:ff:46:d7:2c f
> iface pre del: p0 type=port id=2 mtu=1500
> iface down: p0 type=port id=2 mtu=1500
> iface del: p0 type=port id=2 mtu=1500
ZEBRA: GROUT: grout_nexthop_change: nexthop without ID, skip
ZEBRA: GROUT: dplane_read_notifications: GR_EVENT_IP_ADDR_DEL
ZEBRA: GROUT: grout_interface_addr4_change: del 172.16.0.1/24 iface 2
ZEBRA: GROUT: dplane_read_notifications: GR_EVENT_IP6_ADDR_DEL
ZEBRA: GROUT: grout_interface_addr6_change: del fe80::f82a:ffff:fe46:d72c/64 iface 2
ZEBRA: GROUT: dplane_read_notifications: GR_EVENT_IFACE_STATUS_DOWN
ZEBRA: GROUT: grout_link_change: add iface p0
ZEBRA: GROUT: dplane_read_notifications: GR_EVENT_IFACE_REMOVE
ZEBRA: GROUT: grout_link_change: del iface p0
ZEBRA: GROUT: zebra_read_notifications: GR_EVENT_IP_ROUTE_DEL
ZEBRA: GROUT: grout_route4_change: del 172.16.0.0/24 origin link nh_id 0 route_vrf 1 nh_vrf 1
ZEBRA: GROUT: grout_route_change: link route, skip
ZEBRA: GROUT: zebra_read_notifications: GR_EVENT_IP6_ROUTE_DEL
ZEBRA: GROUT: grout_route6_change: del fe80:2::/64 origin link nh_id 0 route_vrf 1 nh_vrf 1
ZEBRA: GROUT: grout_route_change: link route, skip
+ echo 'Teardown complete'
Teardown complete
+ for i in $(seq 1 $iterations)
+ echo '=== Iteration 17/20 ==='
=== Iteration 17/20 ===
+ setup_bgp
+ python3 /home/apanatto/dev/github.com/DPDK/grout/subprojects/frr-frr-10.6.1/tools/frr-reload.py --confdir build//frr_install/etc/frr --bindir build//frr_install/bin --rundir build//frr_install/var/run/frr --reload --debug --stdout /tmp/tmp.kCeOhDfbvG/bgp.conf
ZEBRA: GROUT: grout_add_del_route: del 172.16.0.0/24 origin link nh_id 94 vrf 1
ZEBRA: GROUT: grout_add_del_route: non-frr origin, skip
ZEBRA: GROUT: grout_add_del_route: del 172.16.0.0/24 origin link nh_id 94 vrf 1
ZEBRA: GROUT: grout_add_del_route: non-frr origin, skip
ZEBRA: GROUT: grout_add_del_route: del 172.16.0.1/32 origin link nh_id 94 vrf 1
ZEBRA: GROUT: grout_add_del_route: non-frr origin, skip
ZEBRA: GROUT: grout_add_del_route: del 172.16.0.1/32 origin link nh_id 94 vrf 1
ZEBRA: GROUT: grout_add_del_route: non-frr origin, skip
ZEBRA: GROUT: grout_add_del_route: del fe80::/64 origin link nh_id 93 vrf 1
ZEBRA: GROUT: grout_add_del_route: non-frr origin, skip
ZEBRA: GROUT: grout_add_del_route: del fe80::/64 origin link nh_id 93 vrf 1
ZEBRA: GROUT: grout_add_del_route: non-frr origin, skip
2026-08-24 17:34:55,228  INFO: Called via "Namespace(input=None, reload=True, test=False, debug=True, log_level='info', stdout=True, pathspace=None, filename='/tmp/tmp.kCeOhDfbvG/bgp.conf', overwrite=False, bindir='build//frr_install/bin', confdir='build//frr_install/etc/frr', rundir='build//frr_install/var/run/frr', vty_socket=None, daemon='', test_reset=False, logfmt=False, logfile='/var/log/frr/frr-reload.log')"
2026-08-24 17:34:55,228  INFO: Loading Config object from file /tmp/tmp.kCeOhDfbvG/bgp.conf
2026-08-24 17:34:55,233 DEBUG: LINE hostname grout                                    : single-line context
2026-08-24 17:34:55,234 DEBUG: LINE debug zebra dplane dpdk                           : single-line context
2026-08-24 17:34:55,234 DEBUG: LINE router bgp 64512                                  : enter context router bgp 64512                                  
2026-08-24 17:34:55,234 DEBUG: LINE bgp router-id 172.16.0.1                          : add to current context router bgp 64512                                  
2026-08-24 17:34:55,234 DEBUG: LINE neighbor 172.16.0.2 remote-as 64512               : add to current context router bgp 64512                                  
2026-08-24 17:34:55,234 DEBUG: LINE address-family ipv4 unicast                       : enter context router bgp 64512 address-family ipv4 unicast      
2026-08-24 17:34:55,234 DEBUG: LINE network 172.16.0.0/24                             : add to current context router bgp 64512 address-family ipv4 unicast      
2026-08-24 17:34:55,234 DEBUG: LINE exit-address-family                               : exit context router bgp 64512 address-family ipv4 unicast      
2026-08-24 17:34:55,234 DEBUG: LINE exit                                              : exit context router bgp 64512                                  
2026-08-24 17:34:55,241 DEBUG: New Frr Config
hostname grout
debug zebra dplane dpdk
router bgp 64512
bgp router-id 172.16.0.1
neighbor 172.16.0.2 remote-as 64512
address-family ipv4 unicast
network 172.16.0.0/24
exit-address-family
exit

end

2026-08-24 17:34:55,241  INFO: Loading Config object from vtysh show running
2026-08-24 17:34:55,277 DEBUG: LINE frr version 10.6.1                                : single-line context
2026-08-24 17:34:55,277 DEBUG: LINE frr defaults traditional                          : single-line context
2026-08-24 17:34:55,277 DEBUG: LINE hostname apanatto-thinkpadt14gen5.rmtit.csb       : single-line context
2026-08-24 17:34:55,277 DEBUG: LINE debug zebra dplane dpdk                           : single-line context
2026-08-24 17:34:55,277 DEBUG: LINE vrf main                                          : enter context vrf main                                          
2026-08-24 17:34:55,277 DEBUG: LINE exit-vrf                                          : exit context vrf main                                          
2026-08-24 17:34:55,277 DEBUG: Running Frr Config (Pass #0)
frr version 10.6.1
frr defaults traditional
hostname apanatto-thinkpadt14gen5.rmtit.csb
!
debug zebra dplane dpdk
!
vrf main
exit-vrf
end
!
end
2026-08-24 17:34:55,278  INFO: "frr version 10.6.1" cannot be removed
2026-08-24 17:34:55,278  INFO: "frr defaults traditional" cannot be removed
2026-08-24 17:34:55,307  INFO: Executed "no hostname apanatto-thinkpadt14gen5.rmtit.csb"
2026-08-24 17:34:55,307  INFO: build//frr_install/var/run/frr/reload-ARJNRX.txt content
['hostname grout\n',
 'router bgp 64512\nexit\n',
 'router bgp 64512\n bgp router-id 172.16.0.1\nexit\n',
 'router bgp 64512\n neighbor 172.16.0.2 remote-as 64512\nexit\n',
 'router bgp 64512\n address-family ipv4 unicast\n exit\nexit\n',
 'router bgp 64512\n'
 ' address-family ipv4 unicast\n'
 '  network 172.16.0.0/24 \n'
 ' exit\n'
 'exit\n']
[400613|mgmtd] sending configuration
[400614|zebra] sending configuration
[400617|ospfd] sending configuration
[400618|ospf6d] sending configuration
[400620|bgpd] sending configuration
[400621|isisd] sending configuration
MGMTD: [VTVCM-Y2NW3] Configuration Read in Took: 00:00:00
[400613|mgmtd] done
MGMTD: [G6NKK-8C6DV] end_config: VTY:0x35dd78c0, pending SET-CFG: 0
[400614|zebra] done
[400617|ospfd] done
[400618|ospf6d] done
ZEBRA: [VTVCM-Y2NW3] Configuration Read in Took: 00:00:00
ZEBRA: [G6NKK-8C6DV] end_config: VTY:0x1ead2840, pending SET-CFG: 0
OSPF: [VTVCM-Y2NW3] Configuration Read in Took: 00:00:00
OSPF: [G6NKK-8C6DV] end_config: VTY:0x26031e00, pending SET-CFG: 0
OSPF6: [VTVCM-Y2NW3] Configuration Read in Took: 00:00:00
OSPF6: [G6NKK-8C6DV] end_config: VTY:0x2ab464d0, pending SET-CFG: 0
ZEBRA: [WMBNH-V6XN6] Unable to find specified Interface for default
[400629|staticd] sending configuration
ZEBRA: [WMBNH-V6XN6] Unable to find specified Interface for default
[400630|bfdd] sending configuration
ISIS: [VTVCM-Y2NW3] Configuration Read in Took: 00:00:00
ISIS: [G6NKK-8C6DV] end_config: VTY:0xff70dc0, pending SET-CFG: 0
Waiting for children to finish applying config...
[400634|watchfrr] sending configuration
[400621|isisd] done
STATIC: [VTVCM-Y2NW3] Configuration Read in Took: 00:00:00
STATIC: [G6NKK-8C6DV] end_config: VTY:0xa0f9aa0, pending SET-CFG: 0
[400629|staticd] done
BFD: [VTVCM-Y2NW3] Configuration Read in Took: 00:00:00
[400630|bfdd] done
BFD: [G6NKK-8C6DV] end_config: VTY:0x37c70ea0, pending SET-CFG: 0
BGP: [VTVCM-Y2NW3] Configuration Read in Took: 00:00:00
BGP: [G6NKK-8C6DV] end_config: VTY:0x1f155b60, pending SET-CFG: 0
[400620|bgpd] done
[400634|watchfrr] done
2026-08-24 17:34:55,319  INFO: Loading Config object from vtysh show running
2026-08-24 17:34:55,326 DEBUG: LINE frr version 10.6.1                                : single-line context
2026-08-24 17:34:55,326 DEBUG: LINE frr defaults traditional                          : single-line context
2026-08-24 17:34:55,326 DEBUG: LINE hostname apanatto-thinkpadt14gen5.rmtit.csb       : single-line context
2026-08-24 17:34:55,326 DEBUG: LINE debug zebra dplane dpdk                           : single-line context
2026-08-24 17:34:55,326 DEBUG: LINE vrf main                                          : enter context vrf main                                          
2026-08-24 17:34:55,326 DEBUG: LINE exit-vrf                                          : exit context vrf main                                          
2026-08-24 17:34:55,326 DEBUG: LINE router bgp 64512                                  : enter context router bgp 64512                                  
2026-08-24 17:34:55,326 DEBUG: LINE bgp router-id 172.16.0.1                          : add to current context router bgp 64512                                  
2026-08-24 17:34:55,326 DEBUG: LINE neighbor 172.16.0.2 remote-as 64512               : add to current context router bgp 64512                                  
2026-08-24 17:34:55,326 DEBUG: LINE address-family ipv4 unicast                       : enter context router bgp 64512 address-family ipv4 unicast      
2026-08-24 17:34:55,326 DEBUG: LINE network 172.16.0.0/24                             : add to current context router bgp 64512 address-family ipv4 unicast      
2026-08-24 17:34:55,327 DEBUG: LINE exit-address-family                               : exit context router bgp 64512 address-family ipv4 unicast      
2026-08-24 17:34:55,327 DEBUG: LINE exit                                              : exit context router bgp 64512                                  
2026-08-24 17:34:55,327 DEBUG: Running Frr Config (Pass #1)
frr version 10.6.1
frr defaults traditional
hostname apanatto-thinkpadt14gen5.rmtit.csb
!
debug zebra dplane dpdk
!
vrf main
exit-vrf
end
!
router bgp 64512
bgp router-id 172.16.0.1
neighbor 172.16.0.2 remote-as 64512
!
address-family ipv4 unicast
network 172.16.0.0/24
exit-address-family
exit
!
end
2026-08-24 17:34:55,327  INFO: "frr version 10.6.1" cannot be removed
2026-08-24 17:34:55,327  INFO: "frr defaults traditional" cannot be removed
2026-08-24 17:34:55,327  INFO: build//frr_install/var/run/frr/reload-1FDZMH.txt content
['hostname grout\n',
 'hostname grout\n',
 'router bgp 64512\nexit\n',
 'router bgp 64512\n bgp router-id 172.16.0.1\nexit\n',
 'router bgp 64512\n neighbor 172.16.0.2 remote-as 64512\nexit\n',
 'router bgp 64512\n address-family ipv4 unicast\n exit\nexit\n',
 'router bgp 64512\n'
 ' address-family ipv4 unicast\n'
 '  network 172.16.0.0/24 \n'
 ' exit\n'
 'exit\n']
[400638|mgmtd] sending configuration
[400639|zebra] sending configuration
[400642|ospfd] sending configuration
[400643|ospf6d] sending configuration
[400645|bgpd] sending configuration
[400646|isisd] sending configuration
OSPF: [VTVCM-Y2NW3] Configuration Read in Took: 00:00:00
OSPF: [G6NKK-8C6DV] end_config: VTY:0x26031e00, pending SET-CFG: 0
ZEBRA: [VTVCM-Y2NW3] Configuration Read in Took: 00:00:00
[400639|zebra] done
ZEBRA: [G6NKK-8C6DV] end_config: VTY:0x1ead2840, pending SET-CFG: 0
MGMTD: [VTVCM-Y2NW3] Configuration Read in Took: 00:00:00
MGMTD: [G6NKK-8C6DV] end_config: VTY:0x35dd78c0, pending SET-CFG: 0
OSPF6: [VTVCM-Y2NW3] Configuration Read in Took: 00:00:00
OSPF6: [G6NKK-8C6DV] end_config: VTY:0x2ab464d0, pending SET-CFG: 0
[400643|ospf6d] done
[400642|ospfd] done
[400654|staticd] sending configuration
ISIS: [VTVCM-Y2NW3] Configuration Read in Took: 00:00:00
ISIS: [G6NKK-8C6DV] end_config: VTY:0xff70dc0, pending SET-CFG: 0
[400646|isisd] done
[400655|bfdd] sending configuration
Waiting for children to finish applying config...
[400638|mgmtd] done
[400659|watchfrr] sending configuration
BGP: [VTVCM-Y2NW3] Configuration Read in Took: 00:00:00
BGP: [G6NKK-8C6DV] end_config: VTY:0x1f155b60, pending SET-CFG: 0
[400645|bgpd] done
STATIC: [VTVCM-Y2NW3] Configuration Read in Took: 00:00:00
STATIC: [G6NKK-8C6DV] end_config: VTY:0xa0f9aa0, pending SET-CFG: 0
[400654|staticd] done
[400659|watchfrr] done
BFD: [VTVCM-Y2NW3] Configuration Read in Took: 00:00:00
[400655|bfdd] done
BFD: [G6NKK-8C6DV] end_config: VTY:0x37c70ea0, pending SET-CFG: 0
+ grcli interface add port p0 devargs net_tap0,remote=veth0
DEBUG: API: accept_conn_cb: new connection fd=26 pid=400662
DEBUG: API: read_cb: pid=400662 id=1 req_type=0xcafe1981 (GR_HELLO) req_len=132 status=0 (Success) resp_len=2
ERR: TAP: tap_nl_dump_ext_ack(): Cannot delete qdisc with handle of zero
DEBUG: MEMPOOL: gr_pktmbuf_pool_get: allocate mempool mbuf_0:0 reserved 511 (size 2047, mbuf_size 2048)
INFO: WORKER: port_plug: port 0 plugged
DEBUG: GRAPH: worker_graph_new: [CPU 6] <- port=0 rxq=0 burst_size=64
DEBUG: GRAPH: worker_graph_new: [CPU 6] -> port 0 txq 0
DEBUG: IFACE: iface_event: iface event [0xacdc1008] MAC_CHANGE triggered for iface p0.
DEBUG: MEMPOOL: gr_pktmbuf_pool_get: reuse mempool mbuf_-1:0 reserved 256 -> 512 (size 2047, mbuf_size 2048)
DEBUG: IFACE: iface_event: iface event [0xacdc1001] ADD triggered for iface p0.
DEBUG: IFACE: iface_event: iface event [0xacdc1002] POST_ADD triggered for iface p0.
INFO: ADDRESS: mcast6_addr_add: p0: joining multicast group ff02::1:ff46:d72c
INFO: ADDRESS: mcast6_addr_add: p0: joining multicast group ff01::1
INFO: ADDRESS: mcast6_addr_add: p0: joining multicast group ff02::1
INFO: ADDRESS: mcast6_addr_add: p0: joining multicast group ff01::2
INFO: ADDRESS: mcast6_addr_add: p0: joining multicast group ff02::2
INFO: ADDRESS: mcast6_addr_add: p0: joining multicast group ff05::2
INFO: ADDRESS: mcast6_addr_add: p0: joining multicast group ff02::5
INFO: ADDRESS: mcast6_addr_add: p0: joining multicast group ff02::6
INFO: ADDRESS: mcast6_addr_add: p0: joining multicast group ff02::8
INFO: ADDRESS: mcast6_addr_add: p0: joining multicast group ff02::16
DEBUG: API: read_cb: pid=400662 id=2 req_type=0xacdc0001 (GR_IFACE_ADD) req_len=466 status=0 (Success) resp_len=2
Created interface 2
DEBUG: API: disconnect_client: client pid=400662 disconnected
> iface mac change: p0 type=port id=2 mtu=0
> iface add: p0 type=port id=2 mtu=0
> route6 add: vrf=main fe80::f82a:ffff:fe46:d72c/64 origin=link via type=L3 iface=p0 vrf=main origin=INTERNAL family=ipv6 addr=fe80::f82a:ffff:fe46:d72c/64 state=reachable mac=fa:2a:ff:46:d7:2c f
> addr6 add: iface=p0 fe80::f82a:ffff:fe46:d72c/64
> iface post add: p0 type=port id=2 mtu=0
ZEBRA: GROUT: zebra_read_notifications: GR_EVENT_IP6_ROUTE_ADD
ZEBRA: GROUT: grout_route6_change: add fe80::f82a:ffff:fe46:d72c/64 origin link nh_id 0 route_vrf 1 nh_vrf 1
ZEBRA: GROUT: grout_route_change: link route, skip
ZEBRA: GROUT: dplane_read_notifications: GR_EVENT_IFACE_MAC_CHANGE
ZEBRA: GROUT: grout_link_change: add iface p0
ZEBRA: GROUT: dplane_read_notifications: GR_EVENT_IFACE_ADD
ZEBRA: GROUT: grout_link_change: add iface p0
ZEBRA: GROUT: dplane_read_notifications: GR_EVENT_IP6_ADDR_ADD
ZEBRA: GROUT: grout_interface_addr6_change: add fe80::f82a:ffff:fe46:d72c/64 iface 2
+ grcli address add 172.16.0.1/24 iface p0
NOTICE: TRACE: [rx p0] fa:2a:ff:46:d7:2c > 33:33:00:00:00:16 / IPv6 :: > ff02::16 ttl=1 proto=HOPOPT(0) / ICMPv6 type=143 code=0, (pkt_len=90)
NOTICE: TRACE: [drop icmp6_input_unsupported] 1 packets
DEBUG: API: accept_conn_cb: new connection fd=26 pid=400663
DEBUG: API: read_cb: pid=400663 id=1 req_type=0xcafe1981 (GR_HELLO) req_len=132 status=0 (Success) resp_len=2
DEBUG: API: api_send: pid=400663 for_id=2 len=316
DEBUG: API: api_send: pid=400663 for_id=2 len=466
DEBUG: API: read_cb: pid=400663 id=2 req_type=0xacdc0004 (GR_IFACE_LIST) req_len=1 status=0 (Success) resp_len=0
DEBUG: API: read_cb: pid=400663 id=3 req_type=0xacdc0003 (GR_IFACE_GET) req_len=18 status=0 (Success) resp_len=466
DEBUG: API: read_cb: pid=400663 id=4 req_type=0xf00d0005 (GR_IP4_ADDR_ADD) req_len=16 status=0 (Success) resp_len=0
DEBUG: API: disconnect_client: client pid=400663 disconnected
> route4 add: vrf=main 172.16.0.1/24 origin=link via type=L3 iface=p0 vrf=main origin=INTERNAL family=ipv4 addr=172.16.0.1/24 state=reachable mac=fa:2a:ff:46:d7:2c flags=local link
> addr4 add: iface=p0 172.16.0.1/24
ZEBRA: GROUT: zebra_read_notifications: GR_EVENT_IP_ROUTE_ADD
ZEBRA: GROUT: grout_route4_change: add 172.16.0.1/24 origin link nh_id 0 route_vrf 1 nh_vrf 1
ZEBRA: GROUT: grout_route_change: link route, skip
ZEBRA: GROUT: dplane_read_notifications: GR_EVENT_IP_ADDR_ADD
ZEBRA: GROUT: grout_interface_addr4_change: add 172.16.0.1/24 iface 2
+ sleep 3
DEBUG: MEMPOOL: pending_free_cb: deferred free mempool mbuf_0:1 after 273 ms
INFO: PORT: link_event_cb: p0: link status up
DEBUG: IFACE: iface_event: iface event [0xacdc1006] STATUS_UP triggered for iface p0.
> iface up: p0 type=port id=2 mtu=1500
ZEBRA: GROUT: dplane_read_notifications: GR_EVENT_IFACE_STATUS_UP
ZEBRA: GROUT: grout_link_change: add iface p0
NOTICE: TRACE: [drop icmp6_output_no_route] 1 packets
NOTICE: TRACE: [tx p0] fa:2a:ff:46:d7:2c > ff:ff:ff:ff:ff:ff / ARP announce 172.16.0.1 is at fa:2a:ff:46:d7:2c, (pkt_len=42)
ZEBRA: GROUT: grout_add_del_route: add fe80::/64 origin link nh_id 99 vrf 1
ZEBRA: GROUT: grout_add_del_route: non-frr origin, skip
ZEBRA: GROUT: grout_add_del_route: add fe80::/64 origin link nh_id 99 vrf 1
ZEBRA: GROUT: grout_add_del_route: non-frr origin, skip
ZEBRA: GROUT: grout_add_del_route: add 172.16.0.0/24 origin link nh_id 100 vrf 1
ZEBRA: GROUT: grout_add_del_route: non-frr origin, skip
ZEBRA: GROUT: grout_add_del_route: add 172.16.0.0/24 origin link nh_id 100 vrf 1
ZEBRA: GROUT: grout_add_del_route: non-frr origin, skip
ZEBRA: GROUT: grout_add_del_route: add 172.16.0.1/32 origin link nh_id 100 vrf 1
ZEBRA: GROUT: grout_add_del_route: non-frr origin, skip
ZEBRA: GROUT: grout_add_del_route: add 172.16.0.1/32 origin link nh_id 100 vrf 1
ZEBRA: GROUT: grout_add_del_route: non-frr origin, skip
NOTICE: TRACE: [rx p0] fa:2a:ff:46:d7:2c > 33:33:ff:46:d7:2c / IPv6 :: > ff02::1:ff46:d72c ttl=255 proto=ICMPv6(58) / ICMPv6 neigh solicit who has fe80::f82a:ffff:fe46:d72c? / Option type=14 len=8(1), (pkt_len=86)
NOTICE: TRACE: [drop ndp_ns_input_drop] 1 packets
NOTICE: TRACE: [rx p0] fa:2a:ff:46:d7:2c > 33:33:00:00:00:16 / IPv6 :: > ff02::16 ttl=1 proto=HOPOPT(0) / ICMPv6 type=143 code=0, (pkt_len=90)
NOTICE: TRACE: [drop icmp6_input_unsupported] 1 packets
NOTICE: TRACE: [rx p0] fe:78:40:7f:f0:3f > fa:2a:ff:46:d7:2c / IP 172.16.0.2 > 172.16.0.1 ttl=255 proto=TCP(6) / TCP 59418 > 179 flags=S, (pkt_len=74)
NOTICE: TRACE: [cp tx p0] fa:2a:ff:46:d7:2c > fa:2a:ff:46:d7:2c / IP 172.16.0.2 > 172.16.0.1 ttl=255 proto=TCP(6) / TCP 59418 > 179 flags=S, (pkt_len=74)
NOTICE: TRACE: [tx p0] fa:2a:ff:46:d7:2c > ff:ff:ff:ff:ff:ff / ARP request who has 172.16.0.2? tell 172.16.0.1, (pkt_len=42)
> nh new: type=L3 iface=p0 vrf=main origin=learn family=ipv4 addr=172.16.0.2 state=new flags=neigh
NOTICE: TRACE: [rx p0] fe:78:40:7f:f0:3f > fa:2a:ff:46:d7:2c / ARP reply 172.16.0.2 is at fe:78:40:7f:f0:3f, (pkt_len=42)
NOTICE: TRACE: [tx p0] fa:2a:ff:46:d7:2c > fe:78:40:7f:f0:3f / IP 172.16.0.1 > 172.16.0.2 ttl=255 proto=TCP(6) / TCP 179 > 59418 flags=SA, (pkt_len=74)
> nh update: type=L3 iface=p0 vrf=main origin=learn family=ipv4 addr=172.16.0.2 state=reachable mac=fe:78:40:7f:f0:3f flags=neigh
NOTICE: TRACE: [rx p0] fe:78:40:7f:f0:3f > fa:2a:ff:46:d7:2c / IP 172.16.0.2 > 172.16.0.1 ttl=255 proto=TCP(6) / TCP 59418 > 179 flags=A, (pkt_len=66)
ZEBRA: GROUT: zebra_read_notifications: GR_EVENT_NEXTHOP_NEW
NOTICE: TRACE: [cp tx p0] fa:2a:ff:46:d7:2c > fa:2a:ff:46:d7:2c / IP 172.16.0.2 > 172.16.0.1 ttl=255 proto=TCP(6) / TCP 59418 > 179 flags=A, (pkt_len=66)
ZEBRA: GROUT: grout_nexthop_change: add nh_id 0 origin learn
ZEBRA: GROUT: grout_nexthop_change: dynamic neighbor learn, skip
NOTICE: TRACE: [rx p0] fe:78:40:7f:f0:3f > fa:2a:ff:46:d7:2c / IP 172.16.0.2 > 172.16.0.1 ttl=255 proto=TCP(6) / TCP 59418 > 179 flags=PA, (pkt_len=197)
ZEBRA: GROUT: zebra_read_notifications: GR_EVENT_NEXTHOP_UPDATE
NOTICE: TRACE: [cp tx p0] fa:2a:ff:46:d7:2c > fa:2a:ff:46:d7:2c / IP 172.16.0.2 > 172.16.0.1 ttl=255 proto=TCP(6) / TCP 59418 > 179 flags=PA, (pkt_len=197)
NOTICE: TRACE: [tx p0] fa:2a:ff:46:d7:2c > fe:78:40:7f:f0:3f / IP 172.16.0.1 > 172.16.0.2 ttl=255 proto=TCP(6) / TCP 179 > 59418 flags=FA, (pkt_len=66)
ZEBRA: GROUT: grout_nexthop_change: add nh_id 0 origin learn
NOTICE: TRACE: [tx p0] fa:2a:ff:46:d7:2c > fe:78:40:7f:f0:3f / IP 172.16.0.1 > 172.16.0.2 ttl=64 proto=TCP(6) / TCP 179 > 59418 flags=R, (pkt_len=54)
ZEBRA: GROUT: grout_neigh_notify: add neigh iface=2 172.16.0.2 fe:78:40:7f:f0:3f
ZEBRA: GROUT: grout_nexthop_change: dynamic neighbor learn, skip
NOTICE: TRACE: [tx p0] fa:2a:ff:46:d7:2c > fe:78:40:7f:f0:3f / IP 172.16.0.1 > 172.16.0.2 ttl=255 proto=TCP(6) / TCP 42408 > 179 flags=S, (pkt_len=74)
NOTICE: TRACE: [rx p0] fe:78:40:7f:f0:3f > fa:2a:ff:46:d7:2c / IP 172.16.0.2 > 172.16.0.1 ttl=255 proto=TCP(6) / TCP 179 > 42408 flags=SA, (pkt_len=74)
NOTICE: TRACE: [cp tx p0] fa:2a:ff:46:d7:2c > fa:2a:ff:46:d7:2c / IP 172.16.0.2 > 172.16.0.1 ttl=255 proto=TCP(6) / TCP 179 > 42408 flags=SA, (pkt_len=74)
NOTICE: TRACE: [tx p0] fa:2a:ff:46:d7:2c > fe:78:40:7f:f0:3f / IP 172.16.0.1 > 172.16.0.2 ttl=255 proto=TCP(6) / TCP 42408 > 179 flags=A, (pkt_len=66)
NOTICE: TRACE: [tx p0] fa:2a:ff:46:d7:2c > fe:78:40:7f:f0:3f / IP 172.16.0.1 > 172.16.0.2 ttl=255 proto=TCP(6) / TCP 42408 > 179 flags=PA, (pkt_len=197)
NOTICE: TRACE: [rx p0] fe:78:40:7f:f0:3f > fa:2a:ff:46:d7:2c / IP 172.16.0.2 > 172.16.0.1 ttl=255 proto=TCP(6) / TCP 179 > 42408 flags=A, (pkt_len=66)
NOTICE: TRACE: [rx p0] fe:78:40:7f:f0:3f > fa:2a:ff:46:d7:2c / IP 172.16.0.2 > 172.16.0.1 ttl=255 proto=TCP(6) / TCP 179 > 42408 flags=PA, (pkt_len=197)
NOTICE: TRACE: [cp tx p0] fa:2a:ff:46:d7:2c > fa:2a:ff:46:d7:2c / IP 172.16.0.2 > 172.16.0.1 ttl=255 proto=TCP(6) / TCP 179 > 42408 flags=A, (pkt_len=66)
NOTICE: TRACE: [cp tx p0] fa:2a:ff:46:d7:2c > fa:2a:ff:46:d7:2c / IP 172.16.0.2 > 172.16.0.1 ttl=255 proto=TCP(6) / TCP 179 > 42408 flags=PA, (pkt_len=197)
NOTICE: TRACE: [tx p0] fa:2a:ff:46:d7:2c > fe:78:40:7f:f0:3f / IP 172.16.0.1 > 172.16.0.2 ttl=255 proto=TCP(6) / TCP 42408 > 179 flags=A, (pkt_len=66)
NOTICE: TRACE: [rx p0] fe:78:40:7f:f0:3f > fa:2a:ff:46:d7:2c / IP 172.16.0.2 > 172.16.0.1 ttl=255 proto=TCP(6) / TCP 179 > 42408 flags=PA, (pkt_len=85)
NOTICE: TRACE: [tx p0] fa:2a:ff:46:d7:2c > fe:78:40:7f:f0:3f / IP 172.16.0.1 > 172.16.0.2 ttl=255 proto=TCP(6) / TCP 42408 > 179 flags=PA, (pkt_len=85)
NOTICE: TRACE: [cp tx p0] fa:2a:ff:46:d7:2c > fa:2a:ff:46:d7:2c / IP 172.16.0.2 > 172.16.0.1 ttl=255 proto=TCP(6) / TCP 179 > 42408 flags=PA, (pkt_len=85)
NOTICE: TRACE: [rx p0] fe:78:40:7f:f0:3f > fa:2a:ff:46:d7:2c / IP 172.16.0.2 > 172.16.0.1 ttl=255 proto=TCP(6) / TCP 179 > 42408 flags=A, (pkt_len=66)
NOTICE: TRACE: [tx p0] fa:2a:ff:46:d7:2c > fe:78:40:7f:f0:3f / IP 172.16.0.1 > 172.16.0.2 ttl=255 proto=TCP(6) / TCP 42408 > 179 flags=A, (pkt_len=66)
NOTICE: TRACE: [cp tx p0] fa:2a:ff:46:d7:2c > fa:2a:ff:46:d7:2c / IP 172.16.0.2 > 172.16.0.1 ttl=255 proto=TCP(6) / TCP 179 > 42408 flags=A, (pkt_len=66)
NOTICE: TRACE: [rx p0] fa:2a:ff:46:d7:2c > 33:33:00:00:00:16 / IPv6 fe80::f82a:ffff:fe46:d72c > ff02::16 ttl=1 proto=HOPOPT(0) / ICMPv6 type=143 code=0, (pkt_len=90)
NOTICE: TRACE: [rx p0] fa:2a:ff:46:d7:2c > 33:33:00:00:00:02 / IPv6 fe80::f82a:ffff:fe46:d72c > ff02::2 ttl=255 proto=ICMPv6(58) / ICMPv6 router solicit / Option src_lladdr=fa:2a:ff:46:d7:2c, (pkt_len=70)
NOTICE: TRACE: [drop icmp6_input_unsupported] 1 packets
NOTICE: TRACE: [tx p0] fa:2a:ff:46:d7:2c > 33:33:00:00:00:01 / IPv6 fe80::f82a:ffff:fe46:d72c > ff02::1 ttl=255 proto=ICMPv6(58) / ICMPv6 router advert / Option src_lladdr=fa:2a:ff:46:d7:2c, (pkt_len=78)
NOTICE: TRACE: [rx p0] fa:2a:ff:46:d7:2c > 33:33:00:00:00:16 / IPv6 fe80::f82a:ffff:fe46:d72c > ff02::16 ttl=1 proto=HOPOPT(0) / ICMPv6 type=143 code=0, (pkt_len=90)
NOTICE: TRACE: [drop icmp6_input_unsupported] 1 packets
NOTICE: TRACE: [tx p0] fa:2a:ff:46:d7:2c > fe:78:40:7f:f0:3f / IP 172.16.0.1 > 172.16.0.2 ttl=255 proto=TCP(6) / TCP 42408 > 179 flags=PA, (pkt_len=145)
NOTICE: TRACE: [rx p0] fe:78:40:7f:f0:3f > fa:2a:ff:46:d7:2c / IP 172.16.0.2 > 172.16.0.1 ttl=255 proto=TCP(6) / TCP 179 > 42408 flags=A, (pkt_len=66)
NOTICE: TRACE: [cp tx p0] fa:2a:ff:46:d7:2c > fa:2a:ff:46:d7:2c / IP 172.16.0.2 > 172.16.0.1 ttl=255 proto=TCP(6) / TCP 179 > 42408 flags=A, (pkt_len=66)
[bgp-peer] BGP: [M59KS-A3ZXZ] bgp_update_receive_eor: rcvd End-of-RIB for IPv4 Unicast from 172.16.0.1 in vrf default
NOTICE: TRACE: [rx p0] fe:78:40:7f:f0:3f > fa:2a:ff:46:d7:2c / IP 172.16.0.2 > 172.16.0.1 ttl=255 proto=TCP(6) / TCP 179 > 42408 flags=PA, (pkt_len=149)
NOTICE: TRACE: [cp tx p0] fa:2a:ff:46:d7:2c > fa:2a:ff:46:d7:2c / IP 172.16.0.2 > 172.16.0.1 ttl=255 proto=TCP(6) / TCP 179 > 42408 flags=PA, (pkt_len=149)
NOTICE: TRACE: [tx p0] fa:2a:ff:46:d7:2c > fe:78:40:7f:f0:3f / IP 172.16.0.1 > 172.16.0.2 ttl=255 proto=TCP(6) / TCP 42408 > 179 flags=A, (pkt_len=66)
BGP: [M59KS-A3ZXZ] bgp_update_receive_eor: rcvd End-of-RIB for IPv4 Unicast from 172.16.0.2 in vrf default
DEBUG: API: read_cb: pid=397682 id=81 req_type=0xacdc2003 (GR_NH_ADD) req_len=44 status=0 (Success) resp_len=0
DEBUG: API: read_cb: pid=397682 id=82 req_type=0xf00d0001 (GR_IP4_ROUTE_ADD) req_len=24 status=0 (Success) resp_len=0
> nh update: type=L3 id=102 iface=p0 vrf=main origin=zebra family=ipv4 addr=172.16.0.2 state=reachable mac=fe:78:40:7f:f0:3f
> route4 add: vrf=main 16.0.0.0/24 origin=bgp via type=L3 id=102 iface=p0 vrf=main origin=zebra family=ipv4 addr=172.16.0.2 state=reachable mac=fe:78:40:7f:f0:3f
ZEBRA: GROUT: grout_add_del_nexthop: add nh_id 102 origin zebra
ZEBRA: GROUT: grout_add_nexthop: nh_id 102 type L3
ZEBRA: GROUT: grout_client_send_recv: GR_NH_ADD: success
ZEBRA: GROUT: grout_add_del_route: add 16.0.0.0/24 origin bgp nh_id 102 vrf 1
ZEBRA: GROUT: grout_client_send_recv: GR_IP4_ROUTE_ADD: success
+ wait_bgp_established 30
+ local timeout=30
+ local elapsed=0
+ '[' 0 -lt 30 ']'
+ vtysh -c 'show bgp summary json'
+ jq -e '.ipv4Unicast.peers."172.16.0.2".state == "Established"'
+ return 0
+ teardown_bgp
+ python3 /home/apanatto/dev/github.com/DPDK/grout/subprojects/frr-frr-10.6.1/tools/frr-reload.py --confdir build//frr_install/etc/frr --bindir build//frr_install/bin --rundir build//frr_install/var/run/frr --reload --debug --stdout /tmp/tmp.kCeOhDfbvG/base.conf
2026-08-24 17:34:58,451  INFO: Called via "Namespace(input=None, reload=True, test=False, debug=True, log_level='info', stdout=True, pathspace=None, filename='/tmp/tmp.kCeOhDfbvG/base.conf', overwrite=False, bindir='build//frr_install/bin', confdir='build//frr_install/etc/frr', rundir='build//frr_install/var/run/frr', vty_socket=None, daemon='', test_reset=False, logfmt=False, logfile='/var/log/frr/frr-reload.log')"
2026-08-24 17:34:58,451  INFO: Loading Config object from file /tmp/tmp.kCeOhDfbvG/base.conf
2026-08-24 17:34:58,456 DEBUG: LINE hostname grout                                    : single-line context
2026-08-24 17:34:58,456 DEBUG: LINE debug zebra dplane dpdk                           : single-line context
2026-08-24 17:34:58,465 DEBUG: New Frr Config
hostname grout
debug zebra dplane dpdk

end

2026-08-24 17:34:58,465  INFO: Loading Config object from vtysh show running
2026-08-24 17:34:58,474 DEBUG: LINE frr version 10.6.1                                : single-line context
2026-08-24 17:34:58,474 DEBUG: LINE frr defaults traditional                          : single-line context
2026-08-24 17:34:58,474 DEBUG: LINE hostname apanatto-thinkpadt14gen5.rmtit.csb       : single-line context
2026-08-24 17:34:58,474 DEBUG: LINE debug zebra dplane dpdk                           : single-line context
2026-08-24 17:34:58,474 DEBUG: LINE vrf main                                          : enter context vrf main                                          
2026-08-24 17:34:58,474 DEBUG: LINE exit-vrf                                          : exit context vrf main                                          
2026-08-24 17:34:58,474 DEBUG: LINE router bgp 64512                                  : enter context router bgp 64512                                  
2026-08-24 17:34:58,474 DEBUG: LINE bgp router-id 172.16.0.1                          : add to current context router bgp 64512                                  
2026-08-24 17:34:58,474 DEBUG: LINE neighbor 172.16.0.2 remote-as 64512               : add to current context router bgp 64512                                  
2026-08-24 17:34:58,474 DEBUG: LINE address-family ipv4 unicast                       : enter context router bgp 64512 address-family ipv4 unicast      
2026-08-24 17:34:58,474 DEBUG: LINE network 172.16.0.0/24                             : add to current context router bgp 64512 address-family ipv4 unicast      
2026-08-24 17:34:58,474 DEBUG: LINE exit-address-family                               : exit context router bgp 64512 address-family ipv4 unicast      
2026-08-24 17:34:58,474 DEBUG: LINE exit                                              : exit context router bgp 64512                                  
2026-08-24 17:34:58,474 DEBUG: Running Frr Config (Pass #0)
frr version 10.6.1
frr defaults traditional
hostname apanatto-thinkpadt14gen5.rmtit.csb
!
debug zebra dplane dpdk
!
vrf main
exit-vrf
end
!
router bgp 64512
bgp router-id 172.16.0.1
neighbor 172.16.0.2 remote-as 64512
!
address-family ipv4 unicast
network 172.16.0.0/24
exit-address-family
exit
!
end
2026-08-24 17:34:58,475  INFO: "frr version 10.6.1" cannot be removed
2026-08-24 17:34:58,475  INFO: "frr defaults traditional" cannot be removed
2026-08-24 17:34:58,482  INFO: Executed "no hostname apanatto-thinkpadt14gen5.rmtit.csb"
ZEBRA: [WMBNH-V6XN6] Unable to find specified Interface for default
NOTICE: TRACE: [tx p0] fa:2a:ff:46:d7:2c > fe:78:40:7f:f0:3f / IP 172.16.0.1 > 172.16.0.2 ttl=255 proto=TCP(6) / TCP 42408 > 179 flags=FA, (pkt_len=66)
ZEBRA: [WMBNH-V6XN6] Unable to find specified Interface for default
NOTICE: TRACE: [rx p0] fe:78:40:7f:f0:3f > fa:2a:ff:46:d7:2c / IP 172.16.0.2 > 172.16.0.1 ttl=255 proto=TCP(6) / TCP 179 > 42408 flags=FA, (pkt_len=66)
NOTICE: TRACE: [cp tx p0] fa:2a:ff:46:d7:2c > fa:2a:ff:46:d7:2c / IP 172.16.0.2 > 172.16.0.1 ttl=255 proto=TCP(6) / TCP 179 > 42408 flags=FA, (pkt_len=66)
NOTICE: TRACE: [tx p0] fa:2a:ff:46:d7:2c > fe:78:40:7f:f0:3f / IP 172.16.0.1 > 172.16.0.2 ttl=255 proto=TCP(6) / TCP 42408 > 179 flags=A, (pkt_len=66)
2026-08-24 17:34:58,491  INFO: Executed "no router bgp 64512"
2026-08-24 17:34:58,491  INFO: build//frr_install/var/run/frr/reload-M14RDQ.txt content
['hostname grout\n']
[400686|mgmtd] sending configuration
[400687|zebra] sending configuration
[400690|ospfd] sending configuration
[400691|ospf6d] sending configuration
ZEBRA: [VTVCM-Y2NW3] Configuration Read in Took: 00:00:00
[400686|mgmtd] done
[400687|zebra] done
ZEBRA: [G6NKK-8C6DV] end_config: VTY:0x1ead2840, pending SET-CFG: 0
MGMTD: [VTVCM-Y2NW3] Configuration Read in Took: 00:00:00
MGMTD: [G6NKK-8C6DV] end_config: VTY:0x35dd78c0, pending SET-CFG: 0
[400694|isisd] sending configuration
OSPF: [VTVCM-Y2NW3] Configuration Read in Took: 00:00:00
OSPF: [G6NKK-8C6DV] end_config: VTY:0x26031e00, pending SET-CFG: 0
[400690|ospfd] done
OSPF6: [VTVCM-Y2NW3] Configuration Read in Took: 00:00:00
OSPF6: [G6NKK-8C6DV] end_config: VTY:0x2ab46490, pending SET-CFG: 0
[400691|ospf6d] done
[400693|bgpd] sending configuration
ISIS: [VTVCM-Y2NW3] Configuration Read in Took: 00:00:00
ISIS: [G6NKK-8C6DV] end_config: VTY:0xff70de0, pending SET-CFG: 0
[400694|isisd] done
BGP: [VTVCM-Y2NW3] Configuration Read in Took: 00:00:00
BGP: [G6NKK-8C6DV] end_config: VTY:0x1f155b60, pending SET-CFG: 0
[400693|bgpd] done
[400703|bfdd] sending configuration
[400702|staticd] sending configuration
Waiting for children to finish applying config...
BFD: [VTVCM-Y2NW3] Configuration Read in Took: 00:00:00
BFD: [G6NKK-8C6DV] end_config: VTY:0x37c70ec0, pending SET-CFG: 0
[400707|watchfrr] sending configuration
STATIC: [VTVCM-Y2NW3] Configuration Read in Took: 00:00:00
STATIC: [G6NKK-8C6DV] end_config: VTY:0xa0f9aa0, pending SET-CFG: 0
[400702|staticd] done
[400703|bfdd] done
DEBUG: ROUTE: rib4_delete: VRF 1: 16.0.0.0/24
DEBUG: API: read_cb: pid=397682 id=83 req_type=0xf00d0002 (GR_IP4_ROUTE_DEL) req_len=16 status=0 (Success) resp_len=0
> route4 del: vrf=main 16.0.0.0/24 origin=bgp via type=L3 id=102 iface=p0 vrf=main origin=zebra family=ipv4 addr=172.16.0.2 state=reachable mac=fe:78:40:7f:f0:3f
ZEBRA: GROUT: grout_add_del_route: del 16.0.0.0/24 origin bgp nh_id 102 vrf 1
ZEBRA: GROUT: grout_client_send_recv: GR_IP4_ROUTE_DEL: success
[400707|watchfrr] done
2026-08-24 17:34:58,503  INFO: Loading Config object from vtysh show running
2026-08-24 17:34:58,509 DEBUG: LINE frr version 10.6.1                                : single-line context
2026-08-24 17:34:58,509 DEBUG: LINE frr defaults traditional                          : single-line context
2026-08-24 17:34:58,509 DEBUG: LINE hostname apanatto-thinkpadt14gen5.rmtit.csb       : single-line context
2026-08-24 17:34:58,509 DEBUG: LINE debug zebra dplane dpdk                           : single-line context
2026-08-24 17:34:58,509 DEBUG: LINE vrf main                                          : enter context vrf main                                          
2026-08-24 17:34:58,509 DEBUG: LINE exit-vrf                                          : exit context vrf main                                          
2026-08-24 17:34:58,509 DEBUG: Running Frr Config (Pass #1)
frr version 10.6.1
frr defaults traditional
hostname apanatto-thinkpadt14gen5.rmtit.csb
!
debug zebra dplane dpdk
!
vrf main
exit-vrf
end
!
end
2026-08-24 17:34:58,509  INFO: "frr version 10.6.1" cannot be removed
2026-08-24 17:34:58,509  INFO: "frr defaults traditional" cannot be removed
2026-08-24 17:34:58,509  INFO: build//frr_install/var/run/frr/reload-72O0NQ.txt content
['hostname grout\n', 'hostname grout\n']
[400711|mgmtd] sending configuration
[400712|zebra] sending configuration
[400715|ospfd] sending configuration
[400716|ospf6d] sending configuration
MGMTD: [VTVCM-Y2NW3] Configuration Read in Took: 00:00:00
[400711|mgmtd] done
MGMTD: [G6NKK-8C6DV] end_config: VTY:0x35dd78c0, pending SET-CFG: 0
ZEBRA: [VTVCM-Y2NW3] Configuration Read in Took: 00:00:00
ZEBRA: [G6NKK-8C6DV] end_config: VTY:0x1ead2840, pending SET-CFG: 0
[400712|zebra] done
[400718|bgpd] sending configuration
OSPF6: [VTVCM-Y2NW3] Configuration Read in Took: 00:00:00
[400716|ospf6d] done
OSPF6: [G6NKK-8C6DV] end_config: VTY:0x2ab46430, pending SET-CFG: 0
OSPF: [VTVCM-Y2NW3] Configuration Read in Took: 00:00:00
OSPF: [G6NKK-8C6DV] end_config: VTY:0x26031e00, pending SET-CFG: 0
[400715|ospfd] done
[400719|isisd] sending configuration
BGP: [VTVCM-Y2NW3] Configuration Read in Took: 00:00:00
BGP: [G6NKK-8C6DV] end_config: VTY:0x1f155b60, pending SET-CFG: 0
[400718|bgpd] done
ISIS: [VTVCM-Y2NW3] Configuration Read in Took: 00:00:00
ISIS: [G6NKK-8C6DV] end_config: VTY:0xff70de0, pending SET-CFG: 0
[400719|isisd] done
[400727|staticd] sending configuration
[400728|bfdd] sending configuration
STATIC: [VTVCM-Y2NW3] Configuration Read in Took: 00:00:00
Waiting for children to finish applying config...
STATIC: [G6NKK-8C6DV] end_config: VTY:0xa0f9aa0, pending SET-CFG: 0
[400727|staticd] done
[400732|watchfrr] sending configuration
BFD: [VTVCM-Y2NW3] Configuration Read in Took: 00:00:00
BFD: [G6NKK-8C6DV] end_config: VTY:0x37c70ec0, pending SET-CFG: 0
[400728|bfdd] done
[400732|watchfrr] done
+ grcli interface del p0
DEBUG: API: accept_conn_cb: new connection fd=26 pid=400735
DEBUG: API: read_cb: pid=400735 id=1 req_type=0xcafe1981 (GR_HELLO) req_len=132 status=0 (Success) resp_len=2
DEBUG: API: api_send: pid=400735 for_id=2 len=316
DEBUG: API: api_send: pid=400735 for_id=2 len=466
DEBUG: API: read_cb: pid=400735 id=2 req_type=0xacdc0004 (GR_IFACE_LIST) req_len=1 status=0 (Success) resp_len=0
DEBUG: API: read_cb: pid=400735 id=3 req_type=0xacdc0003 (GR_IFACE_GET) req_len=18 status=0 (Success) resp_len=466
DEBUG: IFACE: iface_event: iface event [0xacdc1003] PRE_REMOVE triggered for iface p0.
DEBUG: ROUTE: rib4_delete: VRF 1: 172.16.0.2/32
INFO: WORKER: port_unplug: port 0 unplugged
DEBUG: ROUTE: rib4_delete: VRF 1: 172.16.0.0/24
DEBUG: ROUTE: rib6_delete: VRF 1: fe80:2::/64
DEBUG: IFACE: iface_event: iface event [0xacdc1007] STATUS_DOWN triggered for iface p0.
DEBUG: MEMPOOL: gr_pktmbuf_pool_release: release mempool mbuf_-1:0 reserved 512 -> 256 (size 2047)
DEBUG: IFACE: iface_event: iface event [0xacdc1004] REMOVE triggered for iface p0.
DEBUG: MEMPOOL: gr_pktmbuf_pool_release: release mempool mbuf_0:0 reserved 511 -> 0 (size 2047)
DEBUG: MEMPOOL: gr_pktmbuf_pool_release: schedule mempool mbuf_0:0 for deferred free
INFO: PORT: iface_port_fini: port 0 destroyed
DEBUG: API: read_cb: pid=400735 id=4 req_type=0xacdc0002 (GR_IFACE_DEL) req_len=2 status=0 (Success) resp_len=0
DEBUG: API: disconnect_client: client pid=400735 disconnected
> nh del: type=L3 iface=p0 vrf=main origin=zebra family=ipv4 addr=172.16.0.2 state=reachable mac=fe:78:40:7f:f0:3f
> addr4 del: iface=p0 172.16.0.1/24
> route4 del: vrf=main 172.16.0.0/24 origin=link via type=L3 iface=p0 vrf=main origin=INTERNAL family=ipv4 addr=172.16.0.1/24 state=reachable mac=fa:2a:ff:46:d7:2c flags=local link
> addr6 del: iface=p0 fe80::f82a:ffff:fe46:d72c/64
> route6 del: vrf=main fe80:2::/64 origin=link via type=L3 iface=p0 vrf=main origin=INTERNAL family=ipv6 addr=fe80::f82a:ffff:fe46:d72c/64 state=reachable mac=fa:2a:ff:46:d7:2c f
> iface pre del: p0 type=port id=2 mtu=1500
> iface down: p0 type=port id=2 mtu=1500
> iface del: p0 type=port id=2 mtu=1500
ZEBRA: GROUT: dplane_read_notifications: GR_EVENT_IP_ADDR_DEL
ZEBRA: GROUT: grout_interface_addr4_change: del 172.16.0.1/24 iface 2
ZEBRA: GROUT: zebra_read_notifications: GR_EVENT_NEXTHOP_DELETE
ZEBRA: GROUT: grout_nexthop_change: del nh_id 0 origin zebra
ZEBRA: GROUT: grout_neigh_notify: del neigh iface=2 172.16.0.2 fe:78:40:7f:f0:3f
ZEBRA: GROUT: grout_nexthop_change: nexthop without ID, skip
ZEBRA: GROUT: dplane_read_notifications: GR_EVENT_IP6_ADDR_DEL
ZEBRA: GROUT: grout_interface_addr6_change: del fe80::f82a:ffff:fe46:d72c/64 iface 2
ZEBRA: GROUT: dplane_read_notifications: GR_EVENT_IFACE_STATUS_DOWN
ZEBRA: GROUT: grout_link_change: add iface p0
ZEBRA: GROUT: dplane_read_notifications: GR_EVENT_IFACE_REMOVE
ZEBRA: GROUT: grout_link_change: del iface p0
ZEBRA: GROUT: zebra_read_notifications: GR_EVENT_IP_ROUTE_DEL
ZEBRA: GROUT: grout_route4_change: del 172.16.0.0/24 origin link nh_id 0 route_vrf 1 nh_vrf 1
ZEBRA: GROUT: grout_route_change: link route, skip
ZEBRA: GROUT: zebra_read_notifications: GR_EVENT_IP6_ROUTE_DEL
ZEBRA: GROUT: grout_route6_change: del fe80:2::/64 origin link nh_id 0 route_vrf 1 nh_vrf 1
ZEBRA: GROUT: grout_route_change: link route, skip
+ echo 'Teardown complete'
Teardown complete
+ for i in $(seq 1 $iterations)
+ echo '=== Iteration 18/20 ==='
=== Iteration 18/20 ===
+ setup_bgp
+ python3 /home/apanatto/dev/github.com/DPDK/grout/subprojects/frr-frr-10.6.1/tools/frr-reload.py --confdir build//frr_install/etc/frr --bindir build//frr_install/bin --rundir build//frr_install/var/run/frr --reload --debug --stdout /tmp/tmp.kCeOhDfbvG/bgp.conf
ZEBRA: GROUT: grout_add_del_route: del 172.16.0.0/24 origin link nh_id 100 vrf 1
ZEBRA: GROUT: grout_add_del_route: non-frr origin, skip
ZEBRA: GROUT: grout_add_del_route: del 172.16.0.0/24 origin link nh_id 100 vrf 1
ZEBRA: GROUT: grout_add_del_route: non-frr origin, skip
ZEBRA: GROUT: grout_add_del_route: del 172.16.0.1/32 origin link nh_id 100 vrf 1
ZEBRA: GROUT: grout_add_del_route: non-frr origin, skip
ZEBRA: GROUT: grout_add_del_route: del 172.16.0.1/32 origin link nh_id 100 vrf 1
ZEBRA: GROUT: grout_add_del_route: non-frr origin, skip
ZEBRA: GROUT: grout_add_del_route: del fe80::/64 origin link nh_id 99 vrf 1
ZEBRA: GROUT: grout_add_del_route: non-frr origin, skip
ZEBRA: GROUT: grout_add_del_route: del fe80::/64 origin link nh_id 99 vrf 1
ZEBRA: GROUT: grout_add_del_route: non-frr origin, skip
2026-08-24 17:34:58,638  INFO: Called via "Namespace(input=None, reload=True, test=False, debug=True, log_level='info', stdout=True, pathspace=None, filename='/tmp/tmp.kCeOhDfbvG/bgp.conf', overwrite=False, bindir='build//frr_install/bin', confdir='build//frr_install/etc/frr', rundir='build//frr_install/var/run/frr', vty_socket=None, daemon='', test_reset=False, logfmt=False, logfile='/var/log/frr/frr-reload.log')"
2026-08-24 17:34:58,638  INFO: Loading Config object from file /tmp/tmp.kCeOhDfbvG/bgp.conf
2026-08-24 17:34:58,644 DEBUG: LINE hostname grout                                    : single-line context
2026-08-24 17:34:58,644 DEBUG: LINE debug zebra dplane dpdk                           : single-line context
2026-08-24 17:34:58,644 DEBUG: LINE router bgp 64512                                  : enter context router bgp 64512                                  
2026-08-24 17:34:58,644 DEBUG: LINE bgp router-id 172.16.0.1                          : add to current context router bgp 64512                                  
2026-08-24 17:34:58,644 DEBUG: LINE neighbor 172.16.0.2 remote-as 64512               : add to current context router bgp 64512                                  
2026-08-24 17:34:58,645 DEBUG: LINE address-family ipv4 unicast                       : enter context router bgp 64512 address-family ipv4 unicast      
2026-08-24 17:34:58,645 DEBUG: LINE network 172.16.0.0/24                             : add to current context router bgp 64512 address-family ipv4 unicast      
2026-08-24 17:34:58,645 DEBUG: LINE exit-address-family                               : exit context router bgp 64512 address-family ipv4 unicast      
2026-08-24 17:34:58,645 DEBUG: LINE exit                                              : exit context router bgp 64512                                  
2026-08-24 17:34:58,650 DEBUG: New Frr Config
hostname grout
debug zebra dplane dpdk
router bgp 64512
bgp router-id 172.16.0.1
neighbor 172.16.0.2 remote-as 64512
address-family ipv4 unicast
network 172.16.0.0/24
exit-address-family
exit

end

2026-08-24 17:34:58,651  INFO: Loading Config object from vtysh show running
2026-08-24 17:34:58,686 DEBUG: LINE frr version 10.6.1                                : single-line context
2026-08-24 17:34:58,686 DEBUG: LINE frr defaults traditional                          : single-line context
2026-08-24 17:34:58,686 DEBUG: LINE hostname apanatto-thinkpadt14gen5.rmtit.csb       : single-line context
2026-08-24 17:34:58,686 DEBUG: LINE debug zebra dplane dpdk                           : single-line context
2026-08-24 17:34:58,686 DEBUG: LINE vrf main                                          : enter context vrf main                                          
2026-08-24 17:34:58,686 DEBUG: LINE exit-vrf                                          : exit context vrf main                                          
2026-08-24 17:34:58,686 DEBUG: Running Frr Config (Pass #0)
frr version 10.6.1
frr defaults traditional
hostname apanatto-thinkpadt14gen5.rmtit.csb
!
debug zebra dplane dpdk
!
vrf main
exit-vrf
end
!
end
2026-08-24 17:34:58,687  INFO: "frr version 10.6.1" cannot be removed
2026-08-24 17:34:58,687  INFO: "frr defaults traditional" cannot be removed
2026-08-24 17:34:58,694  INFO: Executed "no hostname apanatto-thinkpadt14gen5.rmtit.csb"
2026-08-24 17:34:58,694  INFO: build//frr_install/var/run/frr/reload-XW7DIZ.txt content
['hostname grout\n',
 'router bgp 64512\nexit\n',
 'router bgp 64512\n bgp router-id 172.16.0.1\nexit\n',
 'router bgp 64512\n neighbor 172.16.0.2 remote-as 64512\nexit\n',
 'router bgp 64512\n address-family ipv4 unicast\n exit\nexit\n',
 'router bgp 64512\n'
 ' address-family ipv4 unicast\n'
 '  network 172.16.0.0/24 \n'
 ' exit\n'
 'exit\n']
[400744|zebra] sending configuration
[400743|mgmtd] sending configuration
[400748|ospf6d] sending configuration
[400747|ospfd] sending configuration
[400750|bgpd] sending configuration
[400751|isisd] sending configuration
MGMTD: [VTVCM-Y2NW3] Configuration Read in Took: 00:00:00
MGMTD: [G6NKK-8C6DV] end_config: VTY:0x35dd78c0, pending SET-CFG: 0
ZEBRA: [VTVCM-Y2NW3] Configuration Read in Took: 00:00:00
[400743|mgmtd] done
ZEBRA: [G6NKK-8C6DV] end_config: VTY:0x1ead2840, pending SET-CFG: 0
OSPF6: [VTVCM-Y2NW3] Configuration Read in Took: 00:00:00
[400748|ospf6d] done
OSPF6: [G6NKK-8C6DV] end_config: VTY:0x2ab46400, pending SET-CFG: 0
[400744|zebra] done
OSPF: [VTVCM-Y2NW3] Configuration Read in Took: 00:00:00
OSPF: [G6NKK-8C6DV] end_config: VTY:0x26031e00, pending SET-CFG: 0
[400760|bfdd] sending configuration
[400747|ospfd] done
ISIS: [VTVCM-Y2NW3] Configuration Read in Took: 00:00:00
ISIS: [G6NKK-8C6DV] end_config: VTY:0xff70dc0, pending SET-CFG: 0
[400751|isisd] done
[400759|staticd] sending configuration
Waiting for children to finish applying config...
ZEBRA: [WMBNH-V6XN6] Unable to find specified Interface for default
ZEBRA: [WMBNH-V6XN6] Unable to find specified Interface for default
[400764|watchfrr] sending configuration
BGP: [VTVCM-Y2NW3] Configuration Read in Took: 00:00:00
BGP: [G6NKK-8C6DV] end_config: VTY:0x1f155b60, pending SET-CFG: 0
[400750|bgpd] done
BFD: [VTVCM-Y2NW3] Configuration Read in Took: 00:00:00
[400760|bfdd] done
BFD: [G6NKK-8C6DV] end_config: VTY:0x37c70ea0, pending SET-CFG: 0
[400764|watchfrr] done
STATIC: [VTVCM-Y2NW3] Configuration Read in Took: 00:00:00
STATIC: [G6NKK-8C6DV] end_config: VTY:0xa0f9aa0, pending SET-CFG: 0
[400759|staticd] done
2026-08-24 17:34:58,704  INFO: Loading Config object from vtysh show running
2026-08-24 17:34:58,718 DEBUG: LINE frr version 10.6.1                                : single-line context
2026-08-24 17:34:58,718 DEBUG: LINE frr defaults traditional                          : single-line context
2026-08-24 17:34:58,718 DEBUG: LINE hostname apanatto-thinkpadt14gen5.rmtit.csb       : single-line context
2026-08-24 17:34:58,718 DEBUG: LINE debug zebra dplane dpdk                           : single-line context
2026-08-24 17:34:58,718 DEBUG: LINE vrf main                                          : enter context vrf main                                          
2026-08-24 17:34:58,718 DEBUG: LINE exit-vrf                                          : exit context vrf main                                          
2026-08-24 17:34:58,718 DEBUG: LINE router bgp 64512                                  : enter context router bgp 64512                                  
2026-08-24 17:34:58,718 DEBUG: LINE bgp router-id 172.16.0.1                          : add to current context router bgp 64512                                  
2026-08-24 17:34:58,718 DEBUG: LINE neighbor 172.16.0.2 remote-as 64512               : add to current context router bgp 64512                                  
2026-08-24 17:34:58,718 DEBUG: LINE address-family ipv4 unicast                       : enter context router bgp 64512 address-family ipv4 unicast      
2026-08-24 17:34:58,718 DEBUG: LINE network 172.16.0.0/24                             : add to current context router bgp 64512 address-family ipv4 unicast      
2026-08-24 17:34:58,718 DEBUG: LINE exit-address-family                               : exit context router bgp 64512 address-family ipv4 unicast      
2026-08-24 17:34:58,718 DEBUG: LINE exit                                              : exit context router bgp 64512                                  
2026-08-24 17:34:58,718 DEBUG: Running Frr Config (Pass #1)
frr version 10.6.1
frr defaults traditional
hostname apanatto-thinkpadt14gen5.rmtit.csb
!
debug zebra dplane dpdk
!
vrf main
exit-vrf
end
!
router bgp 64512
bgp router-id 172.16.0.1
neighbor 172.16.0.2 remote-as 64512
!
address-family ipv4 unicast
network 172.16.0.0/24
exit-address-family
exit
!
end
2026-08-24 17:34:58,718  INFO: "frr version 10.6.1" cannot be removed
2026-08-24 17:34:58,718  INFO: "frr defaults traditional" cannot be removed
2026-08-24 17:34:58,719  INFO: build//frr_install/var/run/frr/reload-EN2U6T.txt content
['hostname grout\n',
 'hostname grout\n',
 'router bgp 64512\nexit\n',
 'router bgp 64512\n bgp router-id 172.16.0.1\nexit\n',
 'router bgp 64512\n neighbor 172.16.0.2 remote-as 64512\nexit\n',
 'router bgp 64512\n address-family ipv4 unicast\n exit\nexit\n',
 'router bgp 64512\n'
 ' address-family ipv4 unicast\n'
 '  network 172.16.0.0/24 \n'
 ' exit\n'
 'exit\n']
[400768|mgmtd] sending configuration
[400769|zebra] sending configuration
[400773|ospf6d] sending configuration
[400772|ospfd] sending configuration
[400776|isisd] sending configuration
[400775|bgpd] sending configuration
MGMTD: [VTVCM-Y2NW3] Configuration Read in Took: 00:00:00
MGMTD: [G6NKK-8C6DV] end_config: VTY:0x35dd78c0, pending SET-CFG: 0
[400768|mgmtd] done
OSPF6: [VTVCM-Y2NW3] Configuration Read in Took: 00:00:00
OSPF6: [G6NKK-8C6DV] end_config: VTY:0x2ab463d0, pending SET-CFG: 0
[400773|ospf6d] done
ISIS: [VTVCM-Y2NW3] Configuration Read in Took: 00:00:00
ISIS: [G6NKK-8C6DV] end_config: VTY:0xff70dc0, pending SET-CFG: 0
[400776|isisd] done
OSPF: [VTVCM-Y2NW3] Configuration Read in Took: 00:00:00
OSPF: [G6NKK-8C6DV] end_config: VTY:0x26031e00, pending SET-CFG: 0
[400772|ospfd] done
[400785|bfdd] sending configuration
ZEBRA: [VTVCM-Y2NW3] Configuration Read in Took: 00:00:00
ZEBRA: [G6NKK-8C6DV] end_config: VTY:0x1ead2840, pending SET-CFG: 0
[400769|zebra] done
Waiting for children to finish applying config...
[400789|watchfrr] sending configuration
[400784|staticd] sending configuration
BFD: [VTVCM-Y2NW3] Configuration Read in Took: 00:00:00
BFD: [G6NKK-8C6DV] end_config: VTY:0x37c70ea0, pending SET-CFG: 0
[400785|bfdd] done
BGP: [VTVCM-Y2NW3] Configuration Read in Took: 00:00:00
BGP: [G6NKK-8C6DV] end_config: VTY:0x1f155b60, pending SET-CFG: 0
[400775|bgpd] done
[400789|watchfrr] done
STATIC: [VTVCM-Y2NW3] Configuration Read in Took: 00:00:00
STATIC: [G6NKK-8C6DV] end_config: VTY:0xa0f9aa0, pending SET-CFG: 0
[400784|staticd] done
+ grcli interface add port p0 devargs net_tap0,remote=veth0
DEBUG: API: accept_conn_cb: new connection fd=26 pid=400792
DEBUG: API: read_cb: pid=400792 id=1 req_type=0xcafe1981 (GR_HELLO) req_len=132 status=0 (Success) resp_len=2
ERR: TAP: tap_nl_dump_ext_ack(): Cannot delete qdisc with handle of zero
DEBUG: MEMPOOL: gr_pktmbuf_pool_get: allocate mempool mbuf_0:1 reserved 511 (size 2047, mbuf_size 2048)
INFO: WORKER: port_plug: port 0 plugged
DEBUG: GRAPH: worker_graph_new: [CPU 6] <- port=0 rxq=0 burst_size=64
DEBUG: GRAPH: worker_graph_new: [CPU 6] -> port 0 txq 0
DEBUG: IFACE: iface_event: iface event [0xacdc1008] MAC_CHANGE triggered for iface p0.
DEBUG: MEMPOOL: gr_pktmbuf_pool_get: reuse mempool mbuf_-1:0 reserved 256 -> 512 (size 2047, mbuf_size 2048)
DEBUG: IFACE: iface_event: iface event [0xacdc1001] ADD triggered for iface p0.
DEBUG: IFACE: iface_event: iface event [0xacdc1002] POST_ADD triggered for iface p0.
INFO: ADDRESS: mcast6_addr_add: p0: joining multicast group ff02::1:ff46:d72c
INFO: ADDRESS: mcast6_addr_add: p0: joining multicast group ff01::1
INFO: ADDRESS: mcast6_addr_add: p0: joining multicast group ff02::1
INFO: ADDRESS: mcast6_addr_add: p0: joining multicast group ff01::2
INFO: ADDRESS: mcast6_addr_add: p0: joining multicast group ff02::2
INFO: ADDRESS: mcast6_addr_add: p0: joining multicast group ff05::2
INFO: ADDRESS: mcast6_addr_add: p0: joining multicast group ff02::5
INFO: ADDRESS: mcast6_addr_add: p0: joining multicast group ff02::6
INFO: ADDRESS: mcast6_addr_add: p0: joining multicast group ff02::8
INFO: ADDRESS: mcast6_addr_add: p0: joining multicast group ff02::16
DEBUG: API: read_cb: pid=400792 id=2 req_type=0xacdc0001 (GR_IFACE_ADD) req_len=466 status=0 (Success) resp_len=2
Created interface 2
> iface mac change: p0 type=port id=2 mtu=0
> iface add: p0 type=port id=2 mtu=0
> route6 add: vrf=main fe80::f82a:ffff:fe46:d72c/64 origin=link via type=L3 iface=p0 vrf=main origin=INTERNAL family=ipv6 addr=fe80::f82a:ffff:fe46:d72c/64 state=reachable mac=fa:2a:ff:46:d7:2c f
> addr6 add: iface=p0 fe80::f82a:ffff:fe46:d72c/64
> iface post add: p0 type=port id=2 mtu=0
DEBUG: API: disconnect_client: client pid=400792 disconnected
ZEBRA: GROUT: zebra_read_notifications: GR_EVENT_IP6_ROUTE_ADD
ZEBRA: GROUT: grout_route6_change: add fe80::f82a:ffff:fe46:d72c/64 origin link nh_id 0 route_vrf 1 nh_vrf 1
ZEBRA: GROUT: grout_route_change: link route, skip
ZEBRA: GROUT: dplane_read_notifications: GR_EVENT_IFACE_MAC_CHANGE
ZEBRA: GROUT: grout_link_change: add iface p0
ZEBRA: GROUT: dplane_read_notifications: GR_EVENT_IFACE_ADD
ZEBRA: GROUT: grout_link_change: add iface p0
ZEBRA: GROUT: dplane_read_notifications: GR_EVENT_IP6_ADDR_ADD
ZEBRA: GROUT: grout_interface_addr6_change: add fe80::f82a:ffff:fe46:d72c/64 iface 2
NOTICE: TRACE: [rx p0] fa:2a:ff:46:d7:2c > 33:33:00:00:00:16 / IPv6 :: > ff02::16 ttl=1 proto=HOPOPT(0) / ICMPv6 type=143 code=0, (pkt_len=90)
NOTICE: TRACE: [drop icmp6_input_unsupported] 1 packets
+ grcli address add 172.16.0.1/24 iface p0
DEBUG: API: accept_conn_cb: new connection fd=26 pid=400793
DEBUG: API: read_cb: pid=400793 id=1 req_type=0xcafe1981 (GR_HELLO) req_len=132 status=0 (Success) resp_len=2
DEBUG: API: api_send: pid=400793 for_id=2 len=316
DEBUG: API: api_send: pid=400793 for_id=2 len=466
DEBUG: API: read_cb: pid=400793 id=2 req_type=0xacdc0004 (GR_IFACE_LIST) req_len=1 status=0 (Success) resp_len=0
DEBUG: API: read_cb: pid=400793 id=3 req_type=0xacdc0003 (GR_IFACE_GET) req_len=18 status=0 (Success) resp_len=466
DEBUG: API: read_cb: pid=400793 id=4 req_type=0xf00d0005 (GR_IP4_ADDR_ADD) req_len=16 status=0 (Success) resp_len=0
DEBUG: API: disconnect_client: client pid=400793 disconnected
> route4 add: vrf=main 172.16.0.1/24 origin=link via type=L3 iface=p0 vrf=main origin=INTERNAL family=ipv4 addr=172.16.0.1/24 state=reachable mac=fa:2a:ff:46:d7:2c flags=local link
> addr4 add: iface=p0 172.16.0.1/24
ZEBRA: GROUT: zebra_read_notifications: GR_EVENT_IP_ROUTE_ADD
ZEBRA: GROUT: grout_route4_change: add 172.16.0.1/24 origin link nh_id 0 route_vrf 1 nh_vrf 1
ZEBRA: GROUT: grout_route_change: link route, skip
ZEBRA: GROUT: dplane_read_notifications: GR_EVENT_IP_ADDR_ADD
ZEBRA: GROUT: grout_interface_addr4_change: add 172.16.0.1/24 iface 2
+ sleep 3
NOTICE: TRACE: [rx p0] fa:2a:ff:46:d7:2c > 33:33:00:00:00:16 / IPv6 :: > ff02::16 ttl=1 proto=HOPOPT(0) / ICMPv6 type=143 code=0, (pkt_len=90)
NOTICE: TRACE: [drop icmp6_input_unsupported] 1 packets
DEBUG: MEMPOOL: pending_free_cb: deferred free mempool mbuf_0:0 after 868 ms
INFO: PORT: link_event_cb: p0: link status up
DEBUG: IFACE: iface_event: iface event [0xacdc1006] STATUS_UP triggered for iface p0.
> iface up: p0 type=port id=2 mtu=1500
ZEBRA: GROUT: dplane_read_notifications: GR_EVENT_IFACE_STATUS_UP
ZEBRA: GROUT: grout_link_change: add iface p0
NOTICE: TRACE: [tx p0] fa:2a:ff:46:d7:2c > ff:ff:ff:ff:ff:ff / ARP announce 172.16.0.1 is at fa:2a:ff:46:d7:2c, (pkt_len=42)
NOTICE: TRACE: [tx p0] fa:2a:ff:46:d7:2c > 33:33:00:00:00:01 / IPv6 fe80::f82a:ffff:fe46:d72c > ff02::1 ttl=255 proto=ICMPv6(58) / ICMPv6 neigh advert fe80::f82a:ffff:fe46:d72c is at (solicited=0) / Option target_lladdr=fa:2a:ff:46:d7:2c, (pkt_len=86)
ZEBRA: GROUT: grout_add_del_route: add fe80::/64 origin link nh_id 105 vrf 1
ZEBRA: GROUT: grout_add_del_route: non-frr origin, skip
ZEBRA: GROUT: grout_add_del_route: add fe80::/64 origin link nh_id 105 vrf 1
ZEBRA: GROUT: grout_add_del_route: non-frr origin, skip
ZEBRA: GROUT: grout_add_del_route: add 172.16.0.0/24 origin link nh_id 106 vrf 1
ZEBRA: GROUT: grout_add_del_route: non-frr origin, skip
ZEBRA: GROUT: grout_add_del_route: add 172.16.0.0/24 origin link nh_id 106 vrf 1
ZEBRA: GROUT: grout_add_del_route: non-frr origin, skip
ZEBRA: GROUT: grout_add_del_route: add 172.16.0.1/32 origin link nh_id 106 vrf 1
ZEBRA: GROUT: grout_add_del_route: non-frr origin, skip
ZEBRA: GROUT: grout_add_del_route: add 172.16.0.1/32 origin link nh_id 106 vrf 1
ZEBRA: GROUT: grout_add_del_route: non-frr origin, skip
NOTICE: TRACE: [rx p0] fe:78:40:7f:f0:3f > fa:2a:ff:46:d7:2c / IP 172.16.0.2 > 172.16.0.1 ttl=255 proto=TCP(6) / TCP 59430 > 179 flags=S, (pkt_len=74)
NOTICE: TRACE: [cp tx p0] fa:2a:ff:46:d7:2c > fa:2a:ff:46:d7:2c / IP 172.16.0.2 > 172.16.0.1 ttl=255 proto=TCP(6) / TCP 59430 > 179 flags=S, (pkt_len=74)
NOTICE: TRACE: [tx p0] fa:2a:ff:46:d7:2c > ff:ff:ff:ff:ff:ff / ARP request who has 172.16.0.2? tell 172.16.0.1, (pkt_len=42)
> nh new: type=L3 iface=p0 vrf=main origin=learn family=ipv4 addr=172.16.0.2 state=new flags=neigh
NOTICE: TRACE: [rx p0] fe:78:40:7f:f0:3f > fa:2a:ff:46:d7:2c / ARP reply 172.16.0.2 is at fe:78:40:7f:f0:3f, (pkt_len=42)
NOTICE: TRACE: [tx p0] fa:2a:ff:46:d7:2c > fe:78:40:7f:f0:3f / IP 172.16.0.1 > 172.16.0.2 ttl=255 proto=TCP(6) / TCP 179 > 59430 flags=SA, (pkt_len=74)
> nh update: type=L3 iface=p0 vrf=main origin=learn family=ipv4 addr=172.16.0.2 state=reachable mac=fe:78:40:7f:f0:3f flags=neigh
NOTICE: TRACE: [rx p0] fe:78:40:7f:f0:3f > fa:2a:ff:46:d7:2c / IP 172.16.0.2 > 172.16.0.1 ttl=255 proto=TCP(6) / TCP 59430 > 179 flags=A, (pkt_len=66)
NOTICE: TRACE: [cp tx p0] fa:2a:ff:46:d7:2c > fa:2a:ff:46:d7:2c / IP 172.16.0.2 > 172.16.0.1 ttl=255 proto=TCP(6) / TCP 59430 > 179 flags=A, (pkt_len=66)
NOTICE: TRACE: [tx p0] fa:2a:ff:46:d7:2c > fe:78:40:7f:f0:3f / IP 172.16.0.1 > 172.16.0.2 ttl=255 proto=TCP(6) / TCP 179 > 59430 flags=FA, (pkt_len=66)
NOTICE: TRACE: [rx p0] fe:78:40:7f:f0:3f > fa:2a:ff:46:d7:2c / IP 172.16.0.2 > 172.16.0.1 ttl=255 proto=TCP(6) / TCP 59430 > 179 flags=PA, (pkt_len=197)
ZEBRA: GROUT: zebra_read_notifications: GR_EVENT_NEXTHOP_NEW
NOTICE: TRACE: [rx p0] fe:78:40:7f:f0:3f > fa:2a:ff:46:d7:2c / IP 172.16.0.2 > 172.16.0.1 ttl=255 proto=TCP(6) / TCP 59430 > 179 flags=A, (pkt_len=66)
NOTICE: TRACE: [cp tx p0] fa:2a:ff:46:d7:2c > fa:2a:ff:46:d7:2c / IP 172.16.0.2 > 172.16.0.1 ttl=255 proto=TCP(6) / TCP 59430 > 179 flags=PA, (pkt_len=197)
NOTICE: TRACE: [rx p0] fe:78:40:7f:f0:3f > fa:2a:ff:46:d7:2c / IP 172.16.0.2 > 172.16.0.1 ttl=255 proto=TCP(6) / TCP 59430 > 179 flags=FA, (pkt_len=66)
NOTICE: TRACE: [tx p0] fa:2a:ff:46:d7:2c > fe:78:40:7f:f0:3f / IP 172.16.0.1 > 172.16.0.2 ttl=64 proto=TCP(6) / TCP 179 > 59430 flags=R, (pkt_len=54)
ZEBRA: GROUT: grout_nexthop_change: add nh_id 0 origin learn
NOTICE: TRACE: [cp tx p0] fa:2a:ff:46:d7:2c > fa:2a:ff:46:d7:2c / IP 172.16.0.2 > 172.16.0.1 ttl=255 proto=TCP(6) / TCP 59430 > 179 flags=A, (pkt_len=66)
NOTICE: TRACE: [cp tx p0] fa:2a:ff:46:d7:2c > fa:2a:ff:46:d7:2c / IP 172.16.0.2 > 172.16.0.1 ttl=255 proto=TCP(6) / TCP 59430 > 179 flags=FA, (pkt_len=66)
NOTICE: TRACE: [tx p0] fa:2a:ff:46:d7:2c > fe:78:40:7f:f0:3f / IP 172.16.0.1 > 172.16.0.2 ttl=64 proto=TCP(6) / TCP 179 > 59430 flags=R, (pkt_len=54)
NOTICE: TRACE: [tx p0] fa:2a:ff:46:d7:2c > fe:78:40:7f:f0:3f / IP 172.16.0.1 > 172.16.0.2 ttl=64 proto=TCP(6) / TCP 179 > 59430 flags=R, (pkt_len=54)
ZEBRA: GROUT: grout_nexthop_change: dynamic neighbor learn, skip
ZEBRA: GROUT: zebra_read_notifications: GR_EVENT_NEXTHOP_UPDATE
ZEBRA: GROUT: grout_nexthop_change: add nh_id 0 origin learn
ZEBRA: GROUT: grout_neigh_notify: add neigh iface=2 172.16.0.2 fe:78:40:7f:f0:3f
ZEBRA: GROUT: grout_nexthop_change: dynamic neighbor learn, skip
NOTICE: TRACE: [tx p0] fa:2a:ff:46:d7:2c > fe:78:40:7f:f0:3f / IP 172.16.0.1 > 172.16.0.2 ttl=255 proto=TCP(6) / TCP 42414 > 179 flags=S, (pkt_len=74)
NOTICE: TRACE: [rx p0] fe:78:40:7f:f0:3f > fa:2a:ff:46:d7:2c / IP 172.16.0.2 > 172.16.0.1 ttl=255 proto=TCP(6) / TCP 179 > 42414 flags=SA, (pkt_len=74)
NOTICE: TRACE: [cp tx p0] fa:2a:ff:46:d7:2c > fa:2a:ff:46:d7:2c / IP 172.16.0.2 > 172.16.0.1 ttl=255 proto=TCP(6) / TCP 179 > 42414 flags=SA, (pkt_len=74)
NOTICE: TRACE: [tx p0] fa:2a:ff:46:d7:2c > fe:78:40:7f:f0:3f / IP 172.16.0.1 > 172.16.0.2 ttl=255 proto=TCP(6) / TCP 42414 > 179 flags=A, (pkt_len=66)
NOTICE: TRACE: [tx p0] fa:2a:ff:46:d7:2c > fe:78:40:7f:f0:3f / IP 172.16.0.1 > 172.16.0.2 ttl=255 proto=TCP(6) / TCP 42414 > 179 flags=PA, (pkt_len=197)
NOTICE: TRACE: [rx p0] fe:78:40:7f:f0:3f > fa:2a:ff:46:d7:2c / IP 172.16.0.2 > 172.16.0.1 ttl=255 proto=TCP(6) / TCP 179 > 42414 flags=A, (pkt_len=66)
NOTICE: TRACE: [rx p0] fe:78:40:7f:f0:3f > fa:2a:ff:46:d7:2c / IP 172.16.0.2 > 172.16.0.1 ttl=255 proto=TCP(6) / TCP 179 > 42414 flags=PA, (pkt_len=197)
NOTICE: TRACE: [cp tx p0] fa:2a:ff:46:d7:2c > fa:2a:ff:46:d7:2c / IP 172.16.0.2 > 172.16.0.1 ttl=255 proto=TCP(6) / TCP 179 > 42414 flags=A, (pkt_len=66)
NOTICE: TRACE: [cp tx p0] fa:2a:ff:46:d7:2c > fa:2a:ff:46:d7:2c / IP 172.16.0.2 > 172.16.0.1 ttl=255 proto=TCP(6) / TCP 179 > 42414 flags=PA, (pkt_len=197)
NOTICE: TRACE: [tx p0] fa:2a:ff:46:d7:2c > fe:78:40:7f:f0:3f / IP 172.16.0.1 > 172.16.0.2 ttl=255 proto=TCP(6) / TCP 42414 > 179 flags=A, (pkt_len=66)
NOTICE: TRACE: [rx p0] fe:78:40:7f:f0:3f > fa:2a:ff:46:d7:2c / IP 172.16.0.2 > 172.16.0.1 ttl=255 proto=TCP(6) / TCP 179 > 42414 flags=PA, (pkt_len=85)
NOTICE: TRACE: [tx p0] fa:2a:ff:46:d7:2c > fe:78:40:7f:f0:3f / IP 172.16.0.1 > 172.16.0.2 ttl=255 proto=TCP(6) / TCP 42414 > 179 flags=PA, (pkt_len=85)
NOTICE: TRACE: [cp tx p0] fa:2a:ff:46:d7:2c > fa:2a:ff:46:d7:2c / IP 172.16.0.2 > 172.16.0.1 ttl=255 proto=TCP(6) / TCP 179 > 42414 flags=PA, (pkt_len=85)
NOTICE: TRACE: [rx p0] fe:78:40:7f:f0:3f > fa:2a:ff:46:d7:2c / IP 172.16.0.2 > 172.16.0.1 ttl=255 proto=TCP(6) / TCP 179 > 42414 flags=A, (pkt_len=66)
NOTICE: TRACE: [tx p0] fa:2a:ff:46:d7:2c > fe:78:40:7f:f0:3f / IP 172.16.0.1 > 172.16.0.2 ttl=255 proto=TCP(6) / TCP 42414 > 179 flags=A, (pkt_len=66)
NOTICE: TRACE: [cp tx p0] fa:2a:ff:46:d7:2c > fa:2a:ff:46:d7:2c / IP 172.16.0.2 > 172.16.0.1 ttl=255 proto=TCP(6) / TCP 179 > 42414 flags=A, (pkt_len=66)
NOTICE: TRACE: [tx p0] fa:2a:ff:46:d7:2c > fe:78:40:7f:f0:3f / IP 172.16.0.1 > 172.16.0.2 ttl=255 proto=TCP(6) / TCP 42414 > 179 flags=PA, (pkt_len=145)
NOTICE: TRACE: [rx p0] fe:78:40:7f:f0:3f > fa:2a:ff:46:d7:2c / IP 172.16.0.2 > 172.16.0.1 ttl=255 proto=TCP(6) / TCP 179 > 42414 flags=A, (pkt_len=66)
NOTICE: TRACE: [cp tx p0] fa:2a:ff:46:d7:2c > fa:2a:ff:46:d7:2c / IP 172.16.0.2 > 172.16.0.1 ttl=255 proto=TCP(6) / TCP 179 > 42414 flags=A, (pkt_len=66)
[bgp-peer] BGP: [M59KS-A3ZXZ] bgp_update_receive_eor: rcvd End-of-RIB for IPv4 Unicast from 172.16.0.1 in vrf default
NOTICE: TRACE: [rx p0] fe:78:40:7f:f0:3f > fa:2a:ff:46:d7:2c / IP 172.16.0.2 > 172.16.0.1 ttl=255 proto=TCP(6) / TCP 179 > 42414 flags=PA, (pkt_len=149)
NOTICE: TRACE: [cp tx p0] fa:2a:ff:46:d7:2c > fa:2a:ff:46:d7:2c / IP 172.16.0.2 > 172.16.0.1 ttl=255 proto=TCP(6) / TCP 179 > 42414 flags=PA, (pkt_len=149)
NOTICE: TRACE: [tx p0] fa:2a:ff:46:d7:2c > fe:78:40:7f:f0:3f / IP 172.16.0.1 > 172.16.0.2 ttl=255 proto=TCP(6) / TCP 42414 > 179 flags=A, (pkt_len=66)
BGP: [M59KS-A3ZXZ] bgp_update_receive_eor: rcvd End-of-RIB for IPv4 Unicast from 172.16.0.2 in vrf default
DEBUG: API: read_cb: pid=397682 id=84 req_type=0xacdc2003 (GR_NH_ADD) req_len=44 status=0 (Success) resp_len=0
DEBUG: API: read_cb: pid=397682 id=85 req_type=0xf00d0001 (GR_IP4_ROUTE_ADD) req_len=24 status=0 (Success) resp_len=0
> nh update: type=L3 id=108 iface=p0 vrf=main origin=zebra family=ipv4 addr=172.16.0.2 state=reachable mac=fe:78:40:7f:f0:3f
> route4 add: vrf=main 16.0.0.0/24 origin=bgp via type=L3 id=108 iface=p0 vrf=main origin=zebra family=ipv4 addr=172.16.0.2 state=reachable mac=fe:78:40:7f:f0:3f
ZEBRA: GROUT: grout_add_del_nexthop: add nh_id 108 origin zebra
ZEBRA: GROUT: grout_add_nexthop: nh_id 108 type L3
ZEBRA: GROUT: grout_client_send_recv: GR_NH_ADD: success
ZEBRA: GROUT: grout_add_del_route: add 16.0.0.0/24 origin bgp nh_id 108 vrf 1
ZEBRA: GROUT: grout_client_send_recv: GR_IP4_ROUTE_ADD: success
+ wait_bgp_established 30
+ local timeout=30
+ local elapsed=0
+ '[' 0 -lt 30 ']'
+ vtysh -c 'show bgp summary json'
+ jq -e '.ipv4Unicast.peers."172.16.0.2".state == "Established"'
+ return 0
+ teardown_bgp
+ python3 /home/apanatto/dev/github.com/DPDK/grout/subprojects/frr-frr-10.6.1/tools/frr-reload.py --confdir build//frr_install/etc/frr --bindir build//frr_install/bin --rundir build//frr_install/var/run/frr --reload --debug --stdout /tmp/tmp.kCeOhDfbvG/base.conf
2026-08-24 17:35:01,848  INFO: Called via "Namespace(input=None, reload=True, test=False, debug=True, log_level='info', stdout=True, pathspace=None, filename='/tmp/tmp.kCeOhDfbvG/base.conf', overwrite=False, bindir='build//frr_install/bin', confdir='build//frr_install/etc/frr', rundir='build//frr_install/var/run/frr', vty_socket=None, daemon='', test_reset=False, logfmt=False, logfile='/var/log/frr/frr-reload.log')"
2026-08-24 17:35:01,848  INFO: Loading Config object from file /tmp/tmp.kCeOhDfbvG/base.conf
2026-08-24 17:35:01,854 DEBUG: LINE hostname grout                                    : single-line context
2026-08-24 17:35:01,854 DEBUG: LINE debug zebra dplane dpdk                           : single-line context
2026-08-24 17:35:01,863 DEBUG: New Frr Config
hostname grout
debug zebra dplane dpdk

end

2026-08-24 17:35:01,863  INFO: Loading Config object from vtysh show running
2026-08-24 17:35:01,871 DEBUG: LINE frr version 10.6.1                                : single-line context
2026-08-24 17:35:01,871 DEBUG: LINE frr defaults traditional                          : single-line context
2026-08-24 17:35:01,871 DEBUG: LINE hostname apanatto-thinkpadt14gen5.rmtit.csb       : single-line context
2026-08-24 17:35:01,871 DEBUG: LINE debug zebra dplane dpdk                           : single-line context
2026-08-24 17:35:01,871 DEBUG: LINE vrf main                                          : enter context vrf main                                          
2026-08-24 17:35:01,871 DEBUG: LINE exit-vrf                                          : exit context vrf main                                          
2026-08-24 17:35:01,872 DEBUG: LINE router bgp 64512                                  : enter context router bgp 64512                                  
2026-08-24 17:35:01,872 DEBUG: LINE bgp router-id 172.16.0.1                          : add to current context router bgp 64512                                  
2026-08-24 17:35:01,872 DEBUG: LINE neighbor 172.16.0.2 remote-as 64512               : add to current context router bgp 64512                                  
2026-08-24 17:35:01,872 DEBUG: LINE address-family ipv4 unicast                       : enter context router bgp 64512 address-family ipv4 unicast      
2026-08-24 17:35:01,872 DEBUG: LINE network 172.16.0.0/24                             : add to current context router bgp 64512 address-family ipv4 unicast      
2026-08-24 17:35:01,872 DEBUG: LINE exit-address-family                               : exit context router bgp 64512 address-family ipv4 unicast      
2026-08-24 17:35:01,872 DEBUG: LINE exit                                              : exit context router bgp 64512                                  
2026-08-24 17:35:01,872 DEBUG: Running Frr Config (Pass #0)
frr version 10.6.1
frr defaults traditional
hostname apanatto-thinkpadt14gen5.rmtit.csb
!
debug zebra dplane dpdk
!
vrf main
exit-vrf
end
!
router bgp 64512
bgp router-id 172.16.0.1
neighbor 172.16.0.2 remote-as 64512
!
address-family ipv4 unicast
network 172.16.0.0/24
exit-address-family
exit
!
end
2026-08-24 17:35:01,872  INFO: "frr version 10.6.1" cannot be removed
2026-08-24 17:35:01,872  INFO: "frr defaults traditional" cannot be removed
2026-08-24 17:35:01,880  INFO: Executed "no hostname apanatto-thinkpadt14gen5.rmtit.csb"
ZEBRA: [WMBNH-V6XN6] Unable to find specified Interface for default
ZEBRA: [WMBNH-V6XN6] Unable to find specified Interface for default
NOTICE: TRACE: [tx p0] fa:2a:ff:46:d7:2c > fe:78:40:7f:f0:3f / IP 172.16.0.1 > 172.16.0.2 ttl=255 proto=TCP(6) / TCP 42414 > 179 flags=FA, (pkt_len=66)
NOTICE: TRACE: [rx p0] fe:78:40:7f:f0:3f > fa:2a:ff:46:d7:2c / IP 172.16.0.2 > 172.16.0.1 ttl=255 proto=TCP(6) / TCP 179 > 42414 flags=FA, (pkt_len=66)
NOTICE: TRACE: [cp tx p0] fa:2a:ff:46:d7:2c > fa:2a:ff:46:d7:2c / IP 172.16.0.2 > 172.16.0.1 ttl=255 proto=TCP(6) / TCP 179 > 42414 flags=FA, (pkt_len=66)
NOTICE: TRACE: [tx p0] fa:2a:ff:46:d7:2c > fe:78:40:7f:f0:3f / IP 172.16.0.1 > 172.16.0.2 ttl=255 proto=TCP(6) / TCP 42414 > 179 flags=A, (pkt_len=66)
2026-08-24 17:35:01,888  INFO: Executed "no router bgp 64512"
2026-08-24 17:35:01,889  INFO: build//frr_install/var/run/frr/reload-WWLWDV.txt content
['hostname grout\n']
[400826|mgmtd] sending configuration
[400827|zebra] sending configuration
ZEBRA: [VTVCM-Y2NW3] Configuration Read in Took: 00:00:00
ZEBRA: [G6NKK-8C6DV] end_config: VTY:0x1ead2840, pending SET-CFG: 0
[400827|zebra] done
[400833|bgpd] sending configuration
[400834|isisd] sending configuration
[400830|ospfd] sending configuration
MGMTD: [VTVCM-Y2NW3] Configuration Read in Took: 00:00:00
MGMTD: [G6NKK-8C6DV] end_config: VTY:0x35dd78c0, pending SET-CFG: 0
[400826|mgmtd] done
ISIS: [VTVCM-Y2NW3] Configuration Read in Took: 00:00:00
ISIS: [G6NKK-8C6DV] end_config: VTY:0xff70de0, pending SET-CFG: 0
[400834|isisd] done
[400843|bfdd] sending configuration
[400831|ospf6d] sending configuration
BGP: [VTVCM-Y2NW3] Configuration Read in Took: 00:00:00
BGP: [G6NKK-8C6DV] end_config: VTY:0x1f155b60, pending SET-CFG: 0
[400833|bgpd] done
OSPF6: [VTVCM-Y2NW3] Configuration Read in Took: 00:00:00
[400831|ospf6d] done
OSPF6: [G6NKK-8C6DV] end_config: VTY:0x2ab463d0, pending SET-CFG: 0
[400842|staticd] sending configuration
Waiting for children to finish applying config...
BFD: [VTVCM-Y2NW3] Configuration Read in Took: 00:00:00
BFD: [G6NKK-8C6DV] end_config: VTY:0x37c70ec0, pending SET-CFG: 0
[400843|bfdd] done
[400847|watchfrr] sending configuration
STATIC: [VTVCM-Y2NW3] Configuration Read in Took: 00:00:00
[400842|staticd] done
STATIC: [G6NKK-8C6DV] end_config: VTY:0xa0f9aa0, pending SET-CFG: 0
[400847|watchfrr] done
DEBUG: ROUTE: rib4_delete: VRF 1: 16.0.0.0/24
DEBUG: API: read_cb: pid=397682 id=86 req_type=0xf00d0002 (GR_IP4_ROUTE_DEL) req_len=16 status=0 (Success) resp_len=0
> route4 del: vrf=main 16.0.0.0/24 origin=bgp via type=L3 id=108 iface=p0 vrf=main origin=zebra family=ipv4 addr=172.16.0.2 state=reachable mac=fe:78:40:7f:f0:3f
ZEBRA: GROUT: grout_add_del_route: del 16.0.0.0/24 origin bgp nh_id 108 vrf 1
ZEBRA: GROUT: grout_client_send_recv: GR_IP4_ROUTE_DEL: success
OSPF: [VTVCM-Y2NW3] Configuration Read in Took: 00:00:00
OSPF: [G6NKK-8C6DV] end_config: VTY:0x26031e00, pending SET-CFG: 0
[400830|ospfd] done
2026-08-24 17:35:01,904  INFO: Loading Config object from vtysh show running
2026-08-24 17:35:01,920 DEBUG: LINE frr version 10.6.1                                : single-line context
2026-08-24 17:35:01,920 DEBUG: LINE frr defaults traditional                          : single-line context
2026-08-24 17:35:01,921 DEBUG: LINE hostname apanatto-thinkpadt14gen5.rmtit.csb       : single-line context
2026-08-24 17:35:01,921 DEBUG: LINE debug zebra dplane dpdk                           : single-line context
2026-08-24 17:35:01,921 DEBUG: LINE vrf main                                          : enter context vrf main                                          
2026-08-24 17:35:01,921 DEBUG: LINE exit-vrf                                          : exit context vrf main                                          
2026-08-24 17:35:01,921 DEBUG: Running Frr Config (Pass #1)
frr version 10.6.1
frr defaults traditional
hostname apanatto-thinkpadt14gen5.rmtit.csb
!
debug zebra dplane dpdk
!
vrf main
exit-vrf
end
!
end
2026-08-24 17:35:01,921  INFO: "frr version 10.6.1" cannot be removed
2026-08-24 17:35:01,922  INFO: "frr defaults traditional" cannot be removed
2026-08-24 17:35:01,922  INFO: build//frr_install/var/run/frr/reload-GAMMS2.txt content
['hostname grout\n', 'hostname grout\n']
[400851|mgmtd] sending configuration
[400852|zebra] sending configuration
MGMTD: [VTVCM-Y2NW3] Configuration Read in Took: 00:00:00
[400859|isisd] sending configuration
[400851|mgmtd] done
MGMTD: [G6NKK-8C6DV] end_config: VTY:0x35dd78c0, pending SET-CFG: 0
[400855|ospfd] sending configuration
[400852|zebra] done
[400859|isisd] done
[400856|ospf6d] sending configuration
[400858|bgpd] sending configuration
ZEBRA: [VTVCM-Y2NW3] Configuration Read in Took: 00:00:00
ZEBRA: [G6NKK-8C6DV] end_config: VTY:0x1ead2840, pending SET-CFG: 0
ISIS: [VTVCM-Y2NW3] Configuration Read in Took: 00:00:00
ISIS: [G6NKK-8C6DV] end_config: VTY:0xff70de0, pending SET-CFG: 0
BGP: [VTVCM-Y2NW3] Configuration Read in Took: 00:00:00
[400855|ospfd] done
BGP: [G6NKK-8C6DV] end_config: VTY:0x1f155b60, pending SET-CFG: 0
OSPF: [VTVCM-Y2NW3] Configuration Read in Took: 00:00:00
[400856|ospf6d] done
[400858|bgpd] done
[400868|bfdd] sending configuration
[400867|staticd] sending configuration
OSPF: [G6NKK-8C6DV] end_config: VTY:0x26031e00, pending SET-CFG: 0
Waiting for children to finish applying config...
OSPF6: [VTVCM-Y2NW3] Configuration Read in Took: 00:00:00
OSPF6: [G6NKK-8C6DV] end_config: VTY:0x2ab396a0, pending SET-CFG: 0
BFD: [VTVCM-Y2NW3] Configuration Read in Took: 00:00:00
[400872|watchfrr] sending configuration
[400868|bfdd] done
BFD: [G6NKK-8C6DV] end_config: VTY:0x37c70ec0, pending SET-CFG: 0
STATIC: [VTVCM-Y2NW3] Configuration Read in Took: 00:00:00
STATIC: [G6NKK-8C6DV] end_config: VTY:0xa0f9aa0, pending SET-CFG: 0
[400867|staticd] done
[400872|watchfrr] done
+ grcli interface del p0
DEBUG: API: accept_conn_cb: new connection fd=26 pid=400875
DEBUG: API: read_cb: pid=400875 id=1 req_type=0xcafe1981 (GR_HELLO) req_len=132 status=0 (Success) resp_len=2
DEBUG: API: api_send: pid=400875 for_id=2 len=316
DEBUG: API: api_send: pid=400875 for_id=2 len=466
DEBUG: API: read_cb: pid=400875 id=2 req_type=0xacdc0004 (GR_IFACE_LIST) req_len=1 status=0 (Success) resp_len=0
DEBUG: API: read_cb: pid=400875 id=3 req_type=0xacdc0003 (GR_IFACE_GET) req_len=18 status=0 (Success) resp_len=466
DEBUG: IFACE: iface_event: iface event [0xacdc1003] PRE_REMOVE triggered for iface p0.
DEBUG: ROUTE: rib4_delete: VRF 1: 172.16.0.2/32
INFO: WORKER: port_unplug: port 0 unplugged
DEBUG: ROUTE: rib4_delete: VRF 1: 172.16.0.0/24
DEBUG: ROUTE: rib6_delete: VRF 1: fe80:2::/64
DEBUG: IFACE: iface_event: iface event [0xacdc1007] STATUS_DOWN triggered for iface p0.
DEBUG: MEMPOOL: gr_pktmbuf_pool_release: release mempool mbuf_-1:0 reserved 512 -> 256 (size 2047)
DEBUG: IFACE: iface_event: iface event [0xacdc1004] REMOVE triggered for iface p0.
DEBUG: MEMPOOL: gr_pktmbuf_pool_release: release mempool mbuf_0:1 reserved 511 -> 0 (size 2047)
DEBUG: MEMPOOL: gr_pktmbuf_pool_release: schedule mempool mbuf_0:1 for deferred free
INFO: PORT: iface_port_fini: port 0 destroyed
DEBUG: API: read_cb: pid=400875 id=4 req_type=0xacdc0002 (GR_IFACE_DEL) req_len=2 status=0 (Success) resp_len=0
DEBUG: API: disconnect_client: client pid=400875 disconnected
> nh del: type=L3 iface=p0 vrf=main origin=zebra family=ipv4 addr=172.16.0.2 state=reachable mac=fe:78:40:7f:f0:3f
> addr4 del: iface=p0 172.16.0.1/24
> route4 del: vrf=main 172.16.0.0/24 origin=link via type=L3 iface=p0 vrf=main origin=INTERNAL family=ipv4 addr=172.16.0.1/24 state=reachable mac=fa:2a:ff:46:d7:2c flags=local link
> addr6 del: iface=p0 fe80::f82a:ffff:fe46:d72c/64
> route6 del: vrf=main fe80:2::/64 origin=link via type=L3 iface=p0 vrf=main origin=INTERNAL family=ipv6 addr=fe80::f82a:ffff:fe46:d72c/64 state=reachable mac=fa:2a:ff:46:d7:2c f
> iface pre del: p0 type=port id=2 mtu=1500
> iface down: p0 type=port id=2 mtu=1500
> iface del: p0 type=port id=2 mtu=1500
ZEBRA: GROUT: zebra_read_notifications: GR_EVENT_NEXTHOP_DELETE
ZEBRA: GROUT: grout_nexthop_change: del nh_id 0 origin zebra
ZEBRA: GROUT: grout_neigh_notify: del neigh iface=2 172.16.0.2 fe:78:40:7f:f0:3f
ZEBRA: GROUT: grout_nexthop_change: nexthop without ID, skip
ZEBRA: GROUT: dplane_read_notifications: GR_EVENT_IP_ADDR_DEL
ZEBRA: GROUT: grout_interface_addr4_change: del 172.16.0.1/24 iface 2
ZEBRA: GROUT: dplane_read_notifications: GR_EVENT_IP6_ADDR_DEL
ZEBRA: GROUT: grout_interface_addr6_change: del fe80::f82a:ffff:fe46:d72c/64 iface 2
ZEBRA: GROUT: dplane_read_notifications: GR_EVENT_IFACE_STATUS_DOWN
ZEBRA: GROUT: grout_link_change: add iface p0
ZEBRA: GROUT: dplane_read_notifications: GR_EVENT_IFACE_REMOVE
ZEBRA: GROUT: grout_link_change: del iface p0
ZEBRA: GROUT: zebra_read_notifications: GR_EVENT_IP_ROUTE_DEL
ZEBRA: GROUT: grout_route4_change: del 172.16.0.0/24 origin link nh_id 0 route_vrf 1 nh_vrf 1
ZEBRA: GROUT: grout_route_change: link route, skip
ZEBRA: GROUT: zebra_read_notifications: GR_EVENT_IP6_ROUTE_DEL
ZEBRA: GROUT: grout_route6_change: del fe80:2::/64 origin link nh_id 0 route_vrf 1 nh_vrf 1
ZEBRA: GROUT: grout_route_change: link route, skip
+ echo 'Teardown complete'
Teardown complete
+ for i in $(seq 1 $iterations)
+ echo '=== Iteration 19/20 ==='
=== Iteration 19/20 ===
+ setup_bgp
+ python3 /home/apanatto/dev/github.com/DPDK/grout/subprojects/frr-frr-10.6.1/tools/frr-reload.py --confdir build//frr_install/etc/frr --bindir build//frr_install/bin --rundir build//frr_install/var/run/frr --reload --debug --stdout /tmp/tmp.kCeOhDfbvG/bgp.conf
ZEBRA: GROUT: grout_add_del_route: del 172.16.0.0/24 origin link nh_id 106 vrf 1
ZEBRA: GROUT: grout_add_del_route: non-frr origin, skip
ZEBRA: GROUT: grout_add_del_route: del 172.16.0.0/24 origin link nh_id 106 vrf 1
ZEBRA: GROUT: grout_add_del_route: non-frr origin, skip
ZEBRA: GROUT: grout_add_del_route: del 172.16.0.1/32 origin link nh_id 106 vrf 1
ZEBRA: GROUT: grout_add_del_route: non-frr origin, skip
ZEBRA: GROUT: grout_add_del_route: del 172.16.0.1/32 origin link nh_id 106 vrf 1
ZEBRA: GROUT: grout_add_del_route: non-frr origin, skip
ZEBRA: GROUT: grout_add_del_route: del fe80::/64 origin link nh_id 105 vrf 1
ZEBRA: GROUT: grout_add_del_route: non-frr origin, skip
ZEBRA: GROUT: grout_add_del_route: del fe80::/64 origin link nh_id 105 vrf 1
ZEBRA: GROUT: grout_add_del_route: non-frr origin, skip
2026-08-24 17:35:02,056  INFO: Called via "Namespace(input=None, reload=True, test=False, debug=True, log_level='info', stdout=True, pathspace=None, filename='/tmp/tmp.kCeOhDfbvG/bgp.conf', overwrite=False, bindir='build//frr_install/bin', confdir='build//frr_install/etc/frr', rundir='build//frr_install/var/run/frr', vty_socket=None, daemon='', test_reset=False, logfmt=False, logfile='/var/log/frr/frr-reload.log')"
2026-08-24 17:35:02,056  INFO: Loading Config object from file /tmp/tmp.kCeOhDfbvG/bgp.conf
2026-08-24 17:35:02,062 DEBUG: LINE hostname grout                                    : single-line context
2026-08-24 17:35:02,062 DEBUG: LINE debug zebra dplane dpdk                           : single-line context
2026-08-24 17:35:02,062 DEBUG: LINE router bgp 64512                                  : enter context router bgp 64512                                  
2026-08-24 17:35:02,062 DEBUG: LINE bgp router-id 172.16.0.1                          : add to current context router bgp 64512                                  
2026-08-24 17:35:02,062 DEBUG: LINE neighbor 172.16.0.2 remote-as 64512               : add to current context router bgp 64512                                  
2026-08-24 17:35:02,063 DEBUG: LINE address-family ipv4 unicast                       : enter context router bgp 64512 address-family ipv4 unicast      
2026-08-24 17:35:02,063 DEBUG: LINE network 172.16.0.0/24                             : add to current context router bgp 64512 address-family ipv4 unicast      
2026-08-24 17:35:02,063 DEBUG: LINE exit-address-family                               : exit context router bgp 64512 address-family ipv4 unicast      
2026-08-24 17:35:02,063 DEBUG: LINE exit                                              : exit context router bgp 64512                                  
2026-08-24 17:35:02,070 DEBUG: New Frr Config
hostname grout
debug zebra dplane dpdk
router bgp 64512
bgp router-id 172.16.0.1
neighbor 172.16.0.2 remote-as 64512
address-family ipv4 unicast
network 172.16.0.0/24
exit-address-family
exit

end

2026-08-24 17:35:02,070  INFO: Loading Config object from vtysh show running
2026-08-24 17:35:02,106 DEBUG: LINE frr version 10.6.1                                : single-line context
2026-08-24 17:35:02,106 DEBUG: LINE frr defaults traditional                          : single-line context
2026-08-24 17:35:02,106 DEBUG: LINE hostname apanatto-thinkpadt14gen5.rmtit.csb       : single-line context
2026-08-24 17:35:02,106 DEBUG: LINE debug zebra dplane dpdk                           : single-line context
2026-08-24 17:35:02,106 DEBUG: LINE vrf main                                          : enter context vrf main                                          
2026-08-24 17:35:02,106 DEBUG: LINE exit-vrf                                          : exit context vrf main                                          
2026-08-24 17:35:02,107 DEBUG: Running Frr Config (Pass #0)
frr version 10.6.1
frr defaults traditional
hostname apanatto-thinkpadt14gen5.rmtit.csb
!
debug zebra dplane dpdk
!
vrf main
exit-vrf
end
!
end
2026-08-24 17:35:02,108  INFO: "frr version 10.6.1" cannot be removed
2026-08-24 17:35:02,108  INFO: "frr defaults traditional" cannot be removed
2026-08-24 17:35:02,136  INFO: Executed "no hostname apanatto-thinkpadt14gen5.rmtit.csb"
2026-08-24 17:35:02,136  INFO: build//frr_install/var/run/frr/reload-DXRNIZ.txt content
['hostname grout\n',
 'router bgp 64512\nexit\n',
 'router bgp 64512\n bgp router-id 172.16.0.1\nexit\n',
 'router bgp 64512\n neighbor 172.16.0.2 remote-as 64512\nexit\n',
 'router bgp 64512\n address-family ipv4 unicast\n exit\nexit\n',
 'router bgp 64512\n'
 ' address-family ipv4 unicast\n'
 '  network 172.16.0.0/24 \n'
 ' exit\n'
 'exit\n']
[400884|zebra] sending configuration
[400883|mgmtd] sending configuration
[400887|ospfd] sending configuration
[400888|ospf6d] sending configuration
[400890|bgpd] sending configuration
[400891|isisd] sending configuration
MGMTD: [VTVCM-Y2NW3] Configuration Read in Took: 00:00:00
[400883|mgmtd] done
MGMTD: [G6NKK-8C6DV] end_config: VTY:0x35dd78c0, pending SET-CFG: 0
ZEBRA: [VTVCM-Y2NW3] Configuration Read in Took: 00:00:00
ZEBRA: [G6NKK-8C6DV] end_config: VTY:0x1ead2840, pending SET-CFG: 0
OSPF: [VTVCM-Y2NW3] Configuration Read in Took: 00:00:00
OSPF: [G6NKK-8C6DV] end_config: VTY:0x26031e00, pending SET-CFG: 0
OSPF6: [VTVCM-Y2NW3] Configuration Read in Took: 00:00:00
[400887|ospfd] done
OSPF6: [G6NKK-8C6DV] end_config: VTY:0x2ab395c0, pending SET-CFG: 0
[400888|ospf6d] done
[400899|staticd] sending configuration
[400900|bfdd] sending configuration
ZEBRA: [WMBNH-V6XN6] Unable to find specified Interface for default
ZEBRA: [WMBNH-V6XN6] Unable to find specified Interface for default
[400884|zebra] done
ISIS: [VTVCM-Y2NW3] Configuration Read in Took: 00:00:00
ISIS: [G6NKK-8C6DV] end_config: VTY:0xff70dc0, pending SET-CFG: 0
[400891|isisd] done
Waiting for children to finish applying config...
[400904|watchfrr] sending configuration
STATIC: [VTVCM-Y2NW3] Configuration Read in Took: 00:00:00
STATIC: [G6NKK-8C6DV] end_config: VTY:0xa0f9aa0, pending SET-CFG: 0
[400899|staticd] done
BFD: [VTVCM-Y2NW3] Configuration Read in Took: 00:00:00
[400900|bfdd] done
BFD: [G6NKK-8C6DV] end_config: VTY:0x37c70ea0, pending SET-CFG: 0
BGP: [VTVCM-Y2NW3] Configuration Read in Took: 00:00:00
BGP: [G6NKK-8C6DV] end_config: VTY:0x1f155b60, pending SET-CFG: 0
[400890|bgpd] done
[400904|watchfrr] done
2026-08-24 17:35:02,147  INFO: Loading Config object from vtysh show running
2026-08-24 17:35:02,154 DEBUG: LINE frr version 10.6.1                                : single-line context
2026-08-24 17:35:02,154 DEBUG: LINE frr defaults traditional                          : single-line context
2026-08-24 17:35:02,154 DEBUG: LINE hostname apanatto-thinkpadt14gen5.rmtit.csb       : single-line context
2026-08-24 17:35:02,154 DEBUG: LINE debug zebra dplane dpdk                           : single-line context
2026-08-24 17:35:02,154 DEBUG: LINE vrf main                                          : enter context vrf main                                          
2026-08-24 17:35:02,154 DEBUG: LINE exit-vrf                                          : exit context vrf main                                          
2026-08-24 17:35:02,154 DEBUG: LINE router bgp 64512                                  : enter context router bgp 64512                                  
2026-08-24 17:35:02,154 DEBUG: LINE bgp router-id 172.16.0.1                          : add to current context router bgp 64512                                  
2026-08-24 17:35:02,154 DEBUG: LINE neighbor 172.16.0.2 remote-as 64512               : add to current context router bgp 64512                                  
2026-08-24 17:35:02,154 DEBUG: LINE address-family ipv4 unicast                       : enter context router bgp 64512 address-family ipv4 unicast      
2026-08-24 17:35:02,154 DEBUG: LINE network 172.16.0.0/24                             : add to current context router bgp 64512 address-family ipv4 unicast      
2026-08-24 17:35:02,154 DEBUG: LINE exit-address-family                               : exit context router bgp 64512 address-family ipv4 unicast      
2026-08-24 17:35:02,154 DEBUG: LINE exit                                              : exit context router bgp 64512                                  
2026-08-24 17:35:02,154 DEBUG: Running Frr Config (Pass #1)
frr version 10.6.1
frr defaults traditional
hostname apanatto-thinkpadt14gen5.rmtit.csb
!
debug zebra dplane dpdk
!
vrf main
exit-vrf
end
!
router bgp 64512
bgp router-id 172.16.0.1
neighbor 172.16.0.2 remote-as 64512
!
address-family ipv4 unicast
network 172.16.0.0/24
exit-address-family
exit
!
end
2026-08-24 17:35:02,155  INFO: "frr version 10.6.1" cannot be removed
2026-08-24 17:35:02,155  INFO: "frr defaults traditional" cannot be removed
2026-08-24 17:35:02,155  INFO: build//frr_install/var/run/frr/reload-N9QXPI.txt content
['hostname grout\n',
 'hostname grout\n',
 'router bgp 64512\nexit\n',
 'router bgp 64512\n bgp router-id 172.16.0.1\nexit\n',
 'router bgp 64512\n neighbor 172.16.0.2 remote-as 64512\nexit\n',
 'router bgp 64512\n address-family ipv4 unicast\n exit\nexit\n',
 'router bgp 64512\n'
 ' address-family ipv4 unicast\n'
 '  network 172.16.0.0/24 \n'
 ' exit\n'
 'exit\n']
[400908|mgmtd] sending configuration
[400909|zebra] sending configuration
[400912|ospfd] sending configuration
[400913|ospf6d] sending configuration
[400915|bgpd] sending configuration
[400916|isisd] sending configuration
[400909|zebra] done
MGMTD: [VTVCM-Y2NW3] Configuration Read in Took: 00:00:00
MGMTD: [G6NKK-8C6DV] end_config: VTY:0x35dd78c0, pending SET-CFG: 0
ZEBRA: [VTVCM-Y2NW3] Configuration Read in Took: 00:00:00
ZEBRA: [G6NKK-8C6DV] end_config: VTY:0x1ead2840, pending SET-CFG: 0
OSPF: [VTVCM-Y2NW3] Configuration Read in Took: 00:00:00
OSPF: [G6NKK-8C6DV] end_config: VTY:0x26031e00, pending SET-CFG: 0
[400912|ospfd] done
OSPF6: [VTVCM-Y2NW3] Configuration Read in Took: 00:00:00
OSPF6: [G6NKK-8C6DV] end_config: VTY:0x2ab395c0, pending SET-CFG: 0
[400913|ospf6d] done
[400908|mgmtd] done
[400924|staticd] sending configuration
[400925|bfdd] sending configuration
ISIS: [VTVCM-Y2NW3] Configuration Read in Took: 00:00:00
ISIS: [G6NKK-8C6DV] end_config: VTY:0xff70dc0, pending SET-CFG: 0
[400916|isisd] done
Waiting for children to finish applying config...
[400929|watchfrr] sending configuration
STATIC: [VTVCM-Y2NW3] Configuration Read in Took: 00:00:00
STATIC: [G6NKK-8C6DV] end_config: VTY:0xa0f9aa0, pending SET-CFG: 0
BGP: [VTVCM-Y2NW3] Configuration Read in Took: 00:00:00
[400915|bgpd] done
BGP: [G6NKK-8C6DV] end_config: VTY:0x1f155b60, pending SET-CFG: 0
[400924|staticd] done
BFD: [VTVCM-Y2NW3] Configuration Read in Took: 00:00:00
BFD: [G6NKK-8C6DV] end_config: VTY:0x37c70ea0, pending SET-CFG: 0
[400925|bfdd] done
[400929|watchfrr] done
+ grcli interface add port p0 devargs net_tap0,remote=veth0
DEBUG: API: accept_conn_cb: new connection fd=26 pid=400932
DEBUG: API: read_cb: pid=400932 id=1 req_type=0xcafe1981 (GR_HELLO) req_len=132 status=0 (Success) resp_len=2
ERR: TAP: tap_nl_dump_ext_ack(): Cannot delete qdisc with handle of zero
DEBUG: MEMPOOL: gr_pktmbuf_pool_get: allocate mempool mbuf_0:0 reserved 511 (size 2047, mbuf_size 2048)
INFO: WORKER: port_plug: port 0 plugged
DEBUG: GRAPH: worker_graph_new: [CPU 6] <- port=0 rxq=0 burst_size=64
DEBUG: GRAPH: worker_graph_new: [CPU 6] -> port 0 txq 0
DEBUG: IFACE: iface_event: iface event [0xacdc1008] MAC_CHANGE triggered for iface p0.
DEBUG: MEMPOOL: gr_pktmbuf_pool_get: reuse mempool mbuf_-1:0 reserved 256 -> 512 (size 2047, mbuf_size 2048)
DEBUG: IFACE: iface_event: iface event [0xacdc1001] ADD triggered for iface p0.
DEBUG: IFACE: iface_event: iface event [0xacdc1002] POST_ADD triggered for iface p0.
INFO: ADDRESS: mcast6_addr_add: p0: joining multicast group ff02::1:ff46:d72c
INFO: ADDRESS: mcast6_addr_add: p0: joining multicast group ff01::1
INFO: ADDRESS: mcast6_addr_add: p0: joining multicast group ff02::1
INFO: ADDRESS: mcast6_addr_add: p0: joining multicast group ff01::2
INFO: ADDRESS: mcast6_addr_add: p0: joining multicast group ff02::2
INFO: ADDRESS: mcast6_addr_add: p0: joining multicast group ff05::2
INFO: ADDRESS: mcast6_addr_add: p0: joining multicast group ff02::5
INFO: ADDRESS: mcast6_addr_add: p0: joining multicast group ff02::6
INFO: ADDRESS: mcast6_addr_add: p0: joining multicast group ff02::8
INFO: ADDRESS: mcast6_addr_add: p0: joining multicast group ff02::16
DEBUG: API: read_cb: pid=400932 id=2 req_type=0xacdc0001 (GR_IFACE_ADD) req_len=466 status=0 (Success) resp_len=2
Created interface 2
> iface mac change: p0 type=port id=2 mtu=0
> iface add: p0 type=port id=2 mtu=0
> route6 add: vrf=main fe80::f82a:ffff:fe46:d72c/64 origin=link via type=L3 iface=p0 vrf=main origin=INTERNAL family=ipv6 addr=fe80::f82a:ffff:fe46:d72c/64 state=reachable mac=fa:2a:ff:46:d7:2c f
> addr6 add: iface=p0 fe80::f82a:ffff:fe46:d72c/64
> iface post add: p0 type=port id=2 mtu=0
DEBUG: API: disconnect_client: client pid=400932 disconnected
ZEBRA: GROUT: zebra_read_notifications: GR_EVENT_IP6_ROUTE_ADD
ZEBRA: GROUT: grout_route6_change: add fe80::f82a:ffff:fe46:d72c/64 origin link nh_id 0 route_vrf 1 nh_vrf 1
ZEBRA: GROUT: grout_route_change: link route, skip
ZEBRA: GROUT: dplane_read_notifications: GR_EVENT_IFACE_MAC_CHANGE
ZEBRA: GROUT: grout_link_change: add iface p0
ZEBRA: GROUT: dplane_read_notifications: GR_EVENT_IFACE_ADD
ZEBRA: GROUT: grout_link_change: add iface p0
ZEBRA: GROUT: dplane_read_notifications: GR_EVENT_IP6_ADDR_ADD
ZEBRA: GROUT: grout_interface_addr6_change: add fe80::f82a:ffff:fe46:d72c/64 iface 2
+ grcli address add 172.16.0.1/24 iface p0
NOTICE: TRACE: [rx p0] fa:2a:ff:46:d7:2c > 33:33:00:00:00:16 / IPv6 :: > ff02::16 ttl=1 proto=HOPOPT(0) / ICMPv6 type=143 code=0, (pkt_len=90)
NOTICE: TRACE: [drop icmp6_input_unsupported] 1 packets
DEBUG: API: accept_conn_cb: new connection fd=26 pid=400933
DEBUG: API: read_cb: pid=400933 id=1 req_type=0xcafe1981 (GR_HELLO) req_len=132 status=0 (Success) resp_len=2
DEBUG: API: api_send: pid=400933 for_id=2 len=316
DEBUG: API: api_send: pid=400933 for_id=2 len=466
DEBUG: API: read_cb: pid=400933 id=2 req_type=0xacdc0004 (GR_IFACE_LIST) req_len=1 status=0 (Success) resp_len=0
DEBUG: API: read_cb: pid=400933 id=3 req_type=0xacdc0003 (GR_IFACE_GET) req_len=18 status=0 (Success) resp_len=466
DEBUG: API: read_cb: pid=400933 id=4 req_type=0xf00d0005 (GR_IP4_ADDR_ADD) req_len=16 status=0 (Success) resp_len=0
DEBUG: API: disconnect_client: client pid=400933 disconnected
> route4 add: vrf=main 172.16.0.1/24 origin=link via type=L3 iface=p0 vrf=main origin=INTERNAL family=ipv4 addr=172.16.0.1/24 state=reachable mac=fa:2a:ff:46:d7:2c flags=local link
> addr4 add: iface=p0 172.16.0.1/24
ZEBRA: GROUT: zebra_read_notifications: GR_EVENT_IP_ROUTE_ADD
ZEBRA: GROUT: grout_route4_change: add 172.16.0.1/24 origin link nh_id 0 route_vrf 1 nh_vrf 1
ZEBRA: GROUT: grout_route_change: link route, skip
ZEBRA: GROUT: dplane_read_notifications: GR_EVENT_IP_ADDR_ADD
ZEBRA: GROUT: grout_interface_addr4_change: add 172.16.0.1/24 iface 2
+ sleep 3
NOTICE: TRACE: [rx p0] fa:2a:ff:46:d7:2c > 33:33:00:00:00:16 / IPv6 :: > ff02::16 ttl=1 proto=HOPOPT(0) / ICMPv6 type=143 code=0, (pkt_len=90)
NOTICE: TRACE: [rx p0] fa:2a:ff:46:d7:2c > 33:33:ff:46:d7:2c / IPv6 :: > ff02::1:ff46:d72c ttl=255 proto=ICMPv6(58) / ICMPv6 neigh solicit who has fe80::f82a:ffff:fe46:d72c? / Option type=14 len=8(1), (pkt_len=86)
NOTICE: TRACE: [drop icmp6_input_unsupported] 1 packets
NOTICE: TRACE: [drop ndp_ns_input_drop] 1 packets
INFO: PORT: link_event_cb: p0: link status up
DEBUG: IFACE: iface_event: iface event [0xacdc1006] STATUS_UP triggered for iface p0.
NOTICE: TRACE: [drop icmp6_output_no_route] 1 packets
DEBUG: MEMPOOL: pending_free_cb: deferred free mempool mbuf_0:1 after 441 ms
NOTICE: TRACE: [tx p0] fa:2a:ff:46:d7:2c > ff:ff:ff:ff:ff:ff / ARP announce 172.16.0.1 is at fa:2a:ff:46:d7:2c, (pkt_len=42)
> iface up: p0 type=port id=2 mtu=1500
ZEBRA: GROUT: dplane_read_notifications: GR_EVENT_IFACE_STATUS_UP
ZEBRA: GROUT: grout_link_change: add iface p0
ZEBRA: GROUT: grout_add_del_route: add fe80::/64 origin link nh_id 111 vrf 1
ZEBRA: GROUT: grout_add_del_route: non-frr origin, skip
ZEBRA: GROUT: grout_add_del_route: add fe80::/64 origin link nh_id 111 vrf 1
ZEBRA: GROUT: grout_add_del_route: non-frr origin, skip
ZEBRA: GROUT: grout_add_del_route: add 172.16.0.0/24 origin link nh_id 112 vrf 1
ZEBRA: GROUT: grout_add_del_route: non-frr origin, skip
ZEBRA: GROUT: grout_add_del_route: add 172.16.0.0/24 origin link nh_id 112 vrf 1
ZEBRA: GROUT: grout_add_del_route: non-frr origin, skip
ZEBRA: GROUT: grout_add_del_route: add 172.16.0.1/32 origin link nh_id 112 vrf 1
ZEBRA: GROUT: grout_add_del_route: non-frr origin, skip
ZEBRA: GROUT: grout_add_del_route: add 172.16.0.1/32 origin link nh_id 112 vrf 1
ZEBRA: GROUT: grout_add_del_route: non-frr origin, skip
NOTICE: TRACE: [rx p0] fe:78:40:7f:f0:3f > fa:2a:ff:46:d7:2c / IP 172.16.0.2 > 172.16.0.1 ttl=255 proto=TCP(6) / TCP 59434 > 179 flags=S, (pkt_len=74)
NOTICE: TRACE: [cp tx p0] fa:2a:ff:46:d7:2c > fa:2a:ff:46:d7:2c / IP 172.16.0.2 > 172.16.0.1 ttl=255 proto=TCP(6) / TCP 59434 > 179 flags=S, (pkt_len=74)
NOTICE: TRACE: [tx p0] fa:2a:ff:46:d7:2c > ff:ff:ff:ff:ff:ff / ARP request who has 172.16.0.2? tell 172.16.0.1, (pkt_len=42)
NOTICE: TRACE: [rx p0] fe:78:40:7f:f0:3f > fa:2a:ff:46:d7:2c / ARP reply 172.16.0.2 is at fe:78:40:7f:f0:3f, (pkt_len=42)
NOTICE: TRACE: [tx p0] fa:2a:ff:46:d7:2c > fe:78:40:7f:f0:3f / IP 172.16.0.1 > 172.16.0.2 ttl=255 proto=TCP(6) / TCP 179 > 59434 flags=SA, (pkt_len=74)
> nh new: type=L3 iface=p0 vrf=main origin=learn family=ipv4 addr=172.16.0.2 state=new flags=neigh
> nh update: type=L3 iface=p0 vrf=main origin=learn family=ipv4 addr=172.16.0.2 state=reachable mac=fe:78:40:7f:f0:3f flags=neigh
NOTICE: TRACE: [rx p0] fe:78:40:7f:f0:3f > fa:2a:ff:46:d7:2c / IP 172.16.0.2 > 172.16.0.1 ttl=255 proto=TCP(6) / TCP 59434 > 179 flags=A, (pkt_len=66)
NOTICE: TRACE: [cp tx p0] fa:2a:ff:46:d7:2c > fa:2a:ff:46:d7:2c / IP 172.16.0.2 > 172.16.0.1 ttl=255 proto=TCP(6) / TCP 59434 > 179 flags=A, (pkt_len=66)
ZEBRA: GROUT: zebra_read_notifications: GR_EVENT_NEXTHOP_NEW
ZEBRA: GROUT: grout_nexthop_change: add nh_id 0 origin learn
NOTICE: TRACE: [tx p0] fa:2a:ff:46:d7:2c > fe:78:40:7f:f0:3f / IP 172.16.0.1 > 172.16.0.2 ttl=255 proto=TCP(6) / TCP 179 > 59434 flags=FA, (pkt_len=66)
ZEBRA: GROUT: grout_nexthop_change: dynamic neighbor learn, skip
ZEBRA: GROUT: zebra_read_notifications: GR_EVENT_NEXTHOP_UPDATE
NOTICE: TRACE: [rx p0] fe:78:40:7f:f0:3f > fa:2a:ff:46:d7:2c / IP 172.16.0.2 > 172.16.0.1 ttl=255 proto=TCP(6) / TCP 59434 > 179 flags=PA, (pkt_len=197)
ZEBRA: GROUT: grout_nexthop_change: add nh_id 0 origin learn
NOTICE: TRACE: [cp tx p0] fa:2a:ff:46:d7:2c > fa:2a:ff:46:d7:2c / IP 172.16.0.2 > 172.16.0.1 ttl=255 proto=TCP(6) / TCP 59434 > 179 flags=PA, (pkt_len=197)
ZEBRA: GROUT: grout_neigh_notify: add neigh iface=2 172.16.0.2 fe:78:40:7f:f0:3f
NOTICE: TRACE: [rx p0] fe:78:40:7f:f0:3f > fa:2a:ff:46:d7:2c / IP 172.16.0.2 > 172.16.0.1 ttl=255 proto=TCP(6) / TCP 59434 > 179 flags=FA, (pkt_len=66)
NOTICE: TRACE: [tx p0] fa:2a:ff:46:d7:2c > fe:78:40:7f:f0:3f / IP 172.16.0.1 > 172.16.0.2 ttl=64 proto=TCP(6) / TCP 179 > 59434 flags=R, (pkt_len=54)
NOTICE: TRACE: [cp tx p0] fa:2a:ff:46:d7:2c > fa:2a:ff:46:d7:2c / IP 172.16.0.2 > 172.16.0.1 ttl=255 proto=TCP(6) / TCP 59434 > 179 flags=FA, (pkt_len=66)
NOTICE: TRACE: [tx p0] fa:2a:ff:46:d7:2c > fe:78:40:7f:f0:3f / IP 172.16.0.1 > 172.16.0.2 ttl=64 proto=TCP(6) / TCP 179 > 59434 flags=R, (pkt_len=54)
ZEBRA: GROUT: grout_nexthop_change: dynamic neighbor learn, skip
NOTICE: TRACE: [tx p0] fa:2a:ff:46:d7:2c > fe:78:40:7f:f0:3f / IP 172.16.0.1 > 172.16.0.2 ttl=255 proto=TCP(6) / TCP 42420 > 179 flags=S, (pkt_len=74)
NOTICE: TRACE: [rx p0] fe:78:40:7f:f0:3f > fa:2a:ff:46:d7:2c / IP 172.16.0.2 > 172.16.0.1 ttl=255 proto=TCP(6) / TCP 179 > 42420 flags=SA, (pkt_len=74)
NOTICE: TRACE: [cp tx p0] fa:2a:ff:46:d7:2c > fa:2a:ff:46:d7:2c / IP 172.16.0.2 > 172.16.0.1 ttl=255 proto=TCP(6) / TCP 179 > 42420 flags=SA, (pkt_len=74)
NOTICE: TRACE: [tx p0] fa:2a:ff:46:d7:2c > fe:78:40:7f:f0:3f / IP 172.16.0.1 > 172.16.0.2 ttl=255 proto=TCP(6) / TCP 42420 > 179 flags=A, (pkt_len=66)
NOTICE: TRACE: [tx p0] fa:2a:ff:46:d7:2c > fe:78:40:7f:f0:3f / IP 172.16.0.1 > 172.16.0.2 ttl=255 proto=TCP(6) / TCP 42420 > 179 flags=PA, (pkt_len=197)
NOTICE: TRACE: [rx p0] fe:78:40:7f:f0:3f > fa:2a:ff:46:d7:2c / IP 172.16.0.2 > 172.16.0.1 ttl=255 proto=TCP(6) / TCP 179 > 42420 flags=A, (pkt_len=66)
NOTICE: TRACE: [rx p0] fe:78:40:7f:f0:3f > fa:2a:ff:46:d7:2c / IP 172.16.0.2 > 172.16.0.1 ttl=255 proto=TCP(6) / TCP 179 > 42420 flags=PA, (pkt_len=197)
NOTICE: TRACE: [cp tx p0] fa:2a:ff:46:d7:2c > fa:2a:ff:46:d7:2c / IP 172.16.0.2 > 172.16.0.1 ttl=255 proto=TCP(6) / TCP 179 > 42420 flags=A, (pkt_len=66)
NOTICE: TRACE: [cp tx p0] fa:2a:ff:46:d7:2c > fa:2a:ff:46:d7:2c / IP 172.16.0.2 > 172.16.0.1 ttl=255 proto=TCP(6) / TCP 179 > 42420 flags=PA, (pkt_len=197)
NOTICE: TRACE: [tx p0] fa:2a:ff:46:d7:2c > fe:78:40:7f:f0:3f / IP 172.16.0.1 > 172.16.0.2 ttl=255 proto=TCP(6) / TCP 42420 > 179 flags=A, (pkt_len=66)
NOTICE: TRACE: [tx p0] fa:2a:ff:46:d7:2c > fe:78:40:7f:f0:3f / IP 172.16.0.1 > 172.16.0.2 ttl=255 proto=TCP(6) / TCP 42420 > 179 flags=PA, (pkt_len=85)
NOTICE: TRACE: [rx p0] fe:78:40:7f:f0:3f > fa:2a:ff:46:d7:2c / IP 172.16.0.2 > 172.16.0.1 ttl=255 proto=TCP(6) / TCP 179 > 42420 flags=PA, (pkt_len=85)
NOTICE: TRACE: [cp tx p0] fa:2a:ff:46:d7:2c > fa:2a:ff:46:d7:2c / IP 172.16.0.2 > 172.16.0.1 ttl=255 proto=TCP(6) / TCP 179 > 42420 flags=PA, (pkt_len=85)
NOTICE: TRACE: [tx p0] fa:2a:ff:46:d7:2c > fe:78:40:7f:f0:3f / IP 172.16.0.1 > 172.16.0.2 ttl=255 proto=TCP(6) / TCP 42420 > 179 flags=A, (pkt_len=66)
NOTICE: TRACE: [rx p0] fa:2a:ff:46:d7:2c > 33:33:00:00:00:16 / IPv6 fe80::f82a:ffff:fe46:d72c > ff02::16 ttl=1 proto=HOPOPT(0) / ICMPv6 type=143 code=0, (pkt_len=90)
NOTICE: TRACE: [rx p0] fa:2a:ff:46:d7:2c > 33:33:00:00:00:02 / IPv6 fe80::f82a:ffff:fe46:d72c > ff02::2 ttl=255 proto=ICMPv6(58) / ICMPv6 router solicit / Option src_lladdr=fa:2a:ff:46:d7:2c, (pkt_len=70)
NOTICE: TRACE: [drop icmp6_input_unsupported] 1 packets
NOTICE: TRACE: [tx p0] fa:2a:ff:46:d7:2c > 33:33:00:00:00:01 / IPv6 fe80::f82a:ffff:fe46:d72c > ff02::1 ttl=255 proto=ICMPv6(58) / ICMPv6 router advert / Option src_lladdr=fa:2a:ff:46:d7:2c, (pkt_len=78)
NOTICE: TRACE: [rx p0] fa:2a:ff:46:d7:2c > 33:33:00:00:00:16 / IPv6 fe80::f82a:ffff:fe46:d72c > ff02::16 ttl=1 proto=HOPOPT(0) / ICMPv6 type=143 code=0, (pkt_len=90)
NOTICE: TRACE: [drop icmp6_input_unsupported] 1 packets
NOTICE: TRACE: [tx p0] fa:2a:ff:46:d7:2c > fe:78:40:7f:f0:3f / IP 172.16.0.1 > 172.16.0.2 ttl=255 proto=TCP(6) / TCP 42420 > 179 flags=PA, (pkt_len=145)
[bgp-peer] BGP: [M59KS-A3ZXZ] bgp_update_receive_eor: rcvd End-of-RIB for IPv4 Unicast from 172.16.0.1 in vrf default
NOTICE: TRACE: [rx p0] fe:78:40:7f:f0:3f > fa:2a:ff:46:d7:2c / IP 172.16.0.2 > 172.16.0.1 ttl=255 proto=TCP(6) / TCP 179 > 42420 flags=A, (pkt_len=66)
NOTICE: TRACE: [cp tx p0] fa:2a:ff:46:d7:2c > fa:2a:ff:46:d7:2c / IP 172.16.0.2 > 172.16.0.1 ttl=255 proto=TCP(6) / TCP 179 > 42420 flags=A, (pkt_len=66)
NOTICE: TRACE: [rx p0] fe:78:40:7f:f0:3f > fa:2a:ff:46:d7:2c / IP 172.16.0.2 > 172.16.0.1 ttl=255 proto=TCP(6) / TCP 179 > 42420 flags=PA, (pkt_len=149)
NOTICE: TRACE: [cp tx p0] fa:2a:ff:46:d7:2c > fa:2a:ff:46:d7:2c / IP 172.16.0.2 > 172.16.0.1 ttl=255 proto=TCP(6) / TCP 179 > 42420 flags=PA, (pkt_len=149)
NOTICE: TRACE: [tx p0] fa:2a:ff:46:d7:2c > fe:78:40:7f:f0:3f / IP 172.16.0.1 > 172.16.0.2 ttl=255 proto=TCP(6) / TCP 42420 > 179 flags=A, (pkt_len=66)
BGP: [M59KS-A3ZXZ] bgp_update_receive_eor: rcvd End-of-RIB for IPv4 Unicast from 172.16.0.2 in vrf default
DEBUG: API: read_cb: pid=397682 id=87 req_type=0xacdc2003 (GR_NH_ADD) req_len=44 status=0 (Success) resp_len=0
> nh update: type=L3 id=114 iface=p0 vrf=main origin=zebra family=ipv4 addr=172.16.0.2 state=reachable mac=fe:78:40:7f:f0:3f
DEBUG: API: read_cb: pid=397682 id=88 req_type=0xf00d0001 (GR_IP4_ROUTE_ADD) req_len=24 status=0 (Success) resp_len=0
> route4 add: vrf=main 16.0.0.0/24 origin=bgp via type=L3 id=114 iface=p0 vrf=main origin=zebra family=ipv4 addr=172.16.0.2 state=reachable mac=fe:78:40:7f:f0:3f
ZEBRA: GROUT: grout_add_del_nexthop: add nh_id 114 origin zebra
ZEBRA: GROUT: grout_add_nexthop: nh_id 114 type L3
ZEBRA: GROUT: grout_client_send_recv: GR_NH_ADD: success
ZEBRA: GROUT: grout_add_del_route: add 16.0.0.0/24 origin bgp nh_id 114 vrf 1
ZEBRA: GROUT: grout_client_send_recv: GR_IP4_ROUTE_ADD: success
+ wait_bgp_established 30
+ local timeout=30
+ local elapsed=0
+ '[' 0 -lt 30 ']'
+ vtysh -c 'show bgp summary json'
+ jq -e '.ipv4Unicast.peers."172.16.0.2".state == "Established"'
+ return 0
+ teardown_bgp
+ python3 /home/apanatto/dev/github.com/DPDK/grout/subprojects/frr-frr-10.6.1/tools/frr-reload.py --confdir build//frr_install/etc/frr --bindir build//frr_install/bin --rundir build//frr_install/var/run/frr --reload --debug --stdout /tmp/tmp.kCeOhDfbvG/base.conf
2026-08-24 17:35:05,284  INFO: Called via "Namespace(input=None, reload=True, test=False, debug=True, log_level='info', stdout=True, pathspace=None, filename='/tmp/tmp.kCeOhDfbvG/base.conf', overwrite=False, bindir='build//frr_install/bin', confdir='build//frr_install/etc/frr', rundir='build//frr_install/var/run/frr', vty_socket=None, daemon='', test_reset=False, logfmt=False, logfile='/var/log/frr/frr-reload.log')"
2026-08-24 17:35:05,284  INFO: Loading Config object from file /tmp/tmp.kCeOhDfbvG/base.conf
2026-08-24 17:35:05,290 DEBUG: LINE hostname grout                                    : single-line context
2026-08-24 17:35:05,291 DEBUG: LINE debug zebra dplane dpdk                           : single-line context
2026-08-24 17:35:05,299 DEBUG: New Frr Config
hostname grout
debug zebra dplane dpdk

end

2026-08-24 17:35:05,299  INFO: Loading Config object from vtysh show running
2026-08-24 17:35:05,307 DEBUG: LINE frr version 10.6.1                                : single-line context
2026-08-24 17:35:05,307 DEBUG: LINE frr defaults traditional                          : single-line context
2026-08-24 17:35:05,307 DEBUG: LINE hostname apanatto-thinkpadt14gen5.rmtit.csb       : single-line context
2026-08-24 17:35:05,307 DEBUG: LINE debug zebra dplane dpdk                           : single-line context
2026-08-24 17:35:05,307 DEBUG: LINE vrf main                                          : enter context vrf main                                          
2026-08-24 17:35:05,307 DEBUG: LINE exit-vrf                                          : exit context vrf main                                          
2026-08-24 17:35:05,307 DEBUG: LINE router bgp 64512                                  : enter context router bgp 64512                                  
2026-08-24 17:35:05,307 DEBUG: LINE bgp router-id 172.16.0.1                          : add to current context router bgp 64512                                  
2026-08-24 17:35:05,307 DEBUG: LINE neighbor 172.16.0.2 remote-as 64512               : add to current context router bgp 64512                                  
2026-08-24 17:35:05,307 DEBUG: LINE address-family ipv4 unicast                       : enter context router bgp 64512 address-family ipv4 unicast      
2026-08-24 17:35:05,307 DEBUG: LINE network 172.16.0.0/24                             : add to current context router bgp 64512 address-family ipv4 unicast      
2026-08-24 17:35:05,307 DEBUG: LINE exit-address-family                               : exit context router bgp 64512 address-family ipv4 unicast      
2026-08-24 17:35:05,307 DEBUG: LINE exit                                              : exit context router bgp 64512                                  
2026-08-24 17:35:05,307 DEBUG: Running Frr Config (Pass #0)
frr version 10.6.1
frr defaults traditional
hostname apanatto-thinkpadt14gen5.rmtit.csb
!
debug zebra dplane dpdk
!
vrf main
exit-vrf
end
!
router bgp 64512
bgp router-id 172.16.0.1
neighbor 172.16.0.2 remote-as 64512
!
address-family ipv4 unicast
network 172.16.0.0/24
exit-address-family
exit
!
end
2026-08-24 17:35:05,308  INFO: "frr version 10.6.1" cannot be removed
2026-08-24 17:35:05,308  INFO: "frr defaults traditional" cannot be removed
2026-08-24 17:35:05,314  INFO: Executed "no hostname apanatto-thinkpadt14gen5.rmtit.csb"
ZEBRA: [WMBNH-V6XN6] Unable to find specified Interface for default
ZEBRA: [WMBNH-V6XN6] Unable to find specified Interface for default
NOTICE: TRACE: [tx p0] fa:2a:ff:46:d7:2c > fe:78:40:7f:f0:3f / IP 172.16.0.1 > 172.16.0.2 ttl=255 proto=TCP(6) / TCP 42420 > 179 flags=FA, (pkt_len=66)
NOTICE: TRACE: [rx p0] fe:78:40:7f:f0:3f > fa:2a:ff:46:d7:2c / IP 172.16.0.2 > 172.16.0.1 ttl=255 proto=TCP(6) / TCP 179 > 42420 flags=FA, (pkt_len=66)
NOTICE: TRACE: [cp tx p0] fa:2a:ff:46:d7:2c > fa:2a:ff:46:d7:2c / IP 172.16.0.2 > 172.16.0.1 ttl=255 proto=TCP(6) / TCP 179 > 42420 flags=FA, (pkt_len=66)
NOTICE: TRACE: [tx p0] fa:2a:ff:46:d7:2c > fe:78:40:7f:f0:3f / IP 172.16.0.1 > 172.16.0.2 ttl=255 proto=TCP(6) / TCP 42420 > 179 flags=A, (pkt_len=66)
2026-08-24 17:35:05,320  INFO: Executed "no router bgp 64512"
2026-08-24 17:35:05,321  INFO: build//frr_install/var/run/frr/reload-WSZ00U.txt content
['hostname grout\n']
[400957|zebra] sending configuration
[400956|mgmtd] sending configuration
[400961|ospf6d] sending configuration
[400957|zebra] done
[400956|mgmtd] done
[400964|isisd] sending configuration
ZEBRA: [VTVCM-Y2NW3] Configuration Read in Took: 00:00:00
ZEBRA: [G6NKK-8C6DV] end_config: VTY:0x1ead2840, pending SET-CFG: 0
MGMTD: [VTVCM-Y2NW3] Configuration Read in Took: 00:00:00
MGMTD: [G6NKK-8C6DV] end_config: VTY:0x35dd78c0, pending SET-CFG: 0
OSPF6: [VTVCM-Y2NW3] Configuration Read in Took: 00:00:00
OSPF6: [G6NKK-8C6DV] end_config: VTY:0x2ab395a0, pending SET-CFG: 0
[400961|ospf6d] done
[400960|ospfd] sending configuration
ISIS: [VTVCM-Y2NW3] Configuration Read in Took: 00:00:00
ISIS: [G6NKK-8C6DV] end_config: VTY:0xff70de0, pending SET-CFG: 0
[400963|bgpd] sending configuration
[400964|isisd] done
OSPF: [VTVCM-Y2NW3] Configuration Read in Took: 00:00:00
OSPF: [G6NKK-8C6DV] end_config: VTY:0x26031e00, pending SET-CFG: 0
BGP: [VTVCM-Y2NW3] Configuration Read in Took: 00:00:00
BGP: [G6NKK-8C6DV] end_config: VTY:0x1f155b60, pending SET-CFG: 0
[400960|ospfd] done
[400973|bfdd] sending configuration
[400972|staticd] sending configuration
Waiting for children to finish applying config...
[400977|watchfrr] sending configuration
[400963|bgpd] done
BFD: [VTVCM-Y2NW3] Configuration Read in Took: 00:00:00
BFD: [G6NKK-8C6DV] end_config: VTY:0x37c70ec0, pending SET-CFG: 0
[400973|bfdd] done
[400977|watchfrr] done
STATIC: [VTVCM-Y2NW3] Configuration Read in Took: 00:00:00
STATIC: [G6NKK-8C6DV] end_config: VTY:0xa0f9aa0, pending SET-CFG: 0
[400972|staticd] done
DEBUG: ROUTE: rib4_delete: VRF 1: 16.0.0.0/24
DEBUG: API: read_cb: pid=397682 id=89 req_type=0xf00d0002 (GR_IP4_ROUTE_DEL) req_len=16 status=0 (Success) resp_len=0
ZEBRA: GROUT: grout_add_del_route: del 16.0.0.0/24 origin bgp nh_id 114 vrf 1
ZEBRA: GROUT: grout_client_send_recv: GR_IP4_ROUTE_DEL: success
2026-08-24 17:35:05,332  INFO: Loading Config object from vtysh show running
> route4 del: vrf=main 16.0.0.0/24 origin=bgp via type=L3 id=114 iface=p0 vrf=main origin=zebra family=ipv4 addr=172.16.0.2 state=reachable mac=fe:78:40:7f:f0:3f
2026-08-24 17:35:05,341 DEBUG: LINE frr version 10.6.1                                : single-line context
2026-08-24 17:35:05,341 DEBUG: LINE frr defaults traditional                          : single-line context
2026-08-24 17:35:05,341 DEBUG: LINE hostname apanatto-thinkpadt14gen5.rmtit.csb       : single-line context
2026-08-24 17:35:05,341 DEBUG: LINE debug zebra dplane dpdk                           : single-line context
2026-08-24 17:35:05,341 DEBUG: LINE vrf main                                          : enter context vrf main                                          
2026-08-24 17:35:05,341 DEBUG: LINE exit-vrf                                          : exit context vrf main                                          
2026-08-24 17:35:05,341 DEBUG: Running Frr Config (Pass #1)
frr version 10.6.1
frr defaults traditional
hostname apanatto-thinkpadt14gen5.rmtit.csb
!
debug zebra dplane dpdk
!
vrf main
exit-vrf
end
!
end
2026-08-24 17:35:05,341  INFO: "frr version 10.6.1" cannot be removed
2026-08-24 17:35:05,341  INFO: "frr defaults traditional" cannot be removed
2026-08-24 17:35:05,341  INFO: build//frr_install/var/run/frr/reload-DHLMTR.txt content
['hostname grout\n', 'hostname grout\n']
[400981|mgmtd] sending configuration
[400982|zebra] sending configuration
[400985|ospfd] sending configuration
[400986|ospf6d] sending configuration
MGMTD: [VTVCM-Y2NW3] Configuration Read in Took: 00:00:00
[400981|mgmtd] done
MGMTD: [G6NKK-8C6DV] end_config: VTY:0x35dd78c0, pending SET-CFG: 0
ZEBRA: [VTVCM-Y2NW3] Configuration Read in Took: 00:00:00
ZEBRA: [G6NKK-8C6DV] end_config: VTY:0x1ead2840, pending SET-CFG: 0
[400988|bgpd] sending configuration
[400989|isisd] sending configuration
OSPF6: [VTVCM-Y2NW3] Configuration Read in Took: 00:00:00
OSPF6: [G6NKK-8C6DV] end_config: VTY:0x2ab395a0, pending SET-CFG: 0
OSPF: [VTVCM-Y2NW3] Configuration Read in Took: 00:00:00
OSPF: [G6NKK-8C6DV] end_config: VTY:0x26031e00, pending SET-CFG: 0
[400986|ospf6d] done
[400985|ospfd] done
[400982|zebra] done
ISIS: [VTVCM-Y2NW3] Configuration Read in Took: 00:00:00
[400989|isisd] done
ISIS: [G6NKK-8C6DV] end_config: VTY:0xff70de0, pending SET-CFG: 0
BGP: [VTVCM-Y2NW3] Configuration Read in Took: 00:00:00
BGP: [G6NKK-8C6DV] end_config: VTY:0x1f155b60, pending SET-CFG: 0
[400988|bgpd] done
[400997|staticd] sending configuration
[400998|bfdd] sending configuration
STATIC: [VTVCM-Y2NW3] Configuration Read in Took: 00:00:00
Waiting for children to finish applying config...
STATIC: [G6NKK-8C6DV] end_config: VTY:0xa0f9aa0, pending SET-CFG: 0
[401002|watchfrr] sending configuration
[400997|staticd] done
BFD: [VTVCM-Y2NW3] Configuration Read in Took: 00:00:00
BFD: [G6NKK-8C6DV] end_config: VTY:0x37c70ec0, pending SET-CFG: 0
[400998|bfdd] done
[401002|watchfrr] done
+ grcli interface del p0
DEBUG: API: accept_conn_cb: new connection fd=26 pid=401005
DEBUG: API: read_cb: pid=401005 id=1 req_type=0xcafe1981 (GR_HELLO) req_len=132 status=0 (Success) resp_len=2
DEBUG: API: api_send: pid=401005 for_id=2 len=316
DEBUG: API: api_send: pid=401005 for_id=2 len=466
DEBUG: API: read_cb: pid=401005 id=2 req_type=0xacdc0004 (GR_IFACE_LIST) req_len=1 status=0 (Success) resp_len=0
DEBUG: API: read_cb: pid=401005 id=3 req_type=0xacdc0003 (GR_IFACE_GET) req_len=18 status=0 (Success) resp_len=466
DEBUG: IFACE: iface_event: iface event [0xacdc1003] PRE_REMOVE triggered for iface p0.
DEBUG: ROUTE: rib4_delete: VRF 1: 172.16.0.2/32
INFO: WORKER: port_unplug: port 0 unplugged
DEBUG: ROUTE: rib4_delete: VRF 1: 172.16.0.0/24
DEBUG: ROUTE: rib6_delete: VRF 1: fe80:2::/64
DEBUG: IFACE: iface_event: iface event [0xacdc1007] STATUS_DOWN triggered for iface p0.
DEBUG: MEMPOOL: gr_pktmbuf_pool_release: release mempool mbuf_-1:0 reserved 512 -> 256 (size 2047)
DEBUG: IFACE: iface_event: iface event [0xacdc1004] REMOVE triggered for iface p0.
DEBUG: MEMPOOL: gr_pktmbuf_pool_release: release mempool mbuf_0:0 reserved 511 -> 0 (size 2047)
DEBUG: MEMPOOL: gr_pktmbuf_pool_release: schedule mempool mbuf_0:0 for deferred free
INFO: PORT: iface_port_fini: port 0 destroyed
DEBUG: API: read_cb: pid=401005 id=4 req_type=0xacdc0002 (GR_IFACE_DEL) req_len=2 status=0 (Success) resp_len=0
DEBUG: API: disconnect_client: client pid=401005 disconnected
> nh del: type=L3 iface=p0 vrf=main origin=zebra family=ipv4 addr=172.16.0.2 state=reachable mac=fe:78:40:7f:f0:3f
> addr4 del: iface=p0 172.16.0.1/24
> route4 del: vrf=main 172.16.0.0/24 origin=link via type=L3 iface=p0 vrf=main origin=INTERNAL family=ipv4 addr=172.16.0.1/24 state=reachable mac=fa:2a:ff:46:d7:2c flags=local link
> addr6 del: iface=p0 fe80::f82a:ffff:fe46:d72c/64
> route6 del: vrf=main fe80:2::/64 origin=link via type=L3 iface=p0 vrf=main origin=INTERNAL family=ipv6 addr=fe80::f82a:ffff:fe46:d72c/64 state=reachable mac=fa:2a:ff:46:d7:2c f
> iface pre del: p0 type=port id=2 mtu=1500
> iface down: p0 type=port id=2 mtu=1500
> iface del: p0 type=port id=2 mtu=1500
ZEBRA: GROUT: zebra_read_notifications: GR_EVENT_NEXTHOP_DELETE
ZEBRA: GROUT: grout_nexthop_change: del nh_id 0 origin zebra
ZEBRA: GROUT: grout_neigh_notify: del neigh iface=2 172.16.0.2 fe:78:40:7f:f0:3f
ZEBRA: GROUT: grout_nexthop_change: nexthop without ID, skip
ZEBRA: GROUT: dplane_read_notifications: GR_EVENT_IP_ADDR_DEL
ZEBRA: GROUT: grout_interface_addr4_change: del 172.16.0.1/24 iface 2
ZEBRA: GROUT: dplane_read_notifications: GR_EVENT_IP6_ADDR_DEL
ZEBRA: GROUT: grout_interface_addr6_change: del fe80::f82a:ffff:fe46:d72c/64 iface 2
ZEBRA: GROUT: dplane_read_notifications: GR_EVENT_IFACE_STATUS_DOWN
ZEBRA: GROUT: grout_link_change: add iface p0
ZEBRA: GROUT: dplane_read_notifications: GR_EVENT_IFACE_REMOVE
ZEBRA: GROUT: grout_link_change: del iface p0
ZEBRA: GROUT: zebra_read_notifications: GR_EVENT_IP_ROUTE_DEL
ZEBRA: GROUT: grout_route4_change: del 172.16.0.0/24 origin link nh_id 0 route_vrf 1 nh_vrf 1
ZEBRA: GROUT: grout_route_change: link route, skip
ZEBRA: GROUT: zebra_read_notifications: GR_EVENT_IP6_ROUTE_DEL
ZEBRA: GROUT: grout_route6_change: del fe80:2::/64 origin link nh_id 0 route_vrf 1 nh_vrf 1
ZEBRA: GROUT: grout_route_change: link route, skip
+ echo 'Teardown complete'
Teardown complete
+ for i in $(seq 1 $iterations)
+ echo '=== Iteration 20/20 ==='
=== Iteration 20/20 ===
+ setup_bgp
+ python3 /home/apanatto/dev/github.com/DPDK/grout/subprojects/frr-frr-10.6.1/tools/frr-reload.py --confdir build//frr_install/etc/frr --bindir build//frr_install/bin --rundir build//frr_install/var/run/frr --reload --debug --stdout /tmp/tmp.kCeOhDfbvG/bgp.conf
ZEBRA: GROUT: grout_add_del_route: del 172.16.0.0/24 origin link nh_id 112 vrf 1
ZEBRA: GROUT: grout_add_del_route: non-frr origin, skip
ZEBRA: GROUT: grout_add_del_route: del 172.16.0.0/24 origin link nh_id 112 vrf 1
ZEBRA: GROUT: grout_add_del_route: non-frr origin, skip
ZEBRA: GROUT: grout_add_del_route: del 172.16.0.1/32 origin link nh_id 112 vrf 1
ZEBRA: GROUT: grout_add_del_route: non-frr origin, skip
ZEBRA: GROUT: grout_add_del_route: del 172.16.0.1/32 origin link nh_id 112 vrf 1
ZEBRA: GROUT: grout_add_del_route: non-frr origin, skip
ZEBRA: GROUT: grout_add_del_route: del fe80::/64 origin link nh_id 111 vrf 1
ZEBRA: GROUT: grout_add_del_route: non-frr origin, skip
ZEBRA: GROUT: grout_add_del_route: del fe80::/64 origin link nh_id 111 vrf 1
ZEBRA: GROUT: grout_add_del_route: non-frr origin, skip
DEBUG: MEMPOOL: pending_free_cb: deferred free mempool mbuf_0:0 after 29 ms
2026-08-24 17:35:05,466  INFO: Called via "Namespace(input=None, reload=True, test=False, debug=True, log_level='info', stdout=True, pathspace=None, filename='/tmp/tmp.kCeOhDfbvG/bgp.conf', overwrite=False, bindir='build//frr_install/bin', confdir='build//frr_install/etc/frr', rundir='build//frr_install/var/run/frr', vty_socket=None, daemon='', test_reset=False, logfmt=False, logfile='/var/log/frr/frr-reload.log')"
2026-08-24 17:35:05,466  INFO: Loading Config object from file /tmp/tmp.kCeOhDfbvG/bgp.conf
2026-08-24 17:35:05,471 DEBUG: LINE hostname grout                                    : single-line context
2026-08-24 17:35:05,471 DEBUG: LINE debug zebra dplane dpdk                           : single-line context
2026-08-24 17:35:05,471 DEBUG: LINE router bgp 64512                                  : enter context router bgp 64512                                  
2026-08-24 17:35:05,471 DEBUG: LINE bgp router-id 172.16.0.1                          : add to current context router bgp 64512                                  
2026-08-24 17:35:05,471 DEBUG: LINE neighbor 172.16.0.2 remote-as 64512               : add to current context router bgp 64512                                  
2026-08-24 17:35:05,471 DEBUG: LINE address-family ipv4 unicast                       : enter context router bgp 64512 address-family ipv4 unicast      
2026-08-24 17:35:05,471 DEBUG: LINE network 172.16.0.0/24                             : add to current context router bgp 64512 address-family ipv4 unicast      
2026-08-24 17:35:05,471 DEBUG: LINE exit-address-family                               : exit context router bgp 64512 address-family ipv4 unicast      
2026-08-24 17:35:05,471 DEBUG: LINE exit                                              : exit context router bgp 64512                                  
2026-08-24 17:35:05,478 DEBUG: New Frr Config
hostname grout
debug zebra dplane dpdk
router bgp 64512
bgp router-id 172.16.0.1
neighbor 172.16.0.2 remote-as 64512
address-family ipv4 unicast
network 172.16.0.0/24
exit-address-family
exit

end

2026-08-24 17:35:05,479  INFO: Loading Config object from vtysh show running
2026-08-24 17:35:05,514 DEBUG: LINE frr version 10.6.1                                : single-line context
2026-08-24 17:35:05,514 DEBUG: LINE frr defaults traditional                          : single-line context
2026-08-24 17:35:05,514 DEBUG: LINE hostname apanatto-thinkpadt14gen5.rmtit.csb       : single-line context
2026-08-24 17:35:05,514 DEBUG: LINE debug zebra dplane dpdk                           : single-line context
2026-08-24 17:35:05,514 DEBUG: LINE vrf main                                          : enter context vrf main                                          
2026-08-24 17:35:05,514 DEBUG: LINE exit-vrf                                          : exit context vrf main                                          
2026-08-24 17:35:05,514 DEBUG: Running Frr Config (Pass #0)
frr version 10.6.1
frr defaults traditional
hostname apanatto-thinkpadt14gen5.rmtit.csb
!
debug zebra dplane dpdk
!
vrf main
exit-vrf
end
!
end
2026-08-24 17:35:05,515  INFO: "frr version 10.6.1" cannot be removed
2026-08-24 17:35:05,515  INFO: "frr defaults traditional" cannot be removed
2026-08-24 17:35:05,523  INFO: Executed "no hostname apanatto-thinkpadt14gen5.rmtit.csb"
2026-08-24 17:35:05,524  INFO: build//frr_install/var/run/frr/reload-UZXH34.txt content
['hostname grout\n',
 'router bgp 64512\nexit\n',
 'router bgp 64512\n bgp router-id 172.16.0.1\nexit\n',
 'router bgp 64512\n neighbor 172.16.0.2 remote-as 64512\nexit\n',
 'router bgp 64512\n address-family ipv4 unicast\n exit\nexit\n',
 'router bgp 64512\n'
 ' address-family ipv4 unicast\n'
 '  network 172.16.0.0/24 \n'
 ' exit\n'
 'exit\n']
[401013|mgmtd] sending configuration
[401014|zebra] sending configuration
[401017|ospfd] sending configuration
[401018|ospf6d] sending configuration
[401020|bgpd] sending configuration
[401021|isisd] sending configuration
ZEBRA: [VTVCM-Y2NW3] Configuration Read in Took: 00:00:00
[401014|zebra] done
ZEBRA: [G6NKK-8C6DV] end_config: VTY:0x1ead2840, pending SET-CFG: 0
MGMTD: [VTVCM-Y2NW3] Configuration Read in Took: 00:00:00
MGMTD: [G6NKK-8C6DV] end_config: VTY:0x35dd78c0, pending SET-CFG: 0
[401013|mgmtd] done
OSPF: [VTVCM-Y2NW3] Configuration Read in Took: 00:00:00
OSPF: [G6NKK-8C6DV] end_config: VTY:0x26031e00, pending SET-CFG: 0
[401017|ospfd] done
OSPF6: [VTVCM-Y2NW3] Configuration Read in Took: 00:00:00
OSPF6: [G6NKK-8C6DV] end_config: VTY:0x2ab395a0, pending SET-CFG: 0
[401018|ospf6d] done
[401029|staticd] sending configuration
ZEBRA: [WMBNH-V6XN6] Unable to find specified Interface for default
ZEBRA: [WMBNH-V6XN6] Unable to find specified Interface for default
[401030|bfdd] sending configuration
Waiting for children to finish applying config...
[401034|watchfrr] sending configuration
STATIC: [VTVCM-Y2NW3] Configuration Read in Took: 00:00:00
[401029|staticd] done
STATIC: [G6NKK-8C6DV] end_config: VTY:0xa0f9aa0, pending SET-CFG: 0
BFD: [VTVCM-Y2NW3] Configuration Read in Took: 00:00:00
BFD: [G6NKK-8C6DV] end_config: VTY:0x37c70ea0, pending SET-CFG: 0
[401030|bfdd] done
BGP: [VTVCM-Y2NW3] Configuration Read in Took: 00:00:00
[401020|bgpd] done
BGP: [G6NKK-8C6DV] end_config: VTY:0x1f155b60, pending SET-CFG: 0
[401034|watchfrr] done
ISIS: [VTVCM-Y2NW3] Configuration Read in Took: 00:00:00
[401021|isisd] done
ISIS: [G6NKK-8C6DV] end_config: VTY:0xff70dc0, pending SET-CFG: 0
2026-08-24 17:35:05,535  INFO: Loading Config object from vtysh show running
2026-08-24 17:35:05,545 DEBUG: LINE frr version 10.6.1                                : single-line context
2026-08-24 17:35:05,546 DEBUG: LINE frr defaults traditional                          : single-line context
2026-08-24 17:35:05,546 DEBUG: LINE hostname apanatto-thinkpadt14gen5.rmtit.csb       : single-line context
2026-08-24 17:35:05,546 DEBUG: LINE debug zebra dplane dpdk                           : single-line context
2026-08-24 17:35:05,546 DEBUG: LINE vrf main                                          : enter context vrf main                                          
2026-08-24 17:35:05,546 DEBUG: LINE exit-vrf                                          : exit context vrf main                                          
2026-08-24 17:35:05,546 DEBUG: LINE router bgp 64512                                  : enter context router bgp 64512                                  
2026-08-24 17:35:05,546 DEBUG: LINE bgp router-id 172.16.0.1                          : add to current context router bgp 64512                                  
2026-08-24 17:35:05,546 DEBUG: LINE neighbor 172.16.0.2 remote-as 64512               : add to current context router bgp 64512                                  
2026-08-24 17:35:05,546 DEBUG: LINE address-family ipv4 unicast                       : enter context router bgp 64512 address-family ipv4 unicast      
2026-08-24 17:35:05,546 DEBUG: LINE network 172.16.0.0/24                             : add to current context router bgp 64512 address-family ipv4 unicast      
2026-08-24 17:35:05,546 DEBUG: LINE exit-address-family                               : exit context router bgp 64512 address-family ipv4 unicast      
2026-08-24 17:35:05,546 DEBUG: LINE exit                                              : exit context router bgp 64512                                  
2026-08-24 17:35:05,546 DEBUG: Running Frr Config (Pass #1)
frr version 10.6.1
frr defaults traditional
hostname apanatto-thinkpadt14gen5.rmtit.csb
!
debug zebra dplane dpdk
!
vrf main
exit-vrf
end
!
router bgp 64512
bgp router-id 172.16.0.1
neighbor 172.16.0.2 remote-as 64512
!
address-family ipv4 unicast
network 172.16.0.0/24
exit-address-family
exit
!
end
2026-08-24 17:35:05,546  INFO: "frr version 10.6.1" cannot be removed
2026-08-24 17:35:05,546  INFO: "frr defaults traditional" cannot be removed
2026-08-24 17:35:05,546  INFO: build//frr_install/var/run/frr/reload-TN3UO4.txt content
['hostname grout\n',
 'hostname grout\n',
 'router bgp 64512\nexit\n',
 'router bgp 64512\n bgp router-id 172.16.0.1\nexit\n',
 'router bgp 64512\n neighbor 172.16.0.2 remote-as 64512\nexit\n',
 'router bgp 64512\n address-family ipv4 unicast\n exit\nexit\n',
 'router bgp 64512\n'
 ' address-family ipv4 unicast\n'
 '  network 172.16.0.0/24 \n'
 ' exit\n'
 'exit\n']
[401038|mgmtd] sending configuration
[401039|zebra] sending configuration
[401042|ospfd] sending configuration
[401043|ospf6d] sending configuration
[401045|bgpd] sending configuration
[401046|isisd] sending configuration
ZEBRA: [VTVCM-Y2NW3] Configuration Read in Took: 00:00:00
[401039|zebra] done
ZEBRA: [G6NKK-8C6DV] end_config: VTY:0x1ead2840, pending SET-CFG: 0
[401038|mgmtd] done
MGMTD: [VTVCM-Y2NW3] Configuration Read in Took: 00:00:00
MGMTD: [G6NKK-8C6DV] end_config: VTY:0x35dd78c0, pending SET-CFG: 0
OSPF: [VTVCM-Y2NW3] Configuration Read in Took: 00:00:00
OSPF: [G6NKK-8C6DV] end_config: VTY:0x26031e00, pending SET-CFG: 0
[401042|ospfd] done
OSPF6: [VTVCM-Y2NW3] Configuration Read in Took: 00:00:00
OSPF6: [G6NKK-8C6DV] end_config: VTY:0x2ab395a0, pending SET-CFG: 0
[401054|staticd] sending configuration
[401043|ospf6d] done
ISIS: [VTVCM-Y2NW3] Configuration Read in Took: 00:00:00
ISIS: [G6NKK-8C6DV] end_config: VTY:0xff70dc0, pending SET-CFG: 0
[401055|bfdd] sending configuration
[401046|isisd] done
Waiting for children to finish applying config...
[401059|watchfrr] sending configuration
BGP: [VTVCM-Y2NW3] Configuration Read in Took: 00:00:00
[401045|bgpd] done
BGP: [G6NKK-8C6DV] end_config: VTY:0x1f155b60, pending SET-CFG: 0
STATIC: [VTVCM-Y2NW3] Configuration Read in Took: 00:00:00
STATIC: [G6NKK-8C6DV] end_config: VTY:0xa0f9aa0, pending SET-CFG: 0
[401054|staticd] done
BFD: [VTVCM-Y2NW3] Configuration Read in Took: 00:00:00
BFD: [G6NKK-8C6DV] end_config: VTY:0x37c70ea0, pending SET-CFG: 0
[401055|bfdd] done
[401059|watchfrr] done
+ grcli interface add port p0 devargs net_tap0,remote=veth0
DEBUG: API: accept_conn_cb: new connection fd=26 pid=401062
DEBUG: API: read_cb: pid=401062 id=1 req_type=0xcafe1981 (GR_HELLO) req_len=132 status=0 (Success) resp_len=2
ERR: TAP: tap_nl_dump_ext_ack(): Cannot delete qdisc with handle of zero
DEBUG: MEMPOOL: gr_pktmbuf_pool_get: allocate mempool mbuf_0:0 reserved 511 (size 2047, mbuf_size 2048)
INFO: WORKER: port_plug: port 0 plugged
DEBUG: GRAPH: worker_graph_new: [CPU 6] <- port=0 rxq=0 burst_size=64
DEBUG: GRAPH: worker_graph_new: [CPU 6] -> port 0 txq 0
DEBUG: IFACE: iface_event: iface event [0xacdc1008] MAC_CHANGE triggered for iface p0.
DEBUG: MEMPOOL: gr_pktmbuf_pool_get: reuse mempool mbuf_-1:0 reserved 256 -> 512 (size 2047, mbuf_size 2048)
DEBUG: IFACE: iface_event: iface event [0xacdc1001] ADD triggered for iface p0.
DEBUG: IFACE: iface_event: iface event [0xacdc1002] POST_ADD triggered for iface p0.
INFO: ADDRESS: mcast6_addr_add: p0: joining multicast group ff02::1:ff46:d72c
INFO: ADDRESS: mcast6_addr_add: p0: joining multicast group ff01::1
INFO: ADDRESS: mcast6_addr_add: p0: joining multicast group ff02::1
INFO: ADDRESS: mcast6_addr_add: p0: joining multicast group ff01::2
INFO: ADDRESS: mcast6_addr_add: p0: joining multicast group ff02::2
INFO: ADDRESS: mcast6_addr_add: p0: joining multicast group ff05::2
INFO: ADDRESS: mcast6_addr_add: p0: joining multicast group ff02::5
INFO: ADDRESS: mcast6_addr_add: p0: joining multicast group ff02::6
INFO: ADDRESS: mcast6_addr_add: p0: joining multicast group ff02::8
INFO: ADDRESS: mcast6_addr_add: p0: joining multicast group ff02::16
DEBUG: API: read_cb: pid=401062 id=2 req_type=0xacdc0001 (GR_IFACE_ADD) req_len=466 status=0 (Success) resp_len=2
Created interface 2
DEBUG: API: disconnect_client: client pid=401062 disconnected
> iface mac change: p0 type=port id=2 mtu=0
> iface add: p0 type=port id=2 mtu=0
> route6 add: vrf=main fe80::f82a:ffff:fe46:d72c/64 origin=link via type=L3 iface=p0 vrf=main origin=INTERNAL family=ipv6 addr=fe80::f82a:ffff:fe46:d72c/64 state=reachable mac=fa:2a:ff:46:d7:2c f
> addr6 add: iface=p0 fe80::f82a:ffff:fe46:d72c/64
> iface post add: p0 type=port id=2 mtu=0
ZEBRA: GROUT: zebra_read_notifications: GR_EVENT_IP6_ROUTE_ADD
ZEBRA: GROUT: grout_route6_change: add fe80::f82a:ffff:fe46:d72c/64 origin link nh_id 0 route_vrf 1 nh_vrf 1
ZEBRA: GROUT: grout_route_change: link route, skip
ZEBRA: GROUT: dplane_read_notifications: GR_EVENT_IFACE_MAC_CHANGE
ZEBRA: GROUT: grout_link_change: add iface p0
ZEBRA: GROUT: dplane_read_notifications: GR_EVENT_IFACE_ADD
ZEBRA: GROUT: grout_link_change: add iface p0
ZEBRA: GROUT: dplane_read_notifications: GR_EVENT_IP6_ADDR_ADD
ZEBRA: GROUT: grout_interface_addr6_change: add fe80::f82a:ffff:fe46:d72c/64 iface 2
+ grcli address add 172.16.0.1/24 iface p0
NOTICE: TRACE: [rx p0] fa:2a:ff:46:d7:2c > 33:33:00:00:00:16 / IPv6 :: > ff02::16 ttl=1 proto=HOPOPT(0) / ICMPv6 type=143 code=0, (pkt_len=90)
NOTICE: TRACE: [drop icmp6_input_unsupported] 1 packets
DEBUG: API: accept_conn_cb: new connection fd=26 pid=401063
DEBUG: API: read_cb: pid=401063 id=1 req_type=0xcafe1981 (GR_HELLO) req_len=132 status=0 (Success) resp_len=2
DEBUG: API: api_send: pid=401063 for_id=2 len=316
DEBUG: API: api_send: pid=401063 for_id=2 len=466
DEBUG: API: read_cb: pid=401063 id=2 req_type=0xacdc0004 (GR_IFACE_LIST) req_len=1 status=0 (Success) resp_len=0
DEBUG: API: read_cb: pid=401063 id=3 req_type=0xacdc0003 (GR_IFACE_GET) req_len=18 status=0 (Success) resp_len=466
DEBUG: API: read_cb: pid=401063 id=4 req_type=0xf00d0005 (GR_IP4_ADDR_ADD) req_len=16 status=0 (Success) resp_len=0
DEBUG: API: disconnect_client: client pid=401063 disconnected
> route4 add: vrf=main 172.16.0.1/24 origin=link via type=L3 iface=p0 vrf=main origin=INTERNAL family=ipv4 addr=172.16.0.1/24 state=reachable mac=fa:2a:ff:46:d7:2c flags=local link
> addr4 add: iface=p0 172.16.0.1/24
ZEBRA: GROUT: zebra_read_notifications: GR_EVENT_IP_ROUTE_ADD
ZEBRA: GROUT: grout_route4_change: add 172.16.0.1/24 origin link nh_id 0 route_vrf 1 nh_vrf 1
ZEBRA: GROUT: grout_route_change: link route, skip
ZEBRA: GROUT: dplane_read_notifications: GR_EVENT_IP_ADDR_ADD
ZEBRA: GROUT: grout_interface_addr4_change: add 172.16.0.1/24 iface 2
+ sleep 3
NOTICE: TRACE: [rx p0] fa:2a:ff:46:d7:2c > 33:33:ff:46:d7:2c / IPv6 :: > ff02::1:ff46:d72c ttl=255 proto=ICMPv6(58) / ICMPv6 neigh solicit who has fe80::f82a:ffff:fe46:d72c? / Option type=14 len=8(1), (pkt_len=86)
NOTICE: TRACE: [rx p0] fa:2a:ff:46:d7:2c > 33:33:00:00:00:16 / IPv6 :: > ff02::16 ttl=1 proto=HOPOPT(0) / ICMPv6 type=143 code=0, (pkt_len=90)
NOTICE: TRACE: [drop icmp6_input_unsupported] 1 packets
NOTICE: TRACE: [rx p0] fe:78:40:7f:f0:3f > fa:2a:ff:46:d7:2c / IP 172.16.0.2 > 172.16.0.1 ttl=255 proto=TCP(6) / TCP 56008 > 179 flags=S, (pkt_len=74)
ERR: CTLPLANE: iface_cp_tx: write to tap device failed Input/output error
NOTICE: TRACE: [cp tx p0] fa:2a:ff:46:d7:2c > fa:2a:ff:46:d7:2c / IP 172.16.0.2 > 172.16.0.1 ttl=255 proto=TCP(6) / TCP 56008 > 179 flags=S, (pkt_len=74)
INFO: PORT: link_event_cb: p0: link status up
DEBUG: IFACE: iface_event: iface event [0xacdc1006] STATUS_UP triggered for iface p0.
> iface up: p0 type=port id=2 mtu=1500
NOTICE: TRACE: [tx p0] fa:2a:ff:46:d7:2c > ff:ff:ff:ff:ff:ff / ARP announce 172.16.0.1 is at fa:2a:ff:46:d7:2c, (pkt_len=42)
NOTICE: TRACE: [tx p0] fa:2a:ff:46:d7:2c > 33:33:00:00:00:01 / IPv6 fe80::f82a:ffff:fe46:d72c > ff02::1 ttl=255 proto=ICMPv6(58) / ICMPv6 neigh advert fe80::f82a:ffff:fe46:d72c is at (solicited=0) / Option target_lladdr=fa:2a:ff:46:d7:2c, (pkt_len=86)
ZEBRA: GROUT: dplane_read_notifications: GR_EVENT_IFACE_STATUS_UP
ZEBRA: GROUT: grout_link_change: add iface p0
ZEBRA: GROUT: grout_add_del_route: add fe80::/64 origin link nh_id 117 vrf 1
ZEBRA: GROUT: grout_add_del_route: non-frr origin, skip
ZEBRA: GROUT: grout_add_del_route: add fe80::/64 origin link nh_id 117 vrf 1
ZEBRA: GROUT: grout_add_del_route: non-frr origin, skip
ZEBRA: GROUT: grout_add_del_route: add 172.16.0.0/24 origin link nh_id 118 vrf 1
ZEBRA: GROUT: grout_add_del_route: non-frr origin, skip
ZEBRA: GROUT: grout_add_del_route: add 172.16.0.0/24 origin link nh_id 118 vrf 1
ZEBRA: GROUT: grout_add_del_route: non-frr origin, skip
ZEBRA: GROUT: grout_add_del_route: add 172.16.0.1/32 origin link nh_id 118 vrf 1
ZEBRA: GROUT: grout_add_del_route: non-frr origin, skip
ZEBRA: GROUT: grout_add_del_route: add 172.16.0.1/32 origin link nh_id 118 vrf 1
ZEBRA: GROUT: grout_add_del_route: non-frr origin, skip
NOTICE: TRACE: [tx p0] fa:2a:ff:46:d7:2c > ff:ff:ff:ff:ff:ff / ARP request who has 172.16.0.2? tell 172.16.0.1, (pkt_len=42)
> nh new: type=L3 iface=p0 vrf=main origin=learn family=ipv4 addr=172.16.0.2 state=new flags=neigh
NOTICE: TRACE: [rx p0] fe:78:40:7f:f0:3f > fa:2a:ff:46:d7:2c / ARP reply 172.16.0.2 is at fe:78:40:7f:f0:3f, (pkt_len=42)
ZEBRA: GROUT: zebra_read_notifications: GR_EVENT_NEXTHOP_NEW
ZEBRA: GROUT: grout_nexthop_change: add nh_id 0 origin learn
ZEBRA: GROUT: grout_nexthop_change: dynamic neighbor learn, skip
NOTICE: TRACE: [tx p0] fa:2a:ff:46:d7:2c > fe:78:40:7f:f0:3f / IP 172.16.0.1 > 172.16.0.2 ttl=255 proto=TCP(6) / TCP 43208 > 179 flags=S, (pkt_len=74)
ZEBRA: GROUT: zebra_read_notifications: GR_EVENT_NEXTHOP_UPDATE
> nh update: type=L3 iface=p0 vrf=main origin=learn family=ipv4 addr=172.16.0.2 state=reachable mac=fe:78:40:7f:f0:3f flags=neigh
ZEBRA: GROUT: grout_nexthop_change: add nh_id 0 origin learn
NOTICE: TRACE: [rx p0] fe:78:40:7f:f0:3f > fa:2a:ff:46:d7:2c / IP 172.16.0.2 > 172.16.0.1 ttl=255 proto=TCP(6) / TCP 179 > 43208 flags=SA, (pkt_len=74)
ZEBRA: GROUT: grout_neigh_notify: add neigh iface=2 172.16.0.2 fe:78:40:7f:f0:3f
ZEBRA: GROUT: grout_nexthop_change: dynamic neighbor learn, skip
NOTICE: TRACE: [cp tx p0] fa:2a:ff:46:d7:2c > fa:2a:ff:46:d7:2c / IP 172.16.0.2 > 172.16.0.1 ttl=255 proto=TCP(6) / TCP 179 > 43208 flags=SA, (pkt_len=74)
NOTICE: TRACE: [tx p0] fa:2a:ff:46:d7:2c > fe:78:40:7f:f0:3f / IP 172.16.0.1 > 172.16.0.2 ttl=255 proto=TCP(6) / TCP 43208 > 179 flags=A, (pkt_len=66)
NOTICE: TRACE: [rx p0] fe:78:40:7f:f0:3f > fa:2a:ff:46:d7:2c / IP 172.16.0.2 > 172.16.0.1 ttl=255 proto=TCP(6) / TCP 179 > 43208 flags=PA, (pkt_len=197)
NOTICE: TRACE: [tx p0] fa:2a:ff:46:d7:2c > fe:78:40:7f:f0:3f / IP 172.16.0.1 > 172.16.0.2 ttl=255 proto=TCP(6) / TCP 43208 > 179 flags=PA, (pkt_len=197)
NOTICE: TRACE: [rx p0] fe:78:40:7f:f0:3f > fa:2a:ff:46:d7:2c / IP 172.16.0.2 > 172.16.0.1 ttl=255 proto=TCP(6) / TCP 179 > 43208 flags=A, (pkt_len=66)
NOTICE: TRACE: [cp tx p0] fa:2a:ff:46:d7:2c > fa:2a:ff:46:d7:2c / IP 172.16.0.2 > 172.16.0.1 ttl=255 proto=TCP(6) / TCP 179 > 43208 flags=PA, (pkt_len=197)
NOTICE: TRACE: [cp tx p0] fa:2a:ff:46:d7:2c > fa:2a:ff:46:d7:2c / IP 172.16.0.2 > 172.16.0.1 ttl=255 proto=TCP(6) / TCP 179 > 43208 flags=A, (pkt_len=66)
NOTICE: TRACE: [tx p0] fa:2a:ff:46:d7:2c > fe:78:40:7f:f0:3f / IP 172.16.0.1 > 172.16.0.2 ttl=255 proto=TCP(6) / TCP 43208 > 179 flags=A, (pkt_len=66)
NOTICE: TRACE: [tx p0] fa:2a:ff:46:d7:2c > fe:78:40:7f:f0:3f / IP 172.16.0.1 > 172.16.0.2 ttl=255 proto=TCP(6) / TCP 43208 > 179 flags=PA, (pkt_len=85)
NOTICE: TRACE: [rx p0] fe:78:40:7f:f0:3f > fa:2a:ff:46:d7:2c / IP 172.16.0.2 > 172.16.0.1 ttl=255 proto=TCP(6) / TCP 179 > 43208 flags=PA, (pkt_len=85)
NOTICE: TRACE: [cp tx p0] fa:2a:ff:46:d7:2c > fa:2a:ff:46:d7:2c / IP 172.16.0.2 > 172.16.0.1 ttl=255 proto=TCP(6) / TCP 179 > 43208 flags=PA, (pkt_len=85)
NOTICE: TRACE: [rx p0] fe:78:40:7f:f0:3f > fa:2a:ff:46:d7:2c / IP 172.16.0.2 > 172.16.0.1 ttl=255 proto=TCP(6) / TCP 179 > 43208 flags=A, (pkt_len=66)
NOTICE: TRACE: [tx p0] fa:2a:ff:46:d7:2c > fe:78:40:7f:f0:3f / IP 172.16.0.1 > 172.16.0.2 ttl=255 proto=TCP(6) / TCP 43208 > 179 flags=A, (pkt_len=66)
NOTICE: TRACE: [cp tx p0] fa:2a:ff:46:d7:2c > fa:2a:ff:46:d7:2c / IP 172.16.0.2 > 172.16.0.1 ttl=255 proto=TCP(6) / TCP 179 > 43208 flags=A, (pkt_len=66)
NOTICE: TRACE: [tx p0] fa:2a:ff:46:d7:2c > fe:78:40:7f:f0:3f / IP 172.16.0.1 > 172.16.0.2 ttl=255 proto=TCP(6) / TCP 43208 > 179 flags=PA, (pkt_len=145)
NOTICE: TRACE: [rx p0] fe:78:40:7f:f0:3f > fa:2a:ff:46:d7:2c / IP 172.16.0.2 > 172.16.0.1 ttl=255 proto=TCP(6) / TCP 179 > 43208 flags=A, (pkt_len=66)
NOTICE: TRACE: [cp tx p0] fa:2a:ff:46:d7:2c > fa:2a:ff:46:d7:2c / IP 172.16.0.2 > 172.16.0.1 ttl=255 proto=TCP(6) / TCP 179 > 43208 flags=A, (pkt_len=66)
[bgp-peer] BGP: [M59KS-A3ZXZ] bgp_update_receive_eor: rcvd End-of-RIB for IPv4 Unicast from 172.16.0.1 in vrf default
NOTICE: TRACE: [rx p0] fe:78:40:7f:f0:3f > fa:2a:ff:46:d7:2c / IP 172.16.0.2 > 172.16.0.1 ttl=255 proto=TCP(6) / TCP 179 > 43208 flags=PA, (pkt_len=149)
NOTICE: TRACE: [cp tx p0] fa:2a:ff:46:d7:2c > fa:2a:ff:46:d7:2c / IP 172.16.0.2 > 172.16.0.1 ttl=255 proto=TCP(6) / TCP 179 > 43208 flags=PA, (pkt_len=149)
NOTICE: TRACE: [tx p0] fa:2a:ff:46:d7:2c > fe:78:40:7f:f0:3f / IP 172.16.0.1 > 172.16.0.2 ttl=255 proto=TCP(6) / TCP 43208 > 179 flags=A, (pkt_len=66)
BGP: [M59KS-A3ZXZ] bgp_update_receive_eor: rcvd End-of-RIB for IPv4 Unicast from 172.16.0.2 in vrf default
DEBUG: API: read_cb: pid=397682 id=90 req_type=0xacdc2003 (GR_NH_ADD) req_len=44 status=0 (Success) resp_len=0
DEBUG: API: read_cb: pid=397682 id=91 req_type=0xf00d0001 (GR_IP4_ROUTE_ADD) req_len=24 status=0 (Success) resp_len=0
> nh update: type=L3 id=120 iface=p0 vrf=main origin=zebra family=ipv4 addr=172.16.0.2 state=reachable mac=fe:78:40:7f:f0:3f
> route4 add: vrf=main 16.0.0.0/24 origin=bgp via type=L3 id=120 iface=p0 vrf=main origin=zebra family=ipv4 addr=172.16.0.2 state=reachable mac=fe:78:40:7f:f0:3f
ZEBRA: GROUT: grout_add_del_nexthop: add nh_id 120 origin zebra
ZEBRA: GROUT: grout_add_nexthop: nh_id 120 type L3
ZEBRA: GROUT: grout_client_send_recv: GR_NH_ADD: success
ZEBRA: GROUT: grout_add_del_route: add 16.0.0.0/24 origin bgp nh_id 120 vrf 1
ZEBRA: GROUT: grout_client_send_recv: GR_IP4_ROUTE_ADD: success
+ wait_bgp_established 30
+ local timeout=30
+ local elapsed=0
+ '[' 0 -lt 30 ']'
+ vtysh -c 'show bgp summary json'
+ jq -e '.ipv4Unicast.peers."172.16.0.2".state == "Established"'
+ return 0
+ teardown_bgp
+ python3 /home/apanatto/dev/github.com/DPDK/grout/subprojects/frr-frr-10.6.1/tools/frr-reload.py --confdir build//frr_install/etc/frr --bindir build//frr_install/bin --rundir build//frr_install/var/run/frr --reload --debug --stdout /tmp/tmp.kCeOhDfbvG/base.conf
2026-08-24 17:35:08,680  INFO: Called via "Namespace(input=None, reload=True, test=False, debug=True, log_level='info', stdout=True, pathspace=None, filename='/tmp/tmp.kCeOhDfbvG/base.conf', overwrite=False, bindir='build//frr_install/bin', confdir='build//frr_install/etc/frr', rundir='build//frr_install/var/run/frr', vty_socket=None, daemon='', test_reset=False, logfmt=False, logfile='/var/log/frr/frr-reload.log')"
2026-08-24 17:35:08,680  INFO: Loading Config object from file /tmp/tmp.kCeOhDfbvG/base.conf
2026-08-24 17:35:08,685 DEBUG: LINE hostname grout                                    : single-line context
2026-08-24 17:35:08,686 DEBUG: LINE debug zebra dplane dpdk                           : single-line context
2026-08-24 17:35:08,693 DEBUG: New Frr Config
hostname grout
debug zebra dplane dpdk

end

2026-08-24 17:35:08,693  INFO: Loading Config object from vtysh show running
2026-08-24 17:35:08,699 DEBUG: LINE frr version 10.6.1                                : single-line context
2026-08-24 17:35:08,699 DEBUG: LINE frr defaults traditional                          : single-line context
2026-08-24 17:35:08,699 DEBUG: LINE hostname apanatto-thinkpadt14gen5.rmtit.csb       : single-line context
2026-08-24 17:35:08,699 DEBUG: LINE debug zebra dplane dpdk                           : single-line context
2026-08-24 17:35:08,699 DEBUG: LINE vrf main                                          : enter context vrf main                                          
2026-08-24 17:35:08,699 DEBUG: LINE exit-vrf                                          : exit context vrf main                                          
2026-08-24 17:35:08,699 DEBUG: LINE router bgp 64512                                  : enter context router bgp 64512                                  
2026-08-24 17:35:08,699 DEBUG: LINE bgp router-id 172.16.0.1                          : add to current context router bgp 64512                                  
2026-08-24 17:35:08,699 DEBUG: LINE neighbor 172.16.0.2 remote-as 64512               : add to current context router bgp 64512                                  
2026-08-24 17:35:08,700 DEBUG: LINE address-family ipv4 unicast                       : enter context router bgp 64512 address-family ipv4 unicast      
2026-08-24 17:35:08,700 DEBUG: LINE network 172.16.0.0/24                             : add to current context router bgp 64512 address-family ipv4 unicast      
2026-08-24 17:35:08,700 DEBUG: LINE exit-address-family                               : exit context router bgp 64512 address-family ipv4 unicast      
2026-08-24 17:35:08,700 DEBUG: LINE exit                                              : exit context router bgp 64512                                  
2026-08-24 17:35:08,700 DEBUG: Running Frr Config (Pass #0)
frr version 10.6.1
frr defaults traditional
hostname apanatto-thinkpadt14gen5.rmtit.csb
!
debug zebra dplane dpdk
!
vrf main
exit-vrf
end
!
router bgp 64512
bgp router-id 172.16.0.1
neighbor 172.16.0.2 remote-as 64512
!
address-family ipv4 unicast
network 172.16.0.0/24
exit-address-family
exit
!
end
2026-08-24 17:35:08,701  INFO: "frr version 10.6.1" cannot be removed
2026-08-24 17:35:08,701  INFO: "frr defaults traditional" cannot be removed
2026-08-24 17:35:08,708  INFO: Executed "no hostname apanatto-thinkpadt14gen5.rmtit.csb"
ZEBRA: [WMBNH-V6XN6] Unable to find specified Interface for default
ZEBRA: [WMBNH-V6XN6] Unable to find specified Interface for default
NOTICE: TRACE: [tx p0] fa:2a:ff:46:d7:2c > fe:78:40:7f:f0:3f / IP 172.16.0.1 > 172.16.0.2 ttl=255 proto=TCP(6) / TCP 43208 > 179 flags=FA, (pkt_len=66)
2026-08-24 17:35:08,715  INFO: Executed "no router bgp 64512"
NOTICE: TRACE: [rx p0] fe:78:40:7f:f0:3f > fa:2a:ff:46:d7:2c / IP 172.16.0.2 > 172.16.0.1 ttl=255 proto=TCP(6) / TCP 179 > 43208 flags=FA, (pkt_len=66)
2026-08-24 17:35:08,716  INFO: build//frr_install/var/run/frr/reload-PGSXYW.txt content
['hostname grout\n']
NOTICE: TRACE: [cp tx p0] fa:2a:ff:46:d7:2c > fa:2a:ff:46:d7:2c / IP 172.16.0.2 > 172.16.0.1 ttl=255 proto=TCP(6) / TCP 179 > 43208 flags=FA, (pkt_len=66)
NOTICE: TRACE: [tx p0] fa:2a:ff:46:d7:2c > fe:78:40:7f:f0:3f / IP 172.16.0.1 > 172.16.0.2 ttl=255 proto=TCP(6) / TCP 43208 > 179 flags=A, (pkt_len=66)
[401206|bgpd] sending configuration
[401207|isisd] sending configuration
[401199|mgmtd] sending configuration
[401200|zebra] sending configuration
[401206|bgpd] done
BGP: [VTVCM-Y2NW3] Configuration Read in Took: 00:00:00
[401207|isisd] done
BGP: [G6NKK-8C6DV] end_config: VTY:0x1f155b60, pending SET-CFG: 0
ISIS: [VTVCM-Y2NW3] Configuration Read in Took: 00:00:00
ISIS: [G6NKK-8C6DV] end_config: VTY:0xff70de0, pending SET-CFG: 0
[401203|ospfd] sending configuration
[401215|staticd] sending configuration
[401216|bfdd] sending configuration
Waiting for children to finish applying config...
STATIC: [VTVCM-Y2NW3] Configuration Read in Took: 00:00:00
[401215|staticd] done
STATIC: [G6NKK-8C6DV] end_config: VTY:0xa0f9aa0, pending SET-CFG: 0
BFD: [VTVCM-Y2NW3] Configuration Read in Took: 00:00:00
[401220|watchfrr] sending configuration
BFD: [G6NKK-8C6DV] end_config: VTY:0x37c70ec0, pending SET-CFG: 0
[401216|bfdd] done
[401204|ospf6d] sending configuration
DEBUG: ROUTE: rib4_delete: VRF 1: 16.0.0.0/24
[401220|watchfrr] done
DEBUG: API: read_cb: pid=397682 id=92 req_type=0xf00d0002 (GR_IP4_ROUTE_DEL) req_len=16 status=0 (Success) resp_len=0
ZEBRA: [VTVCM-Y2NW3] Configuration Read in Took: 00:00:00
ZEBRA: [G6NKK-8C6DV] end_config: VTY:0x1ead2840, pending SET-CFG: 0
> route4 del: vrf=main 16.0.0.0/24 origin=bgp via type=L3 id=120 iface=p0 vrf=main origin=zebra family=ipv4 addr=172.16.0.2 state=reachable mac=fe:78:40:7f:f0:3f
ZEBRA: GROUT: grout_add_del_route: del 16.0.0.0/24 origin bgp nh_id 120 vrf 1
ZEBRA: GROUT: grout_client_send_recv: GR_IP4_ROUTE_DEL: success
[401200|zebra] done
[401204|ospf6d] done
[401203|ospfd] done
[401199|mgmtd] done
OSPF: [VTVCM-Y2NW3] Configuration Read in Took: 00:00:00
OSPF: [G6NKK-8C6DV] end_config: VTY:0x26031e00, pending SET-CFG: 0
OSPF6: [VTVCM-Y2NW3] Configuration Read in Took: 00:00:00
OSPF6: [G6NKK-8C6DV] end_config: VTY:0x2ab395a0, pending SET-CFG: 0
MGMTD: [VTVCM-Y2NW3] Configuration Read in Took: 00:00:00
MGMTD: [G6NKK-8C6DV] end_config: VTY:0x35dd78c0, pending SET-CFG: 0
2026-08-24 17:35:08,726  INFO: Loading Config object from vtysh show running
2026-08-24 17:35:08,735 DEBUG: LINE frr version 10.6.1                                : single-line context
2026-08-24 17:35:08,735 DEBUG: LINE frr defaults traditional                          : single-line context
2026-08-24 17:35:08,735 DEBUG: LINE hostname apanatto-thinkpadt14gen5.rmtit.csb       : single-line context
2026-08-24 17:35:08,735 DEBUG: LINE debug zebra dplane dpdk                           : single-line context
2026-08-24 17:35:08,735 DEBUG: LINE vrf main                                          : enter context vrf main                                          
2026-08-24 17:35:08,736 DEBUG: LINE exit-vrf                                          : exit context vrf main                                          
2026-08-24 17:35:08,736 DEBUG: Running Frr Config (Pass #1)
frr version 10.6.1
frr defaults traditional
hostname apanatto-thinkpadt14gen5.rmtit.csb
!
debug zebra dplane dpdk
!
vrf main
exit-vrf
end
!
end
2026-08-24 17:35:08,736  INFO: "frr version 10.6.1" cannot be removed
2026-08-24 17:35:08,736  INFO: "frr defaults traditional" cannot be removed
2026-08-24 17:35:08,736  INFO: build//frr_install/var/run/frr/reload-I1D45X.txt content
['hostname grout\n', 'hostname grout\n']
[401224|mgmtd] sending configuration
[401225|zebra] sending configuration
[401228|ospfd] sending configuration
MGMTD: [VTVCM-Y2NW3] Configuration Read in Took: 00:00:00
[401225|zebra] done
[401224|mgmtd] done
MGMTD: [G6NKK-8C6DV] end_config: VTY:0x35dd78c0, pending SET-CFG: 0
ZEBRA: [VTVCM-Y2NW3] Configuration Read in Took: 00:00:00
ZEBRA: [G6NKK-8C6DV] end_config: VTY:0x1ead2840, pending SET-CFG: 0
[401229|ospf6d] sending configuration
OSPF: [VTVCM-Y2NW3] Configuration Read in Took: 00:00:00
OSPF: [G6NKK-8C6DV] end_config: VTY:0x26031e00, pending SET-CFG: 0
[401228|ospfd] done
[401231|bgpd] sending configuration
[401232|isisd] sending configuration
BGP: [VTVCM-Y2NW3] Configuration Read in Took: 00:00:00
[401231|bgpd] done
BGP: [G6NKK-8C6DV] end_config: VTY:0x1f155b60, pending SET-CFG: 0
OSPF6: [VTVCM-Y2NW3] Configuration Read in Took: 00:00:00
[401229|ospf6d] done
OSPF6: [G6NKK-8C6DV] end_config: VTY:0x2ab395a0, pending SET-CFG: 0
[401232|isisd] done
ISIS: [VTVCM-Y2NW3] Configuration Read in Took: 00:00:00
ISIS: [G6NKK-8C6DV] end_config: VTY:0xff70de0, pending SET-CFG: 0
[401240|staticd] sending configuration
[401241|bfdd] sending configuration
Waiting for children to finish applying config...
STATIC: [VTVCM-Y2NW3] Configuration Read in Took: 00:00:00
STATIC: [G6NKK-8C6DV] end_config: VTY:0xa0f9aa0, pending SET-CFG: 0
[401245|watchfrr] sending configuration
[401240|staticd] done
BFD: [VTVCM-Y2NW3] Configuration Read in Took: 00:00:00
[401241|bfdd] done
BFD: [G6NKK-8C6DV] end_config: VTY:0x37c70ec0, pending SET-CFG: 0
[401245|watchfrr] done
+ grcli interface del p0
DEBUG: API: accept_conn_cb: new connection fd=26 pid=401248
DEBUG: API: read_cb: pid=401248 id=1 req_type=0xcafe1981 (GR_HELLO) req_len=132 status=0 (Success) resp_len=2
DEBUG: API: api_send: pid=401248 for_id=2 len=316
DEBUG: API: api_send: pid=401248 for_id=2 len=466
DEBUG: API: read_cb: pid=401248 id=2 req_type=0xacdc0004 (GR_IFACE_LIST) req_len=1 status=0 (Success) resp_len=0
DEBUG: API: read_cb: pid=401248 id=3 req_type=0xacdc0003 (GR_IFACE_GET) req_len=18 status=0 (Success) resp_len=466
DEBUG: IFACE: iface_event: iface event [0xacdc1003] PRE_REMOVE triggered for iface p0.
DEBUG: ROUTE: rib4_delete: VRF 1: 172.16.0.2/32
INFO: WORKER: port_unplug: port 0 unplugged
DEBUG: ROUTE: rib4_delete: VRF 1: 172.16.0.0/24
DEBUG: ROUTE: rib6_delete: VRF 1: fe80:2::/64
DEBUG: IFACE: iface_event: iface event [0xacdc1007] STATUS_DOWN triggered for iface p0.
DEBUG: MEMPOOL: gr_pktmbuf_pool_release: release mempool mbuf_-1:0 reserved 512 -> 256 (size 2047)
DEBUG: IFACE: iface_event: iface event [0xacdc1004] REMOVE triggered for iface p0.
DEBUG: MEMPOOL: gr_pktmbuf_pool_release: release mempool mbuf_0:0 reserved 511 -> 0 (size 2047)
DEBUG: MEMPOOL: gr_pktmbuf_pool_release: schedule mempool mbuf_0:0 for deferred free
INFO: PORT: iface_port_fini: port 0 destroyed
DEBUG: API: read_cb: pid=401248 id=4 req_type=0xacdc0002 (GR_IFACE_DEL) req_len=2 status=0 (Success) resp_len=0
DEBUG: API: disconnect_client: client pid=401248 disconnected
> nh del: type=L3 iface=p0 vrf=main origin=zebra family=ipv4 addr=172.16.0.2 state=reachable mac=fe:78:40:7f:f0:3f
> addr4 del: iface=p0 172.16.0.1/24
> route4 del: vrf=main 172.16.0.0/24 origin=link via type=L3 iface=p0 vrf=main origin=INTERNAL family=ipv4 addr=172.16.0.1/24 state=reachable mac=fa:2a:ff:46:d7:2c flags=local link
> addr6 del: iface=p0 fe80::f82a:ffff:fe46:d72c/64
> route6 del: vrf=main fe80:2::/64 origin=link via type=L3 iface=p0 vrf=main origin=INTERNAL family=ipv6 addr=fe80::f82a:ffff:fe46:d72c/64 state=reachable mac=fa:2a:ff:46:d7:2c f
> iface pre del: p0 type=port id=2 mtu=1500
> iface down: p0 type=port id=2 mtu=1500
> iface del: p0 type=port id=2 mtu=1500
ZEBRA: GROUT: dplane_read_notifications: GR_EVENT_IP_ADDR_DEL
ZEBRA: GROUT: grout_interface_addr4_change: del 172.16.0.1/24 iface 2
ZEBRA: GROUT: zebra_read_notifications: GR_EVENT_NEXTHOP_DELETE
ZEBRA: GROUT: grout_nexthop_change: del nh_id 0 origin zebra
ZEBRA: GROUT: grout_neigh_notify: del neigh iface=2 172.16.0.2 fe:78:40:7f:f0:3f
ZEBRA: GROUT: grout_nexthop_change: nexthop without ID, skip
ZEBRA: GROUT: dplane_read_notifications: GR_EVENT_IP6_ADDR_DEL
ZEBRA: GROUT: grout_interface_addr6_change: del fe80::f82a:ffff:fe46:d72c/64 iface 2
ZEBRA: GROUT: dplane_read_notifications: GR_EVENT_IFACE_STATUS_DOWN
ZEBRA: GROUT: grout_link_change: add iface p0
ZEBRA: GROUT: dplane_read_notifications: GR_EVENT_IFACE_REMOVE
ZEBRA: GROUT: grout_link_change: del iface p0
ZEBRA: GROUT: zebra_read_notifications: GR_EVENT_IP_ROUTE_DEL
ZEBRA: GROUT: grout_route4_change: del 172.16.0.0/24 origin link nh_id 0 route_vrf 1 nh_vrf 1
ZEBRA: GROUT: grout_route_change: link route, skip
ZEBRA: GROUT: zebra_read_notifications: GR_EVENT_IP6_ROUTE_DEL
ZEBRA: GROUT: grout_route6_change: del fe80:2::/64 origin link nh_id 0 route_vrf 1 nh_vrf 1
ZEBRA: GROUT: grout_route_change: link route, skip
+ echo 'Teardown complete'
Teardown complete
+ echo 'BGP stress test completed successfully (20 iterations)'
BGP stress test completed successfully (20 iterations)
+ cleanup
+ status=0
+ set +e
+ pause_for_debug
+ '[' false = true ']'
+ '[' 0 -eq 0 ']'
+ return
+ sh -x /tmp/tmp.kCeOhDfbvG/cleanup
+ echo ================== CLEANUP ==================
================== CLEANUP ==================
+ grcli stats show software
ZEBRA: GROUT: grout_add_del_route: del 172.16.0.0/24 origin link nh_id 118 vrf 1
ZEBRA: GROUT: grout_add_del_route: non-frr origin, skip
ZEBRA: GROUT: grout_add_del_route: del 172.16.0.0/24 origin link nh_id 118 vrf 1
ZEBRA: GROUT: grout_add_del_route: non-frr origin, skip
ZEBRA: GROUT: grout_add_del_route: del 172.16.0.1/32 origin link nh_id 118 vrf 1
ZEBRA: GROUT: grout_add_del_route: non-frr origin, skip
ZEBRA: GROUT: grout_add_del_route: del 172.16.0.1/32 origin link nh_id 118 vrf 1
ZEBRA: GROUT: grout_add_del_route: non-frr origin, skip
ZEBRA: GROUT: grout_add_del_route: del fe80::/64 origin link nh_id 117 vrf 1
ZEBRA: GROUT: grout_add_del_route: non-frr origin, skip
ZEBRA: GROUT: grout_add_del_route: del fe80::/64 origin link nh_id 117 vrf 1
ZEBRA: GROUT: grout_add_del_route: non-frr origin, skip
DEBUG: API: accept_conn_cb: new connection fd=26 pid=401250
DEBUG: API: read_cb: pid=401250 id=1 req_type=0xcafe1981 (GR_HELLO) req_len=132 status=0 (Success) resp_len=2
DEBUG: API: read_cb: pid=401250 id=2 req_type=0xacdc000b (GR_STATS_GET) req_len=68 status=0 (Success) resp_len=8
DEBUG: API: disconnect_client: client pid=401250 disconnected
+ grcli trace show count 50
DEBUG: API: accept_conn_cb: new connection fd=26 pid=401251
DEBUG: API: read_cb: pid=401251 id=1 req_type=0xcafe1981 (GR_HELLO) req_len=132 status=0 (Success) resp_len=2
DEBUG: API: read_cb: pid=401251 id=2 req_type=0xacdc000f (GR_PACKET_TRACE_DUMP) req_len=2 status=0 (Success) resp_len=12189
--------- 17:34:42.651769497 cpu 0 ---------
(null): RX_L4_CKSUM_GOOD RX_IP_CKSUM_GOOD RX_OUTER_L4_CKSUM_UNKNOWN TX_L4_NO_CKSUM
iface_input: iface=[deleted] mode=VRF
eth_input: fe:78:40:7f:f0:3f > fa:2a:ff:46:d7:2c type=IP(0x0800)
ip_input: 172.16.0.2 > 172.16.0.1 ttl=255 proto=TCP(6)
ip_input_local:
l4_input_local: TCP(6) 179 > 41544 flags=SA
l4_loopback_output:
control_output:

--------- 17:34:42.651769497 cpu 0 ---------
control_input:
loopback_input:
ip_input: 172.16.0.1 > 172.16.0.2 ttl=255 proto=TCP(6)
ip_output: 172.16.0.1 > 172.16.0.2 ttl=255 proto=TCP(6)
eth_output: fa:2a:ff:46:d7:2c > fe:78:40:7f:f0:3f type=IP(0x0800)
iface_output: iface=[deleted]
port_output:
(null): RX_L4_CKSUM_UNKNOWN RX_IP_CKSUM_GOOD RX_OUTER_L4_CKSUM_UNKNOWN TX_L4_NO_CKSUM

--------- 17:34:42.651769497 cpu 0 ---------
control_input:
loopback_input:
ip_input: 172.16.0.1 > 172.16.0.2 ttl=255 proto=TCP(6)
ip_output: 172.16.0.1 > 172.16.0.2 ttl=255 proto=TCP(6)
eth_output: fa:2a:ff:46:d7:2c > fe:78:40:7f:f0:3f type=IP(0x0800)
iface_output: iface=[deleted]
port_output:
(null): RX_L4_CKSUM_UNKNOWN RX_IP_CKSUM_GOOD RX_OUTER_L4_CKSUM_UNKNOWN TX_L4_NO_CKSUM

--------- 17:34:42.652769501 cpu 0 ---------
(null): RX_L4_CKSUM_GOOD RX_IP_CKSUM_GOOD RX_OUTER_L4_CKSUM_UNKNOWN TX_L4_NO_CKSUM
iface_input: iface=[deleted] mode=VRF
eth_input: fe:78:40:7f:f0:3f > fa:2a:ff:46:d7:2c type=IP(0x0800)
ip_input: 172.16.0.2 > 172.16.0.1 ttl=255 proto=TCP(6)
ip_input_local:
l4_input_local: TCP(6) 179 > 41544 flags=PA
l4_loopback_output:
control_output:

--------- 17:34:42.652769501 cpu 0 ---------
(null): RX_L4_CKSUM_GOOD RX_IP_CKSUM_GOOD RX_OUTER_L4_CKSUM_UNKNOWN TX_L4_NO_CKSUM
iface_input: iface=[deleted] mode=VRF
eth_input: fe:78:40:7f:f0:3f > fa:2a:ff:46:d7:2c type=IP(0x0800)
ip_input: 172.16.0.2 > 172.16.0.1 ttl=255 proto=TCP(6)
ip_input_local:
l4_input_local: TCP(6) 179 > 41544 flags=A
l4_loopback_output:
control_output:

--------- 17:34:42.652769501 cpu 0 ---------
control_input:
loopback_input:
ip_input: 172.16.0.1 > 172.16.0.2 ttl=255 proto=TCP(6)
ip_output: 172.16.0.1 > 172.16.0.2 ttl=255 proto=TCP(6)
eth_output: fa:2a:ff:46:d7:2c > fe:78:40:7f:f0:3f type=IP(0x0800)
iface_output: iface=[deleted]
port_output:
(null): RX_L4_CKSUM_UNKNOWN RX_IP_CKSUM_GOOD RX_OUTER_L4_CKSUM_UNKNOWN TX_L4_NO_CKSUM

--------- 17:34:42.652769501 cpu 0 ---------
(null): RX_L4_CKSUM_GOOD RX_IP_CKSUM_GOOD RX_OUTER_L4_CKSUM_UNKNOWN TX_L4_NO_CKSUM
iface_input: iface=[deleted] mode=VRF
eth_input: fe:78:40:7f:f0:3f > fa:2a:ff:46:d7:2c type=IP(0x0800)
ip_input: 172.16.0.2 > 172.16.0.1 ttl=255 proto=TCP(6)
ip_input_local:
l4_input_local: TCP(6) 179 > 41544 flags=PA
l4_loopback_output:
control_output:

--------- 17:34:42.652769501 cpu 0 ---------
control_input:
loopback_input:
ip_input: 172.16.0.1 > 172.16.0.2 ttl=255 proto=TCP(6)
ip_output: 172.16.0.1 > 172.16.0.2 ttl=255 proto=TCP(6)
eth_output: fa:2a:ff:46:d7:2c > fe:78:40:7f:f0:3f type=IP(0x0800)
iface_output: iface=[deleted]
port_output:
(null): RX_L4_CKSUM_UNKNOWN RX_IP_CKSUM_GOOD RX_OUTER_L4_CKSUM_UNKNOWN TX_L4_NO_CKSUM

--------- 17:34:42.652769501 cpu 0 ---------
control_input:
loopback_input:
ip_input: 172.16.0.1 > 172.16.0.2 ttl=255 proto=TCP(6)
ip_output: 172.16.0.1 > 172.16.0.2 ttl=255 proto=TCP(6)
eth_output: fa:2a:ff:46:d7:2c > fe:78:40:7f:f0:3f type=IP(0x0800)
iface_output: iface=[deleted]
port_output:
(null): RX_L4_CKSUM_UNKNOWN RX_IP_CKSUM_GOOD RX_OUTER_L4_CKSUM_UNKNOWN TX_L4_NO_CKSUM

--------- 17:34:42.693769678 cpu 0 ---------
(null): RX_L4_CKSUM_GOOD RX_IP_CKSUM_GOOD RX_OUTER_L4_CKSUM_UNKNOWN TX_L4_NO_CKSUM
iface_input: iface=[deleted] mode=VRF
eth_input: fe:78:40:7f:f0:3f > fa:2a:ff:46:d7:2c type=IP(0x0800)
ip_input: 172.16.0.2 > 172.16.0.1 ttl=255 proto=TCP(6)
ip_input_local:
l4_input_local: TCP(6) 179 > 41544 flags=A
l4_loopback_output:
control_output:

--------- 17:34:42.726769820 cpu 0 ---------
(null): RX_L4_CKSUM_UNKNOWN RX_IP_CKSUM_UNKNOWN RX_OUTER_L4_CKSUM_UNKNOWN TX_L4_NO_CKSUM
iface_input: iface=[deleted] mode=VRF
eth_input: fa:2a:ff:46:d7:2c > 33:33:ff:46:d7:2c type=IPv6(0x86dd)
ip6_input: :: > ff02::1:ff46:d72c ttl=255 proto=ICMPv6(58)
ip6_input_local:
icmp6_input: neigh solicit who has fe80::f82a:ffff:fe46:d72c? / Option type=14 len=8(1)
ndp_ns_input: neigh solicit who has fe80::f82a:ffff:fe46:d72c? / Option type=14 len=8(1)
ndp_ns_input_drop: drop

--------- 17:34:43.703774026 cpu 0 ---------
control_input:
loopback_input:
ip_input: 172.16.0.1 > 172.16.0.2 ttl=255 proto=TCP(6)
ip_output: 172.16.0.1 > 172.16.0.2 ttl=255 proto=TCP(6)
eth_output: fa:2a:ff:46:d7:2c > fe:78:40:7f:f0:3f type=IP(0x0800)
iface_output: iface=[deleted]
port_output:
(null): RX_L4_CKSUM_UNKNOWN RX_IP_CKSUM_GOOD RX_OUTER_L4_CKSUM_UNKNOWN TX_L4_NO_CKSUM

--------- 17:34:43.703774026 cpu 0 ---------
(null): RX_L4_CKSUM_GOOD RX_IP_CKSUM_GOOD RX_OUTER_L4_CKSUM_UNKNOWN TX_L4_NO_CKSUM
iface_input: iface=[deleted] mode=VRF
eth_input: fe:78:40:7f:f0:3f > fa:2a:ff:46:d7:2c type=IP(0x0800)
ip_input: 172.16.0.2 > 172.16.0.1 ttl=255 proto=TCP(6)
ip_input_local:
l4_input_local: TCP(6) 179 > 41544 flags=A
l4_loopback_output:
control_output:

--------- 17:34:43.750774229 cpu 0 ---------
(null): RX_L4_CKSUM_UNKNOWN RX_IP_CKSUM_UNKNOWN RX_OUTER_L4_CKSUM_UNKNOWN TX_L4_NO_CKSUM
iface_input: iface=[deleted] mode=VRF
eth_input: fa:2a:ff:46:d7:2c > 33:33:00:00:00:16 type=IPv6(0x86dd)
ip6_input: fe80::f82a:ffff:fe46:d72c > ff02::16 ttl=1 proto=HOPOPT(0)
ip6_input_local:
icmp6_input: type=143 code=0
icmp6_input_unsupported: drop

--------- 17:34:43.750774229 cpu 0 ---------
(null): RX_L4_CKSUM_UNKNOWN RX_IP_CKSUM_UNKNOWN RX_OUTER_L4_CKSUM_UNKNOWN TX_L4_NO_CKSUM
iface_input: iface=[deleted] mode=VRF
eth_input: fa:2a:ff:46:d7:2c > 33:33:00:00:00:02 type=IPv6(0x86dd)
ip6_input: fe80::f82a:ffff:fe46:d72c > ff02::2 ttl=255 proto=ICMPv6(58)
ip6_input_local:
icmp6_input: router solicit / Option src_lladdr=fa:2a:ff:46:d7:2c
ndp_rs_input: type=0 code=0
control_output:

--------- 17:34:43.750774229 cpu 0 ---------
control_input:
ip6_output: fe80::f82a:ffff:fe46:d72c > ff02::1 ttl=255 proto=ICMPv6(58)
eth_output: fa:2a:ff:46:d7:2c > 33:33:00:00:00:01 type=IPv6(0x86dd)
iface_output: iface=[deleted]
port_output:
(null): RX_L4_CKSUM_UNKNOWN RX_IP_CKSUM_UNKNOWN RX_OUTER_L4_CKSUM_UNKNOWN TX_L4_NO_CKSUM

--------- 17:34:43.753774242 cpu 0 ---------
(null): RX_L4_CKSUM_GOOD RX_IP_CKSUM_GOOD RX_OUTER_L4_CKSUM_UNKNOWN TX_L4_NO_CKSUM
iface_input: iface=[deleted] mode=VRF
eth_input: fe:78:40:7f:f0:3f > fa:2a:ff:46:d7:2c type=IP(0x0800)
ip_input: 172.16.0.2 > 172.16.0.1 ttl=255 proto=TCP(6)
ip_input_local:
l4_input_local: TCP(6) 179 > 41544 flags=PA
l4_loopback_output:
control_output:

--------- 17:34:43.794774418 cpu 0 ---------
control_input:
loopback_input:
ip_input: 172.16.0.1 > 172.16.0.2 ttl=255 proto=TCP(6)
ip_output: 172.16.0.1 > 172.16.0.2 ttl=255 proto=TCP(6)
eth_output: fa:2a:ff:46:d7:2c > fe:78:40:7f:f0:3f type=IP(0x0800)
iface_output: iface=[deleted]
port_output:
(null): RX_L4_CKSUM_UNKNOWN RX_IP_CKSUM_GOOD RX_OUTER_L4_CKSUM_UNKNOWN TX_L4_NO_CKSUM

--------- 17:34:43.870774745 cpu 0 ---------
(null): RX_L4_CKSUM_UNKNOWN RX_IP_CKSUM_UNKNOWN RX_OUTER_L4_CKSUM_UNKNOWN TX_L4_NO_CKSUM
iface_input: iface=[deleted] mode=VRF
eth_input: fa:2a:ff:46:d7:2c > 33:33:00:00:00:16 type=IPv6(0x86dd)
ip6_input: fe80::f82a:ffff:fe46:d72c > ff02::16 ttl=1 proto=HOPOPT(0)
ip6_input_local:
icmp6_input: type=143 code=0
icmp6_input_unsupported: drop

--------- 17:34:44.810778793 cpu 0 ---------
control_input:
loopback_input:
ip_input: 172.16.0.1 > 172.16.0.2 ttl=255 proto=TCP(6)
ip_output: 172.16.0.1 > 172.16.0.2 ttl=255 proto=TCP(6)
eth_output: fa:2a:ff:46:d7:2c > fe:78:40:7f:f0:3f type=IP(0x0800)
iface_output: iface=[deleted]
port_output:
(null): RX_L4_CKSUM_UNKNOWN RX_IP_CKSUM_GOOD RX_OUTER_L4_CKSUM_UNKNOWN TX_L4_NO_CKSUM

--------- 17:34:44.812778801 cpu 0 ---------
(null): RX_L4_CKSUM_GOOD RX_IP_CKSUM_GOOD RX_OUTER_L4_CKSUM_UNKNOWN TX_L4_NO_CKSUM
iface_input: iface=[deleted] mode=VRF
eth_input: fe:78:40:7f:f0:3f > fa:2a:ff:46:d7:2c type=IP(0x0800)
ip_input: 172.16.0.2 > 172.16.0.1 ttl=255 proto=TCP(6)
ip_input_local:
l4_input_local: TCP(6) 179 > 41544 flags=FA
l4_loopback_output:
control_output:

--------- 17:34:44.812778801 cpu 0 ---------
control_input:
loopback_input:
ip_input: 172.16.0.1 > 172.16.0.2 ttl=255 proto=TCP(6)
ip_output: 172.16.0.1 > 172.16.0.2 ttl=255 proto=TCP(6)
eth_output: fa:2a:ff:46:d7:2c > fe:78:40:7f:f0:3f type=IP(0x0800)
iface_output: iface=[deleted]
port_output:
(null): RX_L4_CKSUM_UNKNOWN RX_IP_CKSUM_GOOD RX_OUTER_L4_CKSUM_UNKNOWN TX_L4_NO_CKSUM

--------- 17:34:45.106780067 cpu 0 ---------
(null): RX_L4_CKSUM_UNKNOWN RX_IP_CKSUM_UNKNOWN RX_OUTER_L4_CKSUM_UNKNOWN TX_L4_NO_CKSUM
iface_input: iface=[deleted] mode=VRF
eth_input: fa:2a:ff:46:d7:2c > 33:33:00:00:00:16 type=IPv6(0x86dd)
ip6_input: :: > ff02::16 ttl=1 proto=HOPOPT(0)
ip6_input_local:
icmp6_input: type=143 code=0
icmp6_input_unsupported: drop

--------- 17:34:45.438781497 cpu 0 ---------
control_input:
arp_output_request: announce 172.16.0.1 is at fa:2a:ff:46:d7:2c
eth_output: fa:2a:ff:46:d7:2c > ff:ff:ff:ff:ff:ff type=ARP(0x0806)
iface_output: iface=[deleted]
port_output:
(null): RX_L4_CKSUM_UNKNOWN RX_IP_CKSUM_UNKNOWN RX_OUTER_L4_CKSUM_UNKNOWN TX_L4_NO_CKSUM

--------- 17:34:45.438781497 cpu 0 ---------
control_input:
ndp_na_output: neigh advert fe80::f82a:ffff:fe46:d72c is at (solicited=0) / Option target_lladdr=fa:2a:ff:46:d7:2c
icmp6_output: neigh advert fe80::f82a:ffff:fe46:d72c is at (solicited=0) / Option target_lladdr=fa:2a:ff:46:d7:2c
ip6_output: fe80::f82a:ffff:fe46:d72c > ff02::1 ttl=255 proto=ICMPv6(58)
eth_output: fa:2a:ff:46:d7:2c > 33:33:00:00:00:01 type=IPv6(0x86dd)
iface_output: iface=[deleted]
port_output:
(null): RX_L4_CKSUM_UNKNOWN RX_IP_CKSUM_UNKNOWN RX_OUTER_L4_CKSUM_UNKNOWN TX_L4_NO_CKSUM

--------- 17:34:45.822783150 cpu 0 ---------
(null): RX_L4_CKSUM_GOOD RX_IP_CKSUM_GOOD RX_OUTER_L4_CKSUM_UNKNOWN TX_L4_NO_CKSUM
iface_input: iface=[deleted] mode=VRF
eth_input: fe:78:40:7f:f0:3f > fa:2a:ff:46:d7:2c type=IP(0x0800)
ip_input: 172.16.0.2 > 172.16.0.1 ttl=255 proto=TCP(6)
ip_input_local:
l4_input_local: TCP(6) 40234 > 179 flags=S
l4_loopback_output:
control_output:

--------- 17:34:45.822783150 cpu 0 ---------
control_input:
loopback_input:
ip_input: 172.16.0.1 > 172.16.0.2 ttl=255 proto=TCP(6)
ip_output: 172.16.0.1 > 172.16.0.2 ttl=255 proto=TCP(6)
ip_hold:
control_output:

--------- 17:34:45.822783150 cpu 0 ---------
control_input:
arp_output_request: request who has 172.16.0.2? tell 172.16.0.1
eth_output: fa:2a:ff:46:d7:2c > ff:ff:ff:ff:ff:ff type=ARP(0x0806)
iface_output: iface=[deleted]
port_output:
(null): RX_L4_CKSUM_UNKNOWN RX_IP_CKSUM_UNKNOWN RX_OUTER_L4_CKSUM_UNKNOWN TX_L4_NO_CKSUM

--------- 17:34:45.822783150 cpu 0 ---------
(null): RX_L4_CKSUM_UNKNOWN RX_IP_CKSUM_UNKNOWN RX_OUTER_L4_CKSUM_UNKNOWN TX_L4_NO_CKSUM
iface_input: iface=[deleted] mode=VRF
eth_input: fe:78:40:7f:f0:3f > fa:2a:ff:46:d7:2c type=ARP(0x0806)
arp_input: reply 172.16.0.2 is at fe:78:40:7f:f0:3f
arp_input_reply: reply 172.16.0.2 is at fe:78:40:7f:f0:3f
control_output:

--------- 17:34:45.822783150 cpu 0 ---------
control_input:
ip_output: 172.16.0.1 > 172.16.0.2 ttl=255 proto=TCP(6)
eth_output: fa:2a:ff:46:d7:2c > fe:78:40:7f:f0:3f type=IP(0x0800)
iface_output: iface=[deleted]
port_output:
(null): RX_L4_CKSUM_UNKNOWN RX_IP_CKSUM_GOOD RX_OUTER_L4_CKSUM_UNKNOWN TX_L4_NO_CKSUM

--------- 17:34:45.822783150 cpu 0 ---------
(null): RX_L4_CKSUM_GOOD RX_IP_CKSUM_GOOD RX_OUTER_L4_CKSUM_UNKNOWN TX_L4_NO_CKSUM
iface_input: iface=[deleted] mode=VRF
eth_input: fe:78:40:7f:f0:3f > fa:2a:ff:46:d7:2c type=IP(0x0800)
ip_input: 172.16.0.2 > 172.16.0.1 ttl=255 proto=TCP(6)
ip_input_local:
l4_input_local: TCP(6) 40234 > 179 flags=A
l4_loopback_output:
control_output:

--------- 17:34:45.822783150 cpu 0 ---------
control_input:
loopback_input:
ip_input: 172.16.0.1 > 172.16.0.2 ttl=255 proto=TCP(6)
ip_output: 172.16.0.1 > 172.16.0.2 ttl=255 proto=TCP(6)
eth_output: fa:2a:ff:46:d7:2c > fe:78:40:7f:f0:3f type=IP(0x0800)
iface_output: iface=[deleted]
port_output:
(null): RX_L4_CKSUM_UNKNOWN RX_IP_CKSUM_GOOD RX_OUTER_L4_CKSUM_UNKNOWN TX_L4_NO_CKSUM

DEBUG: API: read_cb: pid=401251 id=3 req_type=0xacdc000f (GR_PACKET_TRACE_DUMP) req_len=2 status=0 (Success) resp_len=6873
--------- 17:34:45.823783155 cpu 0 ---------
(null): RX_L4_CKSUM_GOOD RX_IP_CKSUM_GOOD RX_OUTER_L4_CKSUM_UNKNOWN TX_L4_NO_CKSUM
iface_input: iface=[deleted] mode=VRF
eth_input: fe:78:40:7f:f0:3f > fa:2a:ff:46:d7:2c type=IP(0x0800)
ip_input: 172.16.0.2 > 172.16.0.1 ttl=255 proto=TCP(6)
ip_input_local:
l4_input_local: TCP(6) 40234 > 179 flags=A
l4_loopback_output:
control_output:

--------- 17:34:45.823783155 cpu 0 ---------
control_input:
loopback_input:
ip_input: 172.16.0.1 > 172.16.0.2 ttl=64 proto=TCP(6)
ip_output: 172.16.0.1 > 172.16.0.2 ttl=64 proto=TCP(6)
eth_output: fa:2a:ff:46:d7:2c > fe:78:40:7f:f0:3f type=IP(0x0800)
iface_output: iface=[deleted]
port_output:
(null): RX_L4_CKSUM_UNKNOWN RX_IP_CKSUM_GOOD RX_OUTER_L4_CKSUM_UNKNOWN TX_L4_NO_CKSUM

--------- 17:34:45.823783155 cpu 0 ---------
(null): RX_L4_CKSUM_GOOD RX_IP_CKSUM_GOOD RX_OUTER_L4_CKSUM_UNKNOWN TX_L4_NO_CKSUM
iface_input: iface=[deleted] mode=VRF
eth_input: fe:78:40:7f:f0:3f > fa:2a:ff:46:d7:2c type=IP(0x0800)
ip_input: 172.16.0.2 > 172.16.0.1 ttl=255 proto=TCP(6)
ip_input_local:
l4_input_local: TCP(6) 40234 > 179 flags=FA
l4_loopback_output:
control_output:

--------- 17:34:45.823783155 cpu 0 ---------
control_input:
loopback_input:
ip_input: 172.16.0.1 > 172.16.0.2 ttl=64 proto=TCP(6)
ip_output: 172.16.0.1 > 172.16.0.2 ttl=64 proto=TCP(6)
eth_output: fa:2a:ff:46:d7:2c > fe:78:40:7f:f0:3f type=IP(0x0800)
iface_output: iface=[deleted]
port_output:
(null): RX_L4_CKSUM_UNKNOWN RX_IP_CKSUM_GOOD RX_OUTER_L4_CKSUM_UNKNOWN TX_L4_NO_CKSUM

--------- 17:34:45.823783155 cpu 0 ---------
control_input:
loopback_input:
ip_input: 172.16.0.1 > 172.16.0.2 ttl=64 proto=TCP(6)
ip_output: 172.16.0.1 > 172.16.0.2 ttl=64 proto=TCP(6)
eth_output: fa:2a:ff:46:d7:2c > fe:78:40:7f:f0:3f type=IP(0x0800)
iface_output: iface=[deleted]
port_output:
(null): RX_L4_CKSUM_UNKNOWN RX_IP_CKSUM_GOOD RX_OUTER_L4_CKSUM_UNKNOWN TX_L4_NO_CKSUM

--------- 17:34:45.926783598 cpu 0 ---------
(null): RX_L4_CKSUM_UNKNOWN RX_IP_CKSUM_UNKNOWN RX_OUTER_L4_CKSUM_UNKNOWN TX_L4_NO_CKSUM
iface_input: iface=[deleted] mode=VRF
eth_input: fa:2a:ff:46:d7:2c > 33:33:00:00:00:16 type=IPv6(0x86dd)
ip6_input: :: > ff02::16 ttl=1 proto=HOPOPT(0)
ip6_input_local:
icmp6_input: type=143 code=0
icmp6_input_unsupported: drop

--------- 17:34:46.057784162 cpu 0 ---------
control_input:
loopback_input:
ip_input: 172.16.0.1 > 172.16.0.2 ttl=255 proto=TCP(6)
ip_output: 172.16.0.1 > 172.16.0.2 ttl=255 proto=TCP(6)
eth_output: fa:2a:ff:46:d7:2c > fe:78:40:7f:f0:3f type=IP(0x0800)
iface_output: iface=[deleted]
port_output:
(null): RX_L4_CKSUM_UNKNOWN RX_IP_CKSUM_GOOD RX_OUTER_L4_CKSUM_UNKNOWN TX_L4_NO_CKSUM

--------- 17:34:46.057784162 cpu 0 ---------
(null): RX_L4_CKSUM_GOOD RX_IP_CKSUM_GOOD RX_OUTER_L4_CKSUM_UNKNOWN TX_L4_NO_CKSUM
iface_input: iface=[deleted] mode=VRF
eth_input: fe:78:40:7f:f0:3f > fa:2a:ff:46:d7:2c type=IP(0x0800)
ip_input: 172.16.0.2 > 172.16.0.1 ttl=255 proto=TCP(6)
ip_input_local:
l4_input_local: TCP(6) 179 > 48722 flags=SA
l4_loopback_output:
control_output:

--------- 17:34:46.057784162 cpu 0 ---------
control_input:
loopback_input:
ip_input: 172.16.0.1 > 172.16.0.2 ttl=255 proto=TCP(6)
ip_output: 172.16.0.1 > 172.16.0.2 ttl=255 proto=TCP(6)
eth_output: fa:2a:ff:46:d7:2c > fe:78:40:7f:f0:3f type=IP(0x0800)
iface_output: iface=[deleted]
port_output:
(null): RX_L4_CKSUM_UNKNOWN RX_IP_CKSUM_GOOD RX_OUTER_L4_CKSUM_UNKNOWN TX_L4_NO_CKSUM

--------- 17:34:46.057784162 cpu 0 ---------
control_input:
loopback_input:
ip_input: 172.16.0.1 > 172.16.0.2 ttl=255 proto=TCP(6)
ip_output: 172.16.0.1 > 172.16.0.2 ttl=255 proto=TCP(6)
eth_output: fa:2a:ff:46:d7:2c > fe:78:40:7f:f0:3f type=IP(0x0800)
iface_output: iface=[deleted]
port_output:
(null): RX_L4_CKSUM_UNKNOWN RX_IP_CKSUM_GOOD RX_OUTER_L4_CKSUM_UNKNOWN TX_L4_NO_CKSUM

--------- 17:34:46.057784162 cpu 0 ---------
(null): RX_L4_CKSUM_GOOD RX_IP_CKSUM_GOOD RX_OUTER_L4_CKSUM_UNKNOWN TX_L4_NO_CKSUM
iface_input: iface=[deleted] mode=VRF
eth_input: fe:78:40:7f:f0:3f > fa:2a:ff:46:d7:2c type=IP(0x0800)
ip_input: 172.16.0.2 > 172.16.0.1 ttl=255 proto=TCP(6)
ip_input_local:
l4_input_local: TCP(6) 179 > 48722 flags=A
l4_loopback_output:
control_output:

--------- 17:34:46.058784166 cpu 0 ---------
(null): RX_L4_CKSUM_GOOD RX_IP_CKSUM_GOOD RX_OUTER_L4_CKSUM_UNKNOWN TX_L4_NO_CKSUM
iface_input: iface=[deleted] mode=VRF
eth_input: fe:78:40:7f:f0:3f > fa:2a:ff:46:d7:2c type=IP(0x0800)
ip_input: 172.16.0.2 > 172.16.0.1 ttl=255 proto=TCP(6)
ip_input_local:
l4_input_local: TCP(6) 179 > 48722 flags=PA
l4_loopback_output:
control_output:

--------- 17:34:46.058784166 cpu 0 ---------
control_input:
loopback_input:
ip_input: 172.16.0.1 > 172.16.0.2 ttl=255 proto=TCP(6)
ip_output: 172.16.0.1 > 172.16.0.2 ttl=255 proto=TCP(6)
eth_output: fa:2a:ff:46:d7:2c > fe:78:40:7f:f0:3f type=IP(0x0800)
iface_output: iface=[deleted]
port_output:
(null): RX_L4_CKSUM_UNKNOWN RX_IP_CKSUM_GOOD RX_OUTER_L4_CKSUM_UNKNOWN TX_L4_NO_CKSUM

--------- 17:34:46.058784166 cpu 0 ---------
(null): RX_L4_CKSUM_GOOD RX_IP_CKSUM_GOOD RX_OUTER_L4_CKSUM_UNKNOWN TX_L4_NO_CKSUM
iface_input: iface=[deleted] mode=VRF
eth_input: fe:78:40:7f:f0:3f > fa:2a:ff:46:d7:2c type=IP(0x0800)
ip_input: 172.16.0.2 > 172.16.0.1 ttl=255 proto=TCP(6)
ip_input_local:
l4_input_local: TCP(6) 179 > 48722 flags=PA
l4_loopback_output:
control_output:

--------- 17:34:46.058784166 cpu 0 ---------
control_input:
loopback_input:
ip_input: 172.16.0.1 > 172.16.0.2 ttl=255 proto=TCP(6)
ip_output: 172.16.0.1 > 172.16.0.2 ttl=255 proto=TCP(6)
eth_output: fa:2a:ff:46:d7:2c > fe:78:40:7f:f0:3f type=IP(0x0800)
iface_output: iface=[deleted]
port_output:
(null): RX_L4_CKSUM_UNKNOWN RX_IP_CKSUM_GOOD RX_OUTER_L4_CKSUM_UNKNOWN TX_L4_NO_CKSUM

--------- 17:34:46.099784343 cpu 0 ---------
control_input:
loopback_input:
ip_input: 172.16.0.1 > 172.16.0.2 ttl=255 proto=TCP(6)
ip_output: 172.16.0.1 > 172.16.0.2 ttl=255 proto=TCP(6)
eth_output: fa:2a:ff:46:d7:2c > fe:78:40:7f:f0:3f type=IP(0x0800)
iface_output: iface=[deleted]
port_output:
(null): RX_L4_CKSUM_UNKNOWN RX_IP_CKSUM_GOOD RX_OUTER_L4_CKSUM_UNKNOWN TX_L4_NO_CKSUM

--------- 17:34:46.099784343 cpu 0 ---------
(null): RX_L4_CKSUM_GOOD RX_IP_CKSUM_GOOD RX_OUTER_L4_CKSUM_UNKNOWN TX_L4_NO_CKSUM
iface_input: iface=[deleted] mode=VRF
eth_input: fe:78:40:7f:f0:3f > fa:2a:ff:46:d7:2c type=IP(0x0800)
ip_input: 172.16.0.2 > 172.16.0.1 ttl=255 proto=TCP(6)
ip_input_local:
l4_input_local: TCP(6) 179 > 48722 flags=A
l4_loopback_output:
control_output:

--------- 17:34:47.109788692 cpu 0 ---------
control_input:
loopback_input:
ip_input: 172.16.0.1 > 172.16.0.2 ttl=255 proto=TCP(6)
ip_output: 172.16.0.1 > 172.16.0.2 ttl=255 proto=TCP(6)
eth_output: fa:2a:ff:46:d7:2c > fe:78:40:7f:f0:3f type=IP(0x0800)
iface_output: iface=[deleted]
port_output:
(null): RX_L4_CKSUM_UNKNOWN RX_IP_CKSUM_GOOD RX_OUTER_L4_CKSUM_UNKNOWN TX_L4_NO_CKSUM

DEBUG: API: disconnect_client: client pid=401251 disconnected
+ frrinit.sh stop
Stopped watchfrr
OSPF6: [SKCG8-9JAK7] Terminating on signal SIGINT
OSPF: [W9T04-QWK6B] Terminating on signal
BGP: [ZW1GY-R46JE] Terminating on signal
ZEBRA: [X55T4-ZADN1][EC 4043309149] Client 62 'ospf6' (session id 0) encountered an error and is shutting down.
ZEBRA: [X55T4-ZADN1][EC 4043309149] Client 56 'ospf' (session id 0) encountered an error and is shutting down.
ISIS: [ZW9EW-V8QX8] Terminating on signal SIGINT
ZEBRA: [XVBTQ-5QTVQ] Terminating on signal
MGMTD: [VD0EC-3NZGB] BE-adapter: mgmt_msg_read: got EOF/disconnect on fd 26
MGMTD: [J2RAS-MZ95C] Terminating on signal
STATIC: [MRN6F-AYZC4] Terminating on signal
ZEBRA: [X55T4-ZADN1][EC 4043309149] Client 74 'static' (session id 0) encountered an error and is shutting down.
ZEBRA: [X55T4-ZADN1][EC 4043309149] Client 48 'vnc' (session id 0) encountered an error and is shutting down.
ZEBRA: [X55T4-ZADN1][EC 4043309149] Client 44 'bgp' (session id 0) encountered an error and is shutting down.
ZEBRA: [X55T4-ZADN1][EC 4043309149] Client 81 'bgp' (session id 1) encountered an error and is shutting down.
ZEBRA: [X55T4-ZADN1][EC 4043309149] Client 68 'isis' (session id 0) encountered an error and is shutting down.
ZEBRA: [X55T4-ZADN1][EC 4043309149] Client 24 'bfd' (session id 0) encountered an error and is shutting down.
ZEBRA: [YDZ55-W3VM6] release_daemon_table_chunks: Released 0 table chunks
ZEBRA: [JPSA8-5KYEA] client 24 disconnected 0 bfd routes removed from the rib
ZEBRA: [S929C-NZR3N] client 24 disconnected 0 bfd nhgs removed from the rib
ZEBRA: [YDZ55-W3VM6] release_daemon_table_chunks: Released 0 table chunks
ZEBRA: [JPSA8-5KYEA] client 44 disconnected 0 bgp routes removed from the rib
ZEBRA: [S929C-NZR3N] client 44 disconnected 0 bgp nhgs removed from the rib
ZEBRA: [YDZ55-W3VM6] release_daemon_table_chunks: Released 0 table chunks
ZEBRA: [JPSA8-5KYEA] client 48 disconnected 0 vnc routes removed from the rib
ZEBRA: [S929C-NZR3N] client 48 disconnected 0 vnc nhgs removed from the rib
ZEBRA: [YDZ55-W3VM6] release_daemon_table_chunks: Released 0 table chunks
ZEBRA: [JPSA8-5KYEA] client 56 disconnected 0 ospf routes removed from the rib
ZEBRA: [S929C-NZR3N] client 56 disconnected 0 ospf nhgs removed from the rib
ZEBRA: [YDZ55-W3VM6] release_daemon_table_chunks: Released 0 table chunks
ZEBRA: [JPSA8-5KYEA] client 62 disconnected 0 ospf6 routes removed from the rib
ZEBRA: [S929C-NZR3N] client 62 disconnected 0 ospf6 nhgs removed from the rib
ZEBRA: [YDZ55-W3VM6] release_daemon_table_chunks: Released 0 table chunks
ZEBRA: [JPSA8-5KYEA] client 68 disconnected 0 isis routes removed from the rib
ZEBRA: [S929C-NZR3N] client 68 disconnected 0 isis nhgs removed from the rib
ZEBRA: [YDZ55-W3VM6] release_daemon_table_chunks: Released 0 table chunks
ZEBRA: [M6GBJ-2NV1J][EC 4043309121] /home/apanatto/dev/github.com/DPDK/grout/subprojects/frr-frr-10.6.1/zebra/zebra_ptm.c:1282 failed to find process pid registration
ZEBRA: [JPSA8-5KYEA] client 74 disconnected 0 static routes removed from the rib
ZEBRA: [S929C-NZR3N] client 74 disconnected 0 static nhgs removed from the rib
ZEBRA: [YDZ55-W3VM6] release_daemon_table_chunks: Released 0 table chunks
ZEBRA: [M6GBJ-2NV1J][EC 4043309121] /home/apanatto/dev/github.com/DPDK/grout/subprojects/frr-frr-10.6.1/zebra/zebra_ptm.c:1282 failed to find process pid registration
ZEBRA: [JPSA8-5KYEA] client 81 disconnected 0 bgp routes removed from the rib
ZEBRA: [S929C-NZR3N] client 81 disconnected 0 bgp nhgs removed from the rib
DEBUG: API: disconnect_client: client pid=397682 disconnected
DEBUG: API: disconnect_client: client pid=397682 disconnected
DEBUG: API: disconnect_client: client pid=397682 disconnected
DEBUG: API: disconnect_client: client pid=397682 disconnected
ZEBRA: [QS0NJ-H5QKJ] Zebra final shutdown
zebra: showing active allocations in memory group libfrr
zebra: memstats:  Typed-hash bucket             :      2 * (variably sized)
zebra: showing active allocations in memory group Grout plugin memory
zebra: memstats:  Grout plugin memory           :      1 *         40
Stopped ospf6d
Stopped bgpd
Stopped isisd
Stopped mgmtd
Stopped staticd
Stopped bfdd
Stopped zebra
Stopped ospfd
+ pkill -P 397657
+ frrinit.sh stop bgp-peer
Terminated                 tail -F "$frr_log" | sed -u -E "$sed_expr"
Stopped watchfrr
[bgp-peer] OSPF: [W9T04-QWK6B] Terminating on signal
[bgp-peer] BGP: [ZW1GY-R46JE] Terminating on signal
[bgp-peer] ISIS: [ZW9EW-V8QX8] Terminating on signal SIGINT
[bgp-peer] ZEBRA: [X55T4-ZADN1][EC 4043309149] Client 69 'isis' (session id 0) encountered an error and is shutting down.
[bgp-peer] OSPF6: [SKCG8-9JAK7] Terminating on signal SIGINT
[bgp-peer] ZEBRA: [X55T4-ZADN1][EC 4043309149] Client 63 'ospf6' (session id 0) encountered an error and is shutting down.
[bgp-peer] MGMTD: [J2RAS-MZ95C] Terminating on signal
[bgp-peer] ZEBRA: [YDZ55-W3VM6] release_daemon_table_chunks: Released 0 table chunks
[bgp-peer] ZEBRA: [JPSA8-5KYEA] client 69 disconnected 0 isis routes removed from the rib
[bgp-peer] ZEBRA: [S929C-NZR3N] client 69 disconnected 0 isis nhgs removed from the rib
[bgp-peer] ZEBRA: [X55T4-ZADN1][EC 4043309149] Client 39 'bfd' (session id 0) encountered an error and is shutting down.
[bgp-peer] STATIC: [MRN6F-AYZC4] Terminating on signal
[bgp-peer] ZEBRA: [GE156-FS0MJ][EC 100663299] stream_read_try: read failed on fd 45: Connection reset by peer
[bgp-peer] ZEBRA: [GE156-FS0MJ][EC 100663299] stream_read_try: read failed on fd 75: Connection reset by peer
[bgp-peer] ZEBRA: [X55T4-ZADN1][EC 4043309149] Client 45 'bgp' (session id 0) encountered an error and is shutting down.
[bgp-peer] ZEBRA: [X55T4-ZADN1][EC 4043309149] Client 75 'static' (session id 0) encountered an error and is shutting down.
[bgp-peer] ZEBRA: [GE156-FS0MJ][EC 100663299] stream_read_try: read failed on fd 49: Connection reset by peer
[bgp-peer] ZEBRA: [X55T4-ZADN1][EC 4043309149] Client 49 'vnc' (session id 0) encountered an error and is shutting down.
[bgp-peer] ZEBRA: [YDZ55-W3VM6] release_daemon_table_chunks: Released 0 table chunks
[bgp-peer] ZEBRA: [JPSA8-5KYEA] client 63 disconnected 0 ospf6 routes removed from the rib
[bgp-peer] ZEBRA: [S929C-NZR3N] client 63 disconnected 0 ospf6 nhgs removed from the rib
[bgp-peer] ZEBRA: [XVBTQ-5QTVQ] Terminating on signal
[bgp-peer] ZEBRA: [GE156-FS0MJ][EC 100663299] stream_read_try: read failed on fd 82: Connection reset by peer
[bgp-peer] ZEBRA: [X55T4-ZADN1][EC 4043309149] Client 82 'bgp' (session id 1) encountered an error and is shutting down.
[bgp-peer] ZEBRA: [YDZ55-W3VM6] release_daemon_table_chunks: Released 0 table chunks
[bgp-peer] ZEBRA: [JPSA8-5KYEA] client 39 disconnected 0 bfd routes removed from the rib
[bgp-peer] ZEBRA: [S929C-NZR3N] client 39 disconnected 0 bfd nhgs removed from the rib
[bgp-peer] ZEBRA: [YDZ55-W3VM6] release_daemon_table_chunks: Released 0 table chunks
[bgp-peer] ZEBRA: [JPSA8-5KYEA] client 45 disconnected 0 bgp routes removed from the rib
[bgp-peer] ZEBRA: [S929C-NZR3N] client 45 disconnected 0 bgp nhgs removed from the rib
[bgp-peer] ZEBRA: [YDZ55-W3VM6] release_daemon_table_chunks: Released 0 table chunks
[bgp-peer] ZEBRA: [JPSA8-5KYEA] client 49 disconnected 0 vnc routes removed from the rib
[bgp-peer] ZEBRA: [S929C-NZR3N] client 49 disconnected 0 vnc nhgs removed from the rib
[bgp-peer] ZEBRA: [X55T4-ZADN1][EC 4043309149] Client 57 'ospf' (session id 0) encountered an error and is shutting down.
[bgp-peer] ZEBRA: [YDZ55-W3VM6] release_daemon_table_chunks: Released 0 table chunks
[bgp-peer] ZEBRA: [JPSA8-5KYEA] client 57 disconnected 0 ospf routes removed from the rib
[bgp-peer] ZEBRA: [S929C-NZR3N] client 57 disconnected 0 ospf nhgs removed from the rib
[bgp-peer] ZEBRA: [YDZ55-W3VM6] release_daemon_table_chunks: Released 0 table chunks
[bgp-peer] ZEBRA: [M6GBJ-2NV1J][EC 4043309121] /home/apanatto/dev/github.com/DPDK/grout/subprojects/frr-frr-10.6.1/zebra/zebra_ptm.c:1282 failed to find process pid registration
[bgp-peer] ZEBRA: [JPSA8-5KYEA] client 75 disconnected 0 static routes removed from the rib
[bgp-peer] ZEBRA: [S929C-NZR3N] client 75 disconnected 0 static nhgs removed from the rib
[bgp-peer] ZEBRA: [YDZ55-W3VM6] release_daemon_table_chunks: Released 0 table chunks
[bgp-peer] ZEBRA: [M6GBJ-2NV1J][EC 4043309121] /home/apanatto/dev/github.com/DPDK/grout/subprojects/frr-frr-10.6.1/zebra/zebra_ptm.c:1282 failed to find process pid registration
[bgp-peer] ZEBRA: [JPSA8-5KYEA] client 82 disconnected 0 bgp routes removed from the rib
[bgp-peer] ZEBRA: [S929C-NZR3N] client 82 disconnected 0 bgp nhgs removed from the rib
[bgp-peer] ZEBRA: [QS0NJ-H5QKJ] Zebra final shutdown
Stopped staticd
Stopped ospfd
Stopped ospf6d
Stopped isisd
Stopped mgmtd
Stopped bfdd
Stopped zebra
Stopped bgpd
+ pkill -P 397749
Terminated                 tail -F "$frr_log" | sed -u -E "$sed_expr"
+ ip netns pids bgp-peer
+ xargs -r kill -TERM
+ sleep 0.5
DEBUG: MEMPOOL: pending_free_cb: deferred free mempool mbuf_0:0 after 633 ms
+ ip netns pids bgp-peer
+ xargs -r kill -KILL
+ ip netns del bgp-peer
+ socat FILE:/dev/null UNIX-CONNECT:/tmp/tmp.kCeOhDfbvG/grout.sock
DEBUG: API: accept_conn_cb: new connection fd=22 pid=401364
DEBUG: API: disconnect_client: client pid=401364 disconnected
+ grcli -j
+ for type in vlan port bond vxlan ipip bridge vrf
+ echo interface show type vlan
+ for type in vlan port bond vxlan ipip bridge vrf
+ jq '.[].name'
+ echo interface show type port
+ for type in vlan port bond vxlan ipip bridge vrf
+ echo interface show type bond
+ for type in vlan port bond vxlan ipip bridge vrf
+ echo interface show type vxlan
+ for type in vlan port bond vxlan ipip bridge vrf
+ echo interface show type ipip
+ for type in vlan port bond vxlan ipip bridge vrf
+ echo interface show type bridge
+ for type in vlan port bond vxlan ipip bridge vrf
+ echo interface show type vrf
+ grcli -x
+ sed 's/^/interface del /'
DEBUG: API: accept_conn_cb: new connection fd=22 pid=401366
DEBUG: API: accept_conn_cb: new connection fd=23 pid=401369
DEBUG: API: read_cb: pid=401366 id=1 req_type=0xcafe1981 (GR_HELLO) req_len=132 status=0 (Success) resp_len=2
DEBUG: API: read_cb: pid=401369 id=1 req_type=0xcafe1981 (GR_HELLO) req_len=132 status=0 (Success) resp_len=2
DEBUG: API: read_cb: pid=401366 id=2 req_type=0xacdc0004 (GR_IFACE_LIST) req_len=1 status=0 (Success) resp_len=0
DEBUG: API: read_cb: pid=401366 id=3 req_type=0xacdc0004 (GR_IFACE_LIST) req_len=1 status=0 (Success) resp_len=0
DEBUG: API: read_cb: pid=401366 id=4 req_type=0xacdc0004 (GR_IFACE_LIST) req_len=1 status=0 (Success) resp_len=0
DEBUG: API: read_cb: pid=401366 id=5 req_type=0xacdc0004 (GR_IFACE_LIST) req_len=1 status=0 (Success) resp_len=0
DEBUG: API: read_cb: pid=401366 id=6 req_type=0xacdc0004 (GR_IFACE_LIST) req_len=1 status=0 (Success) resp_len=0
DEBUG: API: read_cb: pid=401366 id=7 req_type=0xacdc0004 (GR_IFACE_LIST) req_len=1 status=0 (Success) resp_len=0
DEBUG: API: api_send: pid=401366 for_id=8 len=316
DEBUG: API: read_cb: pid=401366 id=8 req_type=0xacdc0004 (GR_IFACE_LIST) req_len=1 status=0 (Success) resp_len=0
DEBUG: API: read_cb: pid=401366 id=9 req_type=0xacdc0003 (GR_IFACE_GET) req_len=18 status=0 (Success) resp_len=316
DEBUG: API: disconnect_client: client pid=401366 disconnected
DEBUG: API: api_send: pid=401369 for_id=2 len=316
DEBUG: API: read_cb: pid=401369 id=2 req_type=0xacdc0004 (GR_IFACE_LIST) req_len=1 status=0 (Success) resp_len=0
+ interface del main
DEBUG: API: read_cb: pid=401369 id=3 req_type=0xacdc0003 (GR_IFACE_GET) req_len=18 status=0 (Success) resp_len=316
DEBUG: IFACE: iface_event: iface event [0xacdc1003] PRE_REMOVE triggered for iface main.
DEBUG: IFACE: iface_event: iface event [0xacdc1007] STATUS_DOWN triggered for iface main.
DEBUG: IFACE: iface_event: iface event [0xacdc1004] REMOVE triggered for iface main.
INFO: ROUTE: fib4_fini: destroying IPv4 FIB for VRF main(1)
INFO: ROUTE: fib6_fini: destroying IPv6 FIB for VRF main(1)
DEBUG: MEMPOOL: gr_pktmbuf_pool_release: release mempool mbuf_-1:0 reserved 256 -> 0 (size 2047)
DEBUG: MEMPOOL: gr_pktmbuf_pool_release: schedule mempool mbuf_-1:0 for deferred free
DEBUG: API: read_cb: pid=401369 id=4 req_type=0xacdc0002 (GR_IFACE_DEL) req_len=2 status=0 (Success) resp_len=0
> iface pre del: main type=vrf id=1 mtu=1500
> iface down: main type=vrf id=1 mtu=1500
DEBUG: API: disconnect_client: client pid=401369 disconnected
> iface del: main type=vrf id=1 mtu=1500
+ '[' -s /tmp/tmp.kCeOhDfbvG/restore_interfaces ']'
+ stop_grout
+ set +x
Terminating 'grcli' (PID 397638) ...
DEBUG: API: read_cb: pid=397638 id=3 req_type=0xcafe1986 (GR_EVENT_UNSUBSCRIBE) req_len=0 status=0 (Success) resp_len=0
DEBUG: API: disconnect_client: client pid=397638 disconnected
Terminating 'grout:main' (PID 397622) ...
NOTICE: MAIN: signal_cb: received signal SIGTERM
DEBUG: MAIN: modules_fini: 'dhcp' (depends on 'graph,ip_address,iface')
DEBUG: MAIN: modules_fini: 'iface' (depends on '*_route,control_queue,mempool')
DEBUG: MAIN: modules_fini: 'l3_nexthop' (depends on 'nexthop')
DEBUG: MAIN: modules_fini: 'ip_route' (depends on 'nexthop')
DEBUG: MAIN: modules_fini: 'ip6_route' (depends on 'nexthop')
DEBUG: MAIN: modules_fini: 'srv6_local' (depends on 'nexthop')
DEBUG: MAIN: modules_fini: 'nexthop' (depends on 'rcu,control_queue')
DEBUG: MAIN: modules_fini: 'worker' (depends on 'control_queue')
NOTICE: GRAPH: gr_datapath_loop: [CPU 6] shutting down tid=397627
INFO: WORKER: worker_destroy: worker 6 destroyed
DEBUG: MAIN: modules_fini: 'control_queue' (depends on '')
DEBUG: MAIN: modules_fini: 'event' (depends on '')
DEBUG: MAIN: modules_fini: 'unix' (depends on '')
DEBUG: MAIN: modules_fini: 'ip6_router_advert' (depends on 'graph')
DEBUG: MAIN: modules_fini: 'graph' (depends on 'mempool')
DEBUG: MAIN: modules_fini: 'lacp' (depends on '')
DEBUG: MAIN: modules_fini: 'mempool' (depends on '')
DEBUG: MEMPOOL: mempool_fini: freeing pending mempool mbuf_-1:0
DEBUG: MAIN: modules_fini: 'netlink' (depends on '')
DEBUG: MAIN: modules_fini: 'iface_port' (depends on '')
DEBUG: MAIN: modules_fini: 'vlan' (depends on 'rcu')
DEBUG: MAIN: modules_fini: 'ipip' (depends on 'rcu')
DEBUG: MAIN: modules_fini: 'fdb' (depends on 'rcu')
DEBUG: MAIN: modules_fini: 'vxlan' (depends on 'rcu')
DEBUG: MAIN: modules_fini: 'conntrack' (depends on 'rcu')
DEBUG: MAIN: modules_fini: 'rcu' (depends on '')
DEBUG: MAIN: modules_fini: 'trace' (depends on '')
DEBUG: MAIN: modules_fini: 'ip_address' (depends on '')
DEBUG: MAIN: modules_fini: 'icmp' (depends on '')
DEBUG: MAIN: modules_fini: 'ip6_address' (depends on '')
DEBUG: MAIN: modules_fini: 'icmp6' (depends on '')
DEBUG: MAIN: modules_fini: 'snat44_static' (depends on '')
+ rm -rf -- /tmp/tmp.kCeOhDfbvG
+ exit 0
